title,datePosted,Year,is_IT,tech_python,tech_sql___databases,tech_java___.net,tech_cloud_(aws_azure_gcp),tech_machine_learning___ai,tech_cybersecurity,tech_devops___docker,tech_networking,tech_agile___scrum,tech_data_engineering,soft_teamwork,soft_client_facing,soft_communication,soft_adaptability,soft_critical_thinking,soft_leadership,soft_time_management,soft_attention_to_detail,soft_problem_solving,soft_creativity
VIGILANTE DE SEGURIDAD,2024-04-12,2024,0,0,0,0,0,0,0,0,0,0,0,0,0,0,0,0,0,0,0,0,0
LIMPIADOR/A,2024-04-12,2024,0,0,0,0,0,0,0,0,0,0,0,0,0,0,0,0,0,0,0,0,0
PEON,2024-04-12,2024,0,0,0,0,0,0,0,0,0,0,0,0,0,0,0,0,0,0,0,0,0
MONITORES-COLONIAS ABIERTAS 2024 VERANO,2024-04-12,2024,0,0,0,0,0,0,0,0,0,0,0,0,0,0,0,0,0,0,0,0,0
PEÓN,2024-04-12,2024,0,0,0,0,0,0,0,0,0,0,0,0,0,0,0,0,0,0,0,0,0
MECATRONICO - MANTENIMIENTO INDUSTRIAL EMPRESA DE ARRASATE,2024-04-12,2024,0,0,0,0,0,0,0,0,0,0,0,0,0,0,0,0,0,0,0,0,0
GUÍA TURÍSTICO,2024-04-12,2024,0,0,0,0,0,0,0,0,0,0,0,0,0,0,0,0,0,0,0,0,0
ADMINISTRATIVO/A IMPORTACIÓN,2024-04-12,2024,0,0,0,0,0,0,0,0,0,0,0,0,0,0,0,1,0,0,0,0,0
LIMPIADOR/A,2024-04-12,2024,0,0,0,0,0,0,0,0,0,0,0,0,0,0,0,0,0,0,0,0,0
DEPENDIENTES/AS HELADERÍA,2024-04-12,2024,0,0,0,0,0,0,0,0,0,0,0,0,0,0,0,0,0,0,0,0,0
LCIENCIADO / GRADO EN MEDICINA GENERAL,2024-04-12,2024,0,0,0,0,0,0,0,0,0,0,0,0,0,0,0,0,0,0,0,0,0
CANTERO/CANTERA,2024-04-12,2024,0,0,0,0,0,0,0,0,0,0,0,0,0,0,0,0,0,0,0,0,0
"ASISTENTE DOMICILIARIO, RÉGIMEN INTERNO.",2024-04-12,2024,0,0,0,0,0,0,0,0,0,0,0,0,0,0,0,0,0,0,0,0,0
PROFESOR/PROFESORA DE EUSKALTEGI,2024-04-12,2024,0,0,0,0,0,0,0,0,0,0,0,0,0,0,0,0,0,0,0,0,0
AUXILIAR FLORISTA/DEPENDIENTE-A,2024-04-12,2024,0,0,0,0,0,0,0,0,0,0,0,0,0,0,0,0,0,0,0,0,0
CHOFER,2024-04-12,2024,0,0,0,0,0,0,0,0,0,0,0,0,0,0,0,0,0,0,0,0,0
DINAMIZADOR DE GAZTEGUNE,2024-04-12,2024,0,0,0,0,0,0,0,0,0,0,0,0,0,0,0,0,0,0,0,0,0
PERSONAL DE LIMPIEZA,2024-04-12,2024,0,0,0,0,0,0,0,0,0,0,0,0,0,0,0,0,0,0,0,0,0
AYUDANTE DE PEÓN DE LA CONSTRUCCIÓN,2024-04-12,2024,0,0,0,0,0,0,0,0,0,0,0,0,0,0,0,0,0,0,0,0,0
PERSONAL DE LIMPIEZA DE OFICINAS,2024-04-12,2024,1,0,0,0,0,0,0,0,0,0,0,0,0,0,0,0,0,0,0,0,0
ELECTRICISTA,2024-04-12,2024,0,0,0,0,0,0,0,0,0,0,0,0,0,0,0,0,0,0,0,0,0
MONTADOR DE ESTRUCTURAS PORTATILES LIJERAS,2024-04-12,2024,0,0,0,0,0,0,0,0,0,0,0,1,0,0,0,0,0,0,0,0,0
ELECTROMECÁNICO,2024-04-12,2024,0,0,0,0,0,0,0,0,0,0,0,0,0,0,0,0,0,0,0,0,0
CARNICERO OFICIAL DE PRIMERA,2024-04-12,2024,0,0,0,0,0,0,0,0,0,0,0,0,0,0,0,0,0,0,0,0,0
REPARTIDOR/A,2024-04-12,2024,0,0,0,0,0,0,0,0,0,0,0,0,0,0,0,0,0,0,0,0,0
DEPENDIENTE/A,2024-04-12,2024,0,0,0,0,0,0,0,0,0,0,0,0,0,0,0,0,0,0,0,0,0
PERSONAL TÉCNICO CONTROL DE PLAGAS,2024-04-12,2024,0,0,0,0,0,0,0,0,0,0,0,0,0,0,0,0,0,0,0,0,0
ELECTRICISTA,2024-04-12,2024,0,0,0,0,0,0,0,0,0,0,0,0,0,0,0,0,0,0,0,0,0
PEÓN,2024-04-12,2024,0,0,0,0,0,0,0,0,0,0,0,0,0,0,1,0,0,0,0,0,0
PEÓN CONDUCTOR LIMPIEZA VIARIA,2024-04-12,2024,0,0,0,0,0,0,0,0,0,0,0,0,0,0,0,0,0,0,0,0,0
AYUDANTE DE COCINA,2024-04-12,2024,0,0,0,0,0,0,0,0,0,0,0,0,0,0,0,0,0,0,0,0,0
TÉCNICO/A DE OBRAS Y SERVICIOS,2024-04-12,2024,0,0,0,0,0,0,0,0,0,0,0,0,0,0,0,0,0,0,0,0,0
OPERARIO/A DE CARGA,2024-04-12,2024,0,0,0,0,0,0,0,0,0,0,0,0,0,0,1,0,0,0,0,1,0
FUNERARIA/O,2024-04-12,2024,0,0,0,0,0,0,0,0,0,0,0,0,0,0,0,0,0,0,0,0,0
AYUDANTE CAMARERO/A,2024-04-12,2024,0,0,0,0,0,0,0,0,0,0,0,0,0,0,0,0,0,0,0,0,0
AUXILIAR ADMINISTRATIVO,2024-04-12,2024,0,0,0,0,0,0,0,0,0,0,0,0,0,0,0,0,0,0,0,0,0
COCINERA O COCINERO,2024-04-12,2024,0,0,0,0,0,0,0,0,0,0,0,0,0,0,0,0,0,0,0,0,0
AYUDANTE DEPENDIENTE/A CON DISCAPACIDAD,2024-04-12,2024,0,0,0,0,0,0,0,0,0,0,0,1,1,0,0,0,0,0,0,0,0
LIMPIADOR/A,2024-04-12,2024,0,0,0,0,0,0,0,0,0,0,0,0,0,0,0,0,0,0,0,0,0
TECNICO-A EUSKERA,2024-04-12,2024,0,0,0,0,0,0,0,0,0,0,0,0,0,0,0,0,0,0,0,0,0
REPARTIDOR/A,2024-04-12,2024,0,0,0,0,0,0,0,0,0,0,0,0,1,0,0,0,0,0,0,0,0
ALMACENERO/A,2024-04-12,2024,0,0,0,0,0,0,0,0,0,0,0,0,0,0,0,0,0,0,0,0,0
ASISTENTE DOMICILIARIO (REGIMEN INTERNO),2024-04-12,2024,0,0,0,0,0,0,0,0,0,0,0,0,0,0,0,0,0,0,0,0,0
ARCHIVERO/A,2024-04-12,2024,0,0,0,0,0,0,0,0,0,0,0,0,0,0,0,0,0,0,0,0,0
TECNIC@ SUPERIOR EN ORGANIZACIÓN Y ADMINISTRACIÓN DE EMPRESAS,2024-04-12,2024,0,0,0,0,0,0,0,0,0,0,0,0,0,0,0,0,0,0,0,0,0
ENVASADOR/A,2024-04-12,2024,0,0,0,0,0,0,0,0,0,0,0,0,0,0,0,0,0,0,0,0,0
FONTANERO/A - SOLDADOR/A,2024-04-12,2024,0,0,0,0,0,0,0,0,0,0,0,0,0,0,0,0,0,0,0,0,0
LIMPIADOR/A,2024-04-12,2024,0,0,0,0,0,0,0,0,0,0,0,0,0,0,0,0,0,0,0,0,0
TEC. CONTABLE,2024-04-12,2024,0,0,0,0,0,0,0,0,0,0,0,0,0,0,0,0,0,0,0,0,0
CLASIFICADOR/A Y PREPARADOR/A DE PRODUCTO TEXTIL,2024-04-12,2024,0,0,0,0,0,0,0,0,0,0,0,0,0,0,0,0,0,0,0,0,0
CONDUCTOR/A TRAILER,2024-04-12,2024,0,0,0,0,0,0,0,0,0,0,0,0,0,0,0,0,0,0,0,0,0
PEÓN,2024-04-11,2024,0,0,0,0,0,0,0,0,0,0,0,0,0,0,0,0,0,0,0,0,0
AYUDANTE DE COCINA,2024-04-11,2024,0,0,0,0,0,0,0,0,0,0,0,0,0,0,0,0,0,0,0,0,0
PEÓN/A DE JARDINERÍA(OPERARIO/A SERVICIOS MULTIPLES),2024-04-11,2024,0,0,0,0,0,0,0,0,0,0,0,0,0,0,0,0,0,0,0,0,0
MECANICO AUTOMOCION,2024-04-11,2024,0,0,0,0,0,0,0,0,0,0,0,1,0,0,0,0,0,0,0,0,0
PLANCHADOR-A INDUSTRIAL,2024-04-11,2024,0,0,0,0,0,0,0,0,0,0,0,0,0,0,0,0,0,0,0,0,0
ANIMADOR DE HOTEL,2024-04-11,2024,0,0,0,0,0,0,0,0,0,0,0,0,0,0,0,0,0,0,0,0,0
GEROCULTOR/A,2024-04-11,2024,0,0,0,0,0,0,0,0,0,0,0,0,0,0,0,0,0,0,0,0,0
REPARTIDOR/A,2024-04-11,2024,0,0,0,0,0,0,0,0,0,0,0,0,0,0,0,0,0,0,0,0,0
GEROCULTOR/A,2024-04-11,2024,0,0,0,0,0,0,0,0,0,0,0,0,0,0,0,0,0,0,0,0,0
COCINERO/A,2024-04-11,2024,0,0,0,0,0,0,0,0,0,0,0,0,0,0,0,0,0,0,0,0,0
HERRERO/A,2024-04-11,2024,0,0,0,0,0,0,0,0,0,0,0,0,0,0,0,0,0,0,0,0,0
AGENTE DE TURISMO,2024-04-11,2024,0,0,0,0,0,0,0,0,0,0,0,0,0,0,0,0,0,0,0,0,0
DOCENTE CERTIFICADO DE PROFESIONALIDAD ACTIVIDADES ADMINISTRATIVAS EN LA RELACION CON EL CLIENTE,2024-04-11,2024,0,0,0,0,0,0,0,0,0,0,0,0,1,1,0,0,0,0,0,0,0
AYUDA DOMICILIARIA,2024-04-11,2024,0,0,0,0,0,0,0,0,0,0,0,0,0,0,0,0,0,0,0,0,0
DOCENTE CP ATENCION SOCIOSANITARIA A PERSONAS DEPENDIENTES EN INSTITUCIONES SOCIALES,2024-04-11,2024,0,0,0,0,0,0,0,0,0,0,0,0,0,0,0,0,0,0,0,0,0
AYUDANTE DE PSICÓLOGO/A,2024-04-11,2024,0,0,0,0,0,0,0,0,0,0,0,0,0,0,0,0,0,0,0,0,0
AYUDANTE DE CATERING,2024-04-11,2024,0,0,0,0,0,0,0,0,0,0,0,0,0,0,0,0,0,0,0,0,0
CUADRISTA E INSTALADOR ELÉCTRICO MAQUINA HERRAMIENTA PARA EMPRESA DE ARRASATE,2024-04-11,2024,0,0,0,0,0,0,0,0,0,0,0,0,0,0,0,0,0,0,0,0,0
PINCHE DE COCINA,2024-04-11,2024,0,0,0,0,0,0,0,0,0,0,0,0,0,0,0,0,0,0,0,0,0
CONDUCTOR -REPARTIDOR,2024-04-11,2024,0,0,0,0,0,0,0,0,0,0,0,0,0,0,0,0,0,0,0,0,0
ENCARGADO DE OBRA,2024-04-11,2024,0,0,0,0,0,0,0,0,0,0,0,1,0,0,0,0,0,0,0,0,0
JEFE DE OBRA,2024-04-11,2024,0,0,0,0,0,0,0,0,0,0,0,1,0,0,0,0,0,0,0,0,0
JEFE DE OBRA,2024-04-11,2024,0,0,0,0,0,0,0,0,0,0,0,1,0,0,0,0,0,0,0,0,0
ENFERMERO / ENFERMERA,2024-04-11,2024,0,0,0,0,0,0,0,0,0,0,0,0,0,0,0,0,0,0,0,0,0
TÉCNICO/A ÁREA SOCIAL CON DISCAPACIDAD PARA LEMOA,2024-04-11,2024,0,0,0,0,0,0,0,0,0,0,0,0,0,0,0,0,0,0,0,0,0
MANICURISTA/PEDICURISTA,2024-04-11,2024,0,0,0,0,0,0,0,0,0,0,0,0,0,0,0,0,0,0,0,0,0
GRUISTA,2024-04-11,2024,0,0,0,0,0,0,0,0,0,0,0,0,0,0,0,0,0,0,0,0,0
GRUISTA,2024-04-11,2024,0,0,0,0,0,0,0,0,0,0,0,0,0,0,0,0,0,0,0,0,0
CAMARERO/A,2024-04-11,2024,0,0,0,0,0,0,0,0,0,0,0,0,0,0,0,0,0,0,0,0,0
CRISTALERO DE AUTOMOVIL,2024-04-11,2024,0,0,0,0,0,0,0,0,0,0,0,0,0,0,0,0,0,0,0,0,0
COMERCIAL,2024-04-11,2024,0,0,0,0,0,0,0,0,0,0,0,0,0,0,0,0,0,0,0,0,0
ENFERMERO/A,2024-04-11,2024,0,0,0,0,0,0,0,0,0,0,0,0,0,0,0,0,0,0,0,0,0
AYUDANTE DE COCINA Y AYUDANTE DE CAMARERO,2024-04-11,2024,0,0,0,0,0,0,0,0,0,0,0,0,0,0,0,0,0,0,0,0,0
ENFERMERO/A,2024-04-11,2024,0,0,0,0,0,0,0,0,0,0,0,0,0,0,0,0,0,0,0,0,0
CONDUCTOR/A MERCANCÍAS PELIGROSAS,2024-04-11,2024,0,0,0,0,0,0,0,0,0,0,0,0,0,0,0,0,0,0,0,0,0
MEDICO / A,2024-04-11,2024,0,0,0,0,0,0,0,0,0,0,0,1,1,0,0,0,0,0,0,0,0
DEPENDIENTE / DEPENDIENTA,2024-04-11,2024,0,0,0,0,0,0,0,0,0,0,0,0,0,0,0,0,0,0,0,0,0
ELECTRICISTA MEDIA TENSIÓN,2024-04-11,2024,0,0,0,0,0,0,0,0,0,0,0,0,0,0,0,0,0,0,0,0,0
AYUDANTE DE COCINA Y DE RECEPCIÓN,2024-04-11,2024,0,0,0,0,0,0,0,0,0,0,0,0,1,0,0,0,0,0,0,0,0
OPERARIO/A ELECTROMECÁNICO/A,2024-04-11,2024,0,0,0,0,0,0,0,0,0,0,0,0,0,0,0,0,0,0,0,0,0
EMPLEADO-A HOGAR INTERNO-A,2024-04-11,2024,0,0,0,0,0,0,0,0,0,0,0,0,0,0,0,0,0,0,0,0,0
ESPECIALISTA PARA MONTAJE ELECTROMECÁNICO,2024-04-11,2024,0,0,0,0,0,0,0,0,0,0,0,0,0,0,0,0,0,0,0,0,0
MÉDICO/A,2024-04-11,2024,0,0,0,0,0,0,0,0,0,0,0,0,0,0,0,0,0,0,0,0,0
AYUDANTE/A DE CAMARERO,2024-04-11,2024,0,0,0,0,0,0,0,0,0,0,0,0,0,0,0,0,0,0,0,0,0
AYUDANTE DE COCINA,2024-04-11,2024,0,0,0,0,0,0,0,0,0,0,0,0,0,0,0,0,0,0,0,0,0
ENMASILLADOR/A - YESISTA,2024-04-11,2024,0,0,0,0,0,0,0,0,0,0,0,1,0,0,0,0,0,0,0,0,0
LIMPIADOR CARRETILLERO,2024-04-11,2024,0,0,0,0,0,0,0,0,0,0,0,0,0,0,0,0,0,0,0,0,0
AGENTE TELEFÓNICO COMERCIAL CON EUSKERA,2024-04-11,2024,0,0,0,0,0,0,0,0,0,0,0,0,0,0,0,0,0,0,0,0,0
ARQUITECTO/A JUNIOR,2024-04-11,2024,0,0,0,0,0,0,0,0,0,0,0,0,0,0,0,0,0,0,0,0,0
SOLDADOR/A,2024-04-11,2024,0,0,0,0,0,0,0,0,0,0,0,0,0,0,0,0,0,0,0,0,0
DOS CAMARERO/AS,2024-04-11,2024,0,0,0,0,0,0,0,0,0,0,0,0,0,0,0,0,0,0,0,0,0
REPARTIDOR.,2024-04-10,2024,0,0,0,0,0,0,0,0,0,0,0,0,0,0,0,0,0,0,0,0,0
CAMARERO/A,2024-04-10,2024,0,0,0,0,0,0,0,0,0,0,0,0,0,0,0,0,0,0,0,0,0
CHOFER TRAILER,2024-04-10,2024,0,0,0,0,0,0,0,0,0,0,0,0,0,0,0,0,0,0,0,0,0
ASESOR/A DE SERVICIO POSTVENTA EN SECTOR AUTOMOCION,2024-04-10,2024,0,0,0,0,0,0,0,0,0,0,0,1,1,0,0,0,0,0,0,0,0
AGENTES TELEFÓNICOS DE ATENCIÓN AL CLIENTE (NO VENTAS),2024-04-10,2024,0,0,0,0,0,0,0,0,0,0,0,0,1,0,0,0,0,0,0,0,0
OPERADOR/A DE TRAFICO,2024-04-10,2024,0,0,0,0,0,0,0,0,0,0,0,0,0,0,0,0,0,0,0,0,0
FONTANERO/A,2024-04-10,2024,0,0,0,0,0,0,0,0,0,0,0,0,0,0,0,0,0,0,0,0,0
ALBAÑIL OFICIAL DE PRIMERA,2024-04-10,2024,0,0,0,0,0,0,0,0,0,0,0,0,0,0,0,0,0,0,0,0,0
FACULTATIVO/A ESPECIALISTA MEDICINA DEL TRABAJO,2024-04-10,2024,0,0,0,0,0,0,0,0,0,0,0,0,0,0,0,0,0,0,0,0,0
PUESTO DE JARDINERÍA EN BERRIZ,2024-04-10,2024,0,0,0,0,0,0,0,0,0,0,0,0,0,0,0,0,0,0,0,0,0
PERSONAL DE LIMPIEZA,2024-04-10,2024,0,0,0,0,0,0,0,0,0,0,0,0,0,0,0,0,0,0,0,0,0
CAMARERAO/A.,2024-04-10,2024,0,0,0,0,0,0,0,0,0,0,0,0,0,0,0,0,0,0,0,0,0
PROFESOR/A DE INGLÉS Y ALEMÁN,2024-04-10,2024,0,0,0,0,0,0,0,0,0,0,0,0,0,0,0,0,0,0,0,0,0
AYUDANTE CAMARERO/A MESAS ( RESTAURANTE ),2024-04-10,2024,0,0,0,0,0,0,0,0,0,0,0,0,0,0,0,0,0,0,0,0,0
PROFESOR/A DE INGLÉS Y FRANCÉS,2024-04-10,2024,0,0,0,0,0,0,0,0,0,0,0,0,0,0,0,0,0,0,0,0,0
CAMARERA DE PISOS,2024-04-10,2024,0,0,0,0,0,0,0,0,0,0,0,0,0,0,0,0,0,0,0,0,0
PROFESOR/A DE GUITARRA,2024-04-10,2024,0,0,0,0,0,0,0,0,0,0,0,0,0,0,0,0,0,0,0,0,0
CAMARERO/A,2024-04-10,2024,0,0,0,0,0,0,0,0,0,0,0,0,0,0,0,0,0,0,0,0,0
INFORMADOR - GUÍA DE TURISMO,2024-04-10,2024,0,0,0,0,0,0,0,0,0,0,0,0,0,0,0,0,0,0,0,0,0
ADMINISTRACION-ALMACEN-GESTION DE STOCK,2024-04-10,2024,0,0,0,0,0,0,0,0,0,0,0,0,1,0,0,0,0,0,0,0,0
ENFERMERO/A,2024-04-10,2024,0,0,0,0,0,0,0,0,0,0,0,0,0,0,1,0,0,0,0,0,0
AUXILIAR DE AYUDA A DOMICILIO,2024-04-10,2024,0,0,0,0,0,0,0,0,0,0,0,0,0,0,0,0,0,0,0,0,0
EQUIPO GERENCIAL HOSTELERIA ZONA BILBAO,2024-04-10,2024,0,0,0,0,0,0,0,0,0,0,0,1,1,0,0,0,0,0,0,0,0
COCINERO/A,2024-04-10,2024,0,0,0,0,0,0,0,0,0,0,0,0,0,0,0,0,0,0,0,0,0
PODADOR/A EN ALTURA( A PARTIR DE 20 METROS),2024-04-10,2024,0,0,0,0,0,0,0,0,0,0,0,1,0,0,0,0,0,0,0,0,0
PERSONAL LIMPIEZA DE COCINA/ SALA,2024-04-10,2024,0,0,0,0,0,0,0,0,0,0,0,0,0,0,0,0,0,0,0,0,0
CONDUCTOR/A DE CAMIÓN RÍGIDO,2024-04-10,2024,0,0,0,0,0,0,0,0,0,0,0,0,0,0,0,0,0,0,0,0,0
AUXILIAR AYUDA DOMICILIO,2024-04-10,2024,0,0,0,0,0,0,0,0,0,0,0,0,0,0,0,0,0,0,0,0,0
AUXILIAR MONTAJE/DESMONTAJE DE EVENTOS,2024-04-10,2024,0,0,0,0,0,0,0,0,0,0,0,0,0,0,0,0,0,0,0,0,0
AUXILIAR ADMINISTRATIVO,2024-04-10,2024,0,0,0,0,0,0,0,0,0,0,0,0,0,0,0,0,0,0,0,0,0
PELUQUERA/O,2024-04-10,2024,0,0,0,0,0,0,0,0,0,0,0,0,0,0,0,0,0,0,0,0,0
EMPLEADO/A DE ALMACÉN,2024-04-10,2024,0,0,0,0,0,0,0,0,0,0,0,0,0,0,0,0,0,0,0,0,0
TÉCNICO/A EN CONTROL DE PLAGAS,2024-04-10,2024,0,0,0,0,0,0,0,0,0,0,0,0,0,0,0,0,0,0,0,0,0
PERSONAL DE FRUTERÍA,2024-04-10,2024,0,0,0,0,0,0,0,0,0,0,0,0,0,0,0,0,0,0,0,0,0
FISIOTERAPEUTA,2024-04-10,2024,0,0,0,0,0,0,0,0,0,0,0,0,0,0,0,0,0,0,0,0,0
MONITOR/A GAZTELEKU,2024-04-10,2024,0,0,0,0,0,0,0,0,0,0,0,1,0,0,0,0,0,0,0,0,0
AUXILIAR DE FISIOTERAPIA,2024-04-10,2024,0,0,0,0,0,0,0,0,0,0,0,0,0,0,0,0,0,0,0,0,0
EXPENDEDOR GASOLINERA,2024-04-10,2024,0,0,0,0,0,0,0,0,0,0,0,0,0,0,0,0,0,0,0,0,0
MONITOR/A PILATES,2024-04-10,2024,0,0,0,0,0,0,0,0,0,0,0,0,0,0,0,0,0,0,0,0,0
OPERARIO DE LIMPIEZA DE TUBERIAS DE DESAGÜE,2024-04-10,2024,0,0,0,0,0,0,0,0,1,0,0,1,0,0,0,0,0,0,0,0,0
TÉCNICO/A PRL,2024-04-10,2024,0,0,0,0,0,0,0,0,0,0,0,0,1,0,0,0,0,0,0,0,0
GUÍA MONITOR/A PARA VISITAS EDUCATIVAS,2024-04-10,2024,0,0,0,0,0,0,0,0,0,0,0,0,0,0,0,0,0,0,0,0,0
DINAMIZADOR/A,2024-04-10,2024,0,0,0,0,0,0,0,0,0,0,0,0,0,0,0,0,0,0,0,0,0
SONDISTA,2024-04-10,2024,0,0,0,0,0,0,0,0,0,0,0,0,0,0,0,0,0,0,0,0,0
TÉCNICO/A DE OBRA PRL,2024-04-10,2024,0,0,0,0,0,0,0,0,0,0,0,1,0,0,0,0,0,0,0,0,0
OFICIAL DE PRIMERA-CARPINTERO/A,2024-04-10,2024,0,0,0,0,0,0,0,0,0,0,0,0,0,0,0,0,0,0,0,0,0
ADMINISTRACIÓN Y GESTIÓN,2024-04-10,2024,0,0,0,0,0,0,0,0,0,0,0,0,0,0,0,0,0,0,0,0,0
TELEOPERADOR/A EMISION LLAMADAS AUTOMOCION,2024-04-10,2024,1,0,1,0,0,0,0,0,0,0,0,0,1,0,0,0,0,0,0,0,0
CONDUCTOR/A CAMIÓN RÍGIDO,2024-04-10,2024,0,0,0,0,0,0,0,0,0,0,0,0,0,0,0,0,0,0,0,0,0
MECÁNICO-A REPARADORES DE MAQUINARIA AGRÍCOLA,2024-04-10,2024,0,0,0,0,0,0,0,0,0,0,0,0,1,0,0,0,0,0,0,0,0
COMERCIAL EXPORTACIÓN,2024-04-10,2024,0,0,0,0,0,0,0,0,0,0,0,0,1,0,0,0,0,0,0,0,0
AUXILIAR DE AYUDA A DOMICILIO,2024-04-10,2024,0,0,0,0,0,0,0,0,0,0,0,0,0,0,0,0,0,0,0,0,0
LIMPIADOR/A,2024-04-10,2024,0,0,0,0,0,0,0,0,0,0,0,0,1,0,0,0,0,0,0,0,0
PROFESOR-A FB ESTÉTICA,2024-04-10,2024,0,0,0,0,0,0,0,0,0,0,0,0,0,0,0,0,0,0,0,0,0
ALMACENERO/A,2024-04-10,2024,0,0,0,0,0,0,0,0,0,0,0,0,0,0,0,0,0,0,0,0,0
ADMINISTRATIVO/A,2024-04-10,2024,0,0,0,0,0,0,0,0,0,0,0,0,0,0,0,0,0,0,0,0,0
RECECIONISTA DE HOTEL,2024-04-10,2024,0,0,0,0,0,0,0,0,0,0,0,0,0,0,0,0,0,0,0,0,0
CONTABLE,2024-04-10,2024,0,0,0,0,0,0,0,0,0,0,0,0,1,0,0,0,0,0,0,0,0
MEDICO/A,2024-04-10,2024,0,0,0,0,0,0,0,0,0,0,0,0,0,1,0,0,0,0,0,0,0
TECNICO/A APLICADOR. CONTROL DE PLAGAS,2024-04-10,2024,0,0,0,0,0,0,0,0,0,0,0,0,0,0,0,0,0,0,0,0,0
LIMPIADOR/A,2024-04-10,2024,0,0,0,0,0,0,0,0,0,0,0,0,0,0,0,0,0,0,0,0,0
ATENCIÓN SOCIOSANITARIA A PERSONAS EN RESIDENCIA,2024-04-10,2024,0,0,0,0,0,0,0,0,0,0,0,0,0,0,0,0,0,0,0,0,0
ENFERMERO/ENFERMERA,2024-04-10,2024,0,0,0,0,0,0,0,0,0,0,0,0,0,0,0,0,0,0,0,0,0
ELECTROMECANICO/A,2024-04-09,2024,0,0,0,0,0,0,0,0,0,0,0,0,0,0,0,0,0,0,0,0,0
AYUDANTE DE COCINA,2024-04-09,2024,0,0,0,0,0,0,0,0,0,0,0,0,0,0,0,0,0,0,0,0,0
DEPENDIENTE A MEDIA JORNADA HORARIO DE TARDE,2024-04-09,2024,0,0,0,0,0,0,0,0,0,0,0,0,0,0,0,0,0,0,0,0,0
VENDEDOR@ EN COMERCIO JORNADA COMPLETA,2024-04-09,2024,0,0,0,0,0,0,0,0,0,0,0,0,0,0,0,0,0,0,0,0,0
PROFESOR/A DE INGLÉS,2024-04-09,2024,0,0,0,0,0,0,0,0,0,0,0,0,0,0,0,0,0,0,0,0,0
ACUPUNTOR/A - MASAJISTA,2024-04-09,2024,0,0,0,0,0,0,0,0,0,0,0,0,0,0,0,0,0,0,0,0,0
CAMARERO/A,2024-04-09,2024,0,0,0,0,0,0,0,0,0,0,0,0,0,0,0,0,0,0,0,0,0
ARQUITECTO/A TÉCNICO,2024-04-09,2024,0,0,0,0,0,0,0,0,0,0,0,0,0,0,0,0,0,0,0,0,0
TÉCNICO/A EN DEPILACIÓN LÁSER Y ESTÉTICA,2024-04-09,2024,0,0,0,0,0,0,0,0,0,0,0,0,1,0,0,0,0,0,0,0,0
OPERARIO LINEA MONTAJE MECANICO,2024-04-09,2024,0,0,0,0,0,0,0,0,0,0,0,1,0,0,0,0,0,0,0,0,0
ASISTENTE DE ADMINISTRACION Y MARKETING,2024-04-09,2024,0,0,0,0,0,0,0,0,1,0,0,1,0,1,0,0,0,0,0,0,0
PELUQUERO/A OFICIAL/A 1ª Ó 2ª,2024-04-09,2024,0,0,0,0,0,0,0,0,0,0,0,0,0,0,0,0,0,0,0,0,0
AUXILIAR MONTAJE/DESMONTAJE DE EVENTOS,2024-04-09,2024,0,0,0,0,0,0,0,0,0,0,0,0,0,0,0,0,0,0,0,0,0
TÉCNICO/A EN DEPILACIÓN LÁSER Y ESTÉTICA,2024-04-09,2024,0,0,0,0,0,0,0,0,0,0,0,0,1,0,0,0,0,0,0,0,0
PELUQUERO/A OFICIAL 1º,2024-04-09,2024,0,0,0,0,0,0,0,0,0,0,0,0,1,0,0,0,0,0,0,0,0
PROFESOR/A EUSKERA,2024-04-09,2024,0,0,0,0,0,0,0,0,0,0,0,0,0,0,0,0,0,0,0,0,0
PINCHE O COCINERO/A,2024-04-09,2024,0,0,0,0,0,0,0,0,0,0,0,0,0,0,0,0,0,0,0,0,0
CARPINTERO/A,2024-04-09,2024,0,0,0,0,0,0,0,0,0,0,0,0,0,0,0,0,0,0,0,0,0
PELUQUERO/A OFICIAL 1º,2024-04-09,2024,0,0,0,0,0,0,0,0,0,0,0,0,0,0,0,0,0,0,0,0,0
TERAPEUTA OCUPACIONAL,2024-04-09,2024,0,0,0,0,0,0,0,0,0,0,0,0,0,0,0,0,0,0,0,0,0
AJUSTADOR-MONTADOR,2024-04-09,2024,0,0,0,0,0,0,0,0,0,0,0,0,0,0,0,0,0,0,0,0,0
CAMARERO / CAMARERA,2024-04-09,2024,0,0,0,0,0,0,0,0,0,0,0,0,0,0,0,0,0,0,0,0,0
TRABAJADOR/A SOCIAL,2024-04-09,2024,0,0,0,0,0,0,0,0,0,0,0,0,0,0,0,0,0,0,0,0,0
SOLDADOR/A INDUSTRIAL,2024-04-09,2024,0,0,0,0,0,0,0,0,0,0,0,0,0,0,0,0,0,0,0,0,0
TECNICO EN MAQUINARIA FITNESS,2024-04-09,2024,0,0,0,0,0,0,0,0,0,0,0,0,0,0,0,0,0,0,0,0,0
PEON DE OBRA (AUXILIAR DE LABORATORIO),2024-04-09,2024,0,0,0,0,0,0,0,0,0,0,0,1,0,0,0,0,0,0,0,0,0
PROFESOR/A DE OFIMATICA,2024-04-09,2024,0,0,0,0,0,0,0,0,0,0,0,0,0,0,0,0,0,0,0,0,0
PEÓN/A,2024-04-09,2024,0,0,0,0,0,0,0,0,0,0,0,0,0,0,0,0,0,0,0,0,0
TEC. MANTENMIENTO,2024-04-09,2024,0,0,0,0,0,0,0,0,0,0,0,1,0,0,0,0,0,0,0,0,0
MONITOR/A,2024-04-09,2024,0,0,0,0,0,0,0,0,0,0,0,0,0,0,0,0,0,0,0,0,0
PELUQUERA,2024-04-09,2024,0,0,0,0,0,0,0,0,0,0,0,0,0,0,0,0,0,0,0,0,0
OPERARIO/A MANTENIMIENTO,2024-04-09,2024,0,0,0,0,0,0,0,0,0,0,0,0,0,0,0,0,0,0,0,0,0
MECÁNICA O MECÁNICO DE MAQUINARIA DE JARDINERÍA,2024-04-09,2024,0,0,0,0,0,0,0,0,0,0,0,1,0,0,0,0,0,0,0,0,0
TÉCNICO/A HELPDESK,2024-04-09,2024,1,0,0,0,0,0,0,0,0,0,0,1,1,0,0,0,0,0,0,0,0
DEPENDIENTE,2024-04-09,2024,0,0,0,0,0,0,0,0,0,0,0,0,1,0,0,0,0,0,0,0,0
PELUQUERO/A,2024-04-09,2024,0,0,0,0,0,0,0,0,0,0,0,0,0,0,0,0,0,0,0,0,0
PEÓN DE OBRAS PÚBLICAS,2024-04-09,2024,0,0,0,0,0,0,0,0,0,0,0,0,0,0,0,0,0,0,0,0,0
ADMINISTRATIVO/A,2024-04-09,2024,0,0,0,0,0,0,0,0,0,0,0,0,1,1,0,0,0,0,0,0,0
MECANICO/A,2024-04-09,2024,0,0,0,0,0,0,0,0,0,0,0,0,0,0,0,0,0,0,0,0,0
DEPENDIENTE VENDEDOR/A DE MUEBLES Y/O ELECTRODOMÉSTICOS,2024-04-09,2024,0,0,0,0,0,0,0,0,0,0,0,0,0,0,0,0,0,0,0,0,0
ENCARGADA/O ATENCION AL PUBLICO-VENTA,2024-04-09,2024,0,0,0,0,0,0,0,0,0,0,0,1,0,0,0,0,0,0,0,0,0
PUBLIZITATE ARDURADUNA,2024-04-09,2024,1,0,0,0,0,0,0,0,0,0,0,0,0,0,0,0,0,0,0,0,0
MONTADOR DE MUEBLES,2024-04-09,2024,0,0,0,0,0,0,0,0,0,0,0,0,0,0,0,0,0,0,0,0,0
AUXILIAR MONTAJE/DESMONTAJE DE EVENTOS,2024-04-09,2024,0,0,0,0,0,0,0,0,0,0,0,0,0,0,0,0,0,0,0,0,0
"MONTADOR/A DE CUBIERTAS DE TEJADOS, ESPECIALISTA FONTANERO",2024-04-09,2024,0,0,0,0,0,0,0,0,0,0,0,0,0,0,0,0,0,0,0,0,0
PROMOTOR/A GERENTE DE NUEVO NEGOCIO SECTOR AGRIFOOD,2024-04-09,2024,0,0,0,0,0,0,0,0,0,0,0,0,0,0,1,1,0,0,0,0,0
FARMACEUTICA/O ADJUNTO,2024-04-09,2024,0,0,0,0,0,0,0,0,0,0,0,0,0,0,0,0,0,0,0,0,0
COMERCIAL INSTALADOR/A,2024-04-09,2024,1,0,0,0,0,0,0,0,0,0,0,0,0,0,0,0,0,0,0,0,0
DEPENDIENTE/A ITINERANTE.,2024-04-09,2024,0,0,0,0,0,0,0,0,0,0,0,0,1,0,0,0,0,0,0,0,0
AYUDANTE DE CAMARERA/O,2024-04-09,2024,0,0,0,0,0,0,0,0,0,0,0,0,0,0,0,0,0,0,0,0,0
MONITOR ACTIVIDADES DIRIGIDAS,2024-04-09,2024,0,0,0,0,0,0,0,0,0,0,0,0,0,0,0,0,0,0,0,0,0
DEPENDIENTE/A DE CARNICERIA,2024-04-09,2024,0,0,0,0,0,0,0,0,0,0,0,0,1,0,0,0,0,0,0,0,0
TORNERO/A CONVENCIONAL Ó CNC,2024-04-09,2024,0,0,0,0,0,0,0,0,0,0,0,0,0,0,0,0,0,0,0,0,0
OPERARIO/A MONTAJES,2024-04-09,2024,0,0,0,0,0,0,0,0,0,0,0,0,0,0,0,0,0,0,0,0,0
OPERARIO/A MONTAJES,2024-04-09,2024,0,0,0,0,0,0,0,0,0,0,0,0,0,0,0,0,0,0,0,0,0
PELUQUERA/O,2024-04-09,2024,0,0,0,0,0,0,0,0,0,0,0,0,0,0,0,0,0,0,0,0,0
ELES0110-DESARROLLO DE PROYECTOS DE INFRAESTRUCTURAS DE TELECOM. Y DE REDES DE VOZ Y DATOS EN EDI,2024-04-09,2024,0,0,0,0,0,0,0,0,1,0,0,0,0,0,0,0,0,0,0,0,0
RESPONSABLE DEL SERVICIO DE COMUNICACION,2024-04-08,2024,0,0,0,0,0,0,0,0,0,0,0,0,0,1,0,0,0,0,0,0,0
FISIOTERAPEUTA,2024-04-08,2024,0,0,0,0,0,0,0,0,0,0,0,0,0,0,0,0,0,0,0,0,0
AYUDANTE DE RECEPCION DE ALBERGUE,2024-04-08,2024,0,0,0,0,0,0,0,0,0,0,0,0,0,0,0,0,0,0,0,0,0
PERSONAL DE LIMPIEZA,2024-04-08,2024,0,0,0,0,0,0,0,0,0,0,0,0,0,0,0,0,0,0,0,0,0
RECEPCIONISTA DE CAMPING,2024-04-08,2024,0,0,0,0,0,0,0,0,0,0,0,0,0,0,0,0,0,0,0,0,0
CONDUCTOR/A RECOGIDAS,2024-04-08,2024,0,0,0,0,0,0,0,0,0,0,0,0,1,0,0,0,0,0,0,0,0
AUXILIAR EN RESIDENCIA,2024-04-08,2024,0,0,0,0,0,0,0,0,0,0,0,0,0,0,0,0,0,0,0,0,0
LIMPIADOR/A DE CAMPING,2024-04-08,2024,0,0,0,0,0,0,0,0,0,0,0,0,0,0,0,0,0,0,0,0,0
MECANICO-A,2024-04-08,2024,0,0,0,0,0,0,0,0,0,0,0,0,0,0,0,0,0,0,0,0,0
GEROCULTOR/A AUXILIAR DE ENFERMERIA,2024-04-08,2024,0,0,0,0,0,0,0,0,0,0,0,0,0,0,0,0,0,0,0,0,0
TELEOPERADOR TELEFONICO PARA SERVICIO DE ATENCIÓN AL CLIENTE (NO VENTA),2024-04-08,2024,0,0,0,0,0,0,0,0,0,0,0,0,1,1,1,0,0,0,0,0,0
ADMINISTRATIVO COMERCIAL,2024-04-08,2024,1,0,0,0,0,0,0,0,0,0,0,0,1,0,0,0,0,0,0,0,0
MECANICO INDUSTRIAL,2024-04-08,2024,0,0,0,0,0,0,0,0,0,0,0,0,0,0,0,0,0,0,0,0,0
PEDAGOGO/A TERAPEUTA (PT PARA LA ESO) MODELO D,2024-04-08,2024,0,0,0,0,0,0,0,0,0,0,0,1,0,0,0,0,0,0,0,0,0
MECANICO-A/MONTADOR-A DE BICICLETAS,2024-04-08,2024,0,0,0,0,0,0,0,0,0,0,0,0,0,0,0,0,0,0,0,0,0
AUXILIAR ADMINISTRATIVO/A OFICINA TURISMO,2024-04-08,2024,0,0,0,0,0,0,0,0,0,0,0,0,0,0,0,0,0,0,0,0,0
TUBERO/A INDUSTRIAL,2024-04-08,2024,0,0,0,0,0,0,0,0,0,0,0,0,0,0,0,0,0,0,0,0,0
ENGRASADOR/ENGRASADORA ATUNEROS,2024-04-08,2024,0,0,0,0,0,0,0,0,0,0,0,0,0,0,0,0,0,0,0,0,0
VIGILANTE GRUISTA,2024-04-08,2024,0,0,0,0,0,0,0,0,0,0,0,0,0,0,0,0,0,0,0,0,0
MARINERO/MARINERA ATUNEROS,2024-04-08,2024,0,0,0,0,0,0,0,0,0,0,0,0,0,0,0,0,0,0,0,0,0
ADMINISTRATIVO/A,2024-04-08,2024,0,0,0,0,0,0,0,0,0,0,0,0,1,0,0,0,0,0,0,0,0
COCINERA/O (TXURDINAGA),2024-04-08,2024,0,0,0,0,0,0,0,0,0,0,0,0,0,0,0,0,0,0,0,0,0
CAMARERO/A,2024-04-08,2024,0,0,0,0,0,0,0,0,0,0,0,0,0,0,0,0,0,0,0,0,0
OPERARIO/A LIMPIEZA COMEDOR PARA ORIO/ZARAUTZ/HONDARRIBIA,2024-04-08,2024,0,0,0,0,0,0,0,0,0,0,0,1,0,0,0,0,0,0,0,0,0
AUXILIAR DE JARDINERIA,2024-04-08,2024,0,0,0,0,0,0,0,0,0,0,0,0,0,0,0,0,0,0,0,0,0
JARDINERO/A,2024-04-08,2024,0,0,0,0,0,0,0,0,0,0,0,0,0,0,0,0,0,0,0,0,0
RESPONSABLE DE LA OFICINA TÉCNICA DE COMERCIO DE HERNANI,2024-04-08,2024,0,0,0,0,0,0,0,0,0,0,0,0,0,0,0,0,0,0,0,0,0
CHOFER-MOZO.A DE ALMACEN,2024-04-08,2024,0,0,0,0,0,0,0,0,0,0,0,0,1,0,0,0,0,0,0,0,0
ESTETICISTA,2024-04-08,2024,0,0,0,0,0,0,0,0,0,0,0,0,0,0,0,0,0,0,0,0,0
OPERARIO/A COSTURA LAVANDERIA EN EMPRESA UBICADA EN ZUMARRAGA,2024-04-08,2024,0,0,0,0,0,0,0,0,0,0,0,0,0,0,0,0,0,0,0,0,0
ALMACEN,2024-04-08,2024,0,0,0,0,0,0,0,0,0,0,0,0,0,0,0,0,0,0,0,0,0
ORIENTADOR/A LABORAL,2024-04-08,2024,0,0,0,0,0,0,0,0,0,0,0,1,0,0,0,0,0,0,0,0,0
TÉCNICA/O DE METROLOGÍA,2024-04-08,2024,0,0,0,0,0,0,0,0,0,0,0,1,0,0,0,0,0,0,0,0,0
MONTADOR/A ELÉCTRICO,2024-04-08,2024,0,0,0,0,0,0,0,0,0,0,0,0,0,0,0,0,0,0,0,0,0
MONTADOR/A MECÁNICO,2024-04-08,2024,0,0,0,0,0,0,0,0,0,0,0,0,0,0,0,0,0,0,0,0,0
ARQUITECTO/A O INGENIERO/A TÉCNICO/A,2024-04-08,2024,1,0,0,0,0,0,0,0,0,0,0,0,0,0,0,0,0,0,0,0,0
AGENTES VENDEDORES/AS PRODUCTOS JUEGO CON DISCAPACIDAD,2024-04-08,2024,0,0,0,0,0,0,0,0,0,0,0,0,0,0,1,0,0,0,0,0,0
CARPINTER@ METALIC@ (HIERRO E INOXIDABLE),2024-04-08,2024,0,0,0,0,0,0,0,0,0,0,0,0,0,0,0,0,0,0,0,0,0
MECANICO/A,2024-04-08,2024,0,0,0,0,0,0,0,0,0,0,0,0,0,0,0,0,0,0,0,0,0
DEPENDIENTE/A TIENDA DELICATESSEN,2024-04-07,2024,0,0,0,0,0,0,0,0,0,0,0,0,1,0,0,0,0,0,0,0,0
TÉCNICO COMERCIAL,2024-04-05,2024,1,0,0,0,0,0,0,0,0,0,0,0,1,0,0,1,0,0,0,0,0
AYUDANTE DE COCINA,2024-04-05,2024,0,0,0,0,0,0,0,0,0,0,0,0,0,0,0,0,0,0,0,0,0
AYUDANTE DE OBRADOR,2024-04-05,2024,0,0,0,0,0,0,0,0,0,0,0,0,0,0,0,0,0,0,0,0,0
SE NECESITA 1 CHOFER (HOMBRE O MUJER) PARA VITORIA -GASTEIZ,2024-04-05,2024,0,0,0,0,0,0,0,0,0,0,0,0,0,0,0,0,0,0,0,0,0
ENFERMERO/A,2024-04-05,2024,0,0,0,0,0,0,0,0,0,0,0,0,0,0,0,0,0,0,0,0,0
MEDICO/A,2024-04-05,2024,0,0,0,0,0,0,0,0,0,0,0,0,0,0,0,0,0,0,0,0,0
PSIQUIATRA CENTRO RESIDENCIAL,2024-04-05,2024,0,0,0,0,0,0,0,0,0,0,0,0,0,0,0,0,0,0,0,0,0
BOBINADOR-MONTADOR/A TRANSFORMADORES PONTENCIA PARA BEDIA,2024-04-05,2024,0,0,0,0,0,0,0,0,0,0,0,0,0,0,0,0,0,0,0,0,0
CAMARERA O CAMARERO,2024-04-05,2024,0,0,0,0,0,0,0,0,0,0,0,0,0,0,0,0,0,0,0,0,0
DEPENDIENTE/A TIENDA MODA,2024-04-05,2024,0,0,0,0,0,0,0,0,0,0,0,0,0,0,0,0,0,0,0,0,0
TERAPEUTA OCUPACIONAL,2024-04-05,2024,0,0,0,0,0,0,0,0,0,0,0,0,0,0,0,0,0,0,0,0,0
CAMARERO/A,2024-04-05,2024,0,0,0,0,0,0,0,0,0,0,0,0,0,0,0,0,0,0,0,0,0
AUXILIAR AYUDA DOMICILIO,2024-04-05,2024,0,0,0,0,0,0,0,0,0,0,0,0,0,0,0,0,0,0,0,0,0
OPERARIO/A DE VERIFICACIÓN DE METALES,2024-04-05,2024,0,0,0,0,0,0,0,0,0,0,0,0,0,0,0,0,0,0,0,0,0
AYUDANTE DE COCINA,2024-04-05,2024,0,0,0,0,0,0,0,0,0,0,0,0,0,0,0,0,0,0,0,0,0
SOCORRISTA,2024-04-05,2024,0,0,0,0,0,0,0,0,0,0,0,1,1,0,0,0,0,0,0,0,0
INSPECTOR-A CALIDAD,2024-04-05,2024,0,0,0,0,0,0,0,0,0,0,0,1,0,0,0,0,0,0,0,0,0
PROFESIONAL DE SUPERMERCADO,2024-04-05,2024,0,0,0,0,0,0,0,0,0,0,0,0,0,0,0,0,0,0,0,0,0
PROMOTOR/A COMERCIAL,2024-04-05,2024,0,0,0,0,0,0,0,0,0,0,0,0,1,0,0,0,0,0,0,0,0
OPERADOR GRÚA PUENTE,2024-04-05,2024,0,0,0,0,0,0,0,0,0,0,0,0,0,0,0,0,0,0,0,0,0
AGENTE DE SEGUROS,2024-04-05,2024,0,0,0,0,0,0,0,0,0,0,0,0,1,0,1,0,0,0,0,0,0
AGENTE DE SEGUROS (GESTOR DE ZONA),2024-04-05,2024,0,0,0,0,0,0,0,0,0,0,0,0,1,0,1,0,0,0,0,0,0
AGENTE DE SEGUROS (GESTOR DE ZONA),2024-04-05,2024,0,0,0,0,0,0,0,0,0,0,0,0,1,0,1,0,0,0,0,0,0
INSTALADOR/A DE VENTANAS,2024-04-04,2024,0,0,0,0,0,0,0,0,0,0,0,0,0,0,0,0,0,0,0,0,0
ENFERMERO/ENFERMERA,2024-04-04,2024,0,0,0,0,0,0,0,0,0,0,0,0,0,0,0,0,0,0,0,0,0
"PROFESOR/A DE PIANO, TECLADO Y REPERTORIO",2024-04-04,2024,0,0,0,0,0,0,0,0,0,0,0,0,0,0,0,0,0,0,0,0,0
CARRETILLERA/O,2024-04-04,2024,0,0,0,0,0,0,0,0,0,0,0,0,0,0,0,0,0,0,0,0,0
CRISTALERO/A,2024-04-04,2024,0,0,0,0,0,0,0,0,0,0,0,0,0,0,0,0,0,0,0,0,0
FORMADOR/A CERTIFICADOS PROFESIONAL ÁREA EDIFICACIÓN Y OBRA CIVIL,2024-04-04,2024,0,0,0,0,0,0,0,0,0,0,0,0,0,0,0,0,0,0,0,0,0
ADMINISTRATIVO/A,2024-04-04,2024,0,0,0,0,0,0,0,0,0,0,0,0,0,0,0,0,0,0,0,0,0
SOFTWARE ENGINEER JAVA/J2EE,2024-04-04,2024,1,0,0,1,0,0,0,0,0,0,0,1,1,0,0,0,0,0,0,0,0
COCINERO/A DE COCINA INDIA,2024-04-04,2024,0,0,0,0,0,0,0,0,0,0,0,0,0,0,0,0,0,0,0,0,0
TORNERO CONVENCIONAL,2024-04-04,2024,0,0,0,0,0,0,0,0,0,0,0,1,0,0,0,0,0,0,0,0,0
RECEPCIONISTA DE ALBERGUE,2024-04-04,2024,0,0,0,0,0,0,0,0,0,0,0,0,0,0,0,0,0,0,0,0,0
AUXILIAR PARA FIESTAS DE BEASAIN,2024-04-04,2024,0,0,0,0,0,0,0,0,0,0,0,1,0,0,0,0,0,0,0,0,0
TORNERO CNC,2024-04-04,2024,0,0,0,0,0,0,0,0,0,0,0,1,0,0,0,0,0,0,0,0,0
CONTABLE-LABORAL,2024-04-04,2024,0,0,0,0,0,0,0,0,0,0,0,0,0,0,0,0,0,0,0,0,0
MARMITÓN,2024-04-04,2024,0,0,0,0,0,0,0,0,0,0,0,0,0,0,0,0,0,0,0,0,0
CONSULTOR/A COMERCIAL ASESORIA JURÍDICA,2024-04-04,2024,0,0,0,0,0,0,0,0,0,0,0,0,1,0,0,0,0,0,0,0,0
FUNERARIO/A A JORNADA COMPLETA,2024-04-04,2024,0,0,0,0,0,0,0,0,0,0,0,0,0,0,0,0,0,0,0,0,0
PEÓN MATADERO,2024-04-04,2024,0,0,0,0,0,0,0,0,0,0,0,0,0,0,0,0,0,0,0,0,0
TÉCNICO DE RECAMBIOS,2024-04-04,2024,0,0,0,0,0,0,0,0,0,0,0,1,1,0,1,0,0,0,0,0,0
ASISTENTE DOMICILIARIO,2024-04-04,2024,0,0,0,0,0,0,0,0,0,0,0,0,0,0,0,0,0,0,0,0,0
CUIDADO Y LIMPIEZA PARA BERROBI,2024-04-04,2024,0,0,0,0,0,0,0,0,0,0,0,0,0,0,0,0,0,0,0,0,0
MONITOR/A DE NATACIÓN,2024-04-04,2024,0,0,0,0,0,0,0,0,0,0,0,0,0,0,0,0,0,0,0,0,0
ASISTENTE DOMICILIARIO,2024-04-04,2024,0,0,0,0,0,0,0,0,0,0,0,0,0,0,0,0,0,0,0,0,0
CAMARERO/A,2024-04-04,2024,0,0,0,0,0,0,0,0,0,0,0,0,0,0,0,0,0,0,0,0,0
COCINERA/O,2024-04-04,2024,0,0,0,0,0,0,0,0,0,0,0,0,0,0,0,0,0,0,0,0,0
FONTANERO/A,2024-04-04,2024,0,0,0,0,0,0,0,0,0,0,0,0,0,0,0,0,0,0,0,0,0
OPERARIO/A DE LIMPIEZA,2024-04-04,2024,0,0,0,0,0,0,0,0,0,0,0,0,0,0,0,0,0,0,0,0,0
ELECTROMECÁNICO/A DE MANTENIMIENTO,2024-04-04,2024,0,0,0,0,0,0,0,0,0,0,0,1,0,0,0,0,0,0,0,0,0
AUXILIAR ADMINISTRATIVA/O,2024-04-04,2024,0,0,0,0,0,0,0,0,0,0,0,0,0,0,0,0,0,0,0,0,0
MECÁNICO/A,2024-04-04,2024,0,0,0,0,0,0,0,0,0,0,0,0,0,0,0,0,0,0,0,0,0
INSTALADOR/A DE TELECOMUNICACIONES,2024-04-04,2024,1,0,0,0,0,0,0,0,1,0,0,0,0,1,0,0,0,0,0,0,0
CONSULTOR/A ESTRATEGIA,2024-04-03,2024,0,0,0,0,0,0,0,0,0,0,0,1,1,1,0,0,0,0,0,0,0
CAMARERA/O DE SALA Y BARRA,2024-04-03,2024,0,0,0,0,0,0,0,0,0,0,0,0,0,0,0,0,0,0,0,0,0
CARNICERO/A,2024-04-03,2024,0,0,0,0,0,0,0,0,0,0,0,0,0,0,0,0,0,0,0,0,0
ALMACENISTA CON IDIOMAS,2024-04-03,2024,0,0,0,0,0,0,0,0,0,0,0,0,1,0,0,0,0,0,0,0,0
PERSONAL DE LIMPIEZA,2024-04-03,2024,0,0,0,0,0,0,0,0,0,0,0,0,0,0,0,0,0,0,0,0,0
TÉCNICO/A EN LOGÍSTICA,2024-04-03,2024,0,0,0,0,0,0,0,0,0,0,0,0,1,0,0,0,0,1,0,0,0
DEPENDIENTA/DEPENDIENTE DE MODA Y COMPLEMENTOS,2024-04-03,2024,0,0,0,0,0,0,0,0,0,0,0,0,1,0,0,0,0,0,0,0,0
AYUDANTE DE MECANICO,2024-04-03,2024,0,0,0,0,0,0,0,0,0,0,0,0,0,0,1,0,0,0,0,0,0
PELUQUEROA/O,2024-04-03,2024,0,0,0,0,0,0,0,0,0,0,0,0,0,0,0,0,0,0,0,0,0
MANTENIMIENTO PREDICTIVO,2024-04-03,2024,0,0,0,0,0,0,0,0,0,0,0,1,1,1,0,0,0,0,0,0,0
DISEÑO DE INTERIORES,2024-04-03,2024,0,0,0,0,0,0,0,0,0,0,0,0,1,0,0,0,0,0,0,0,0
PREPARADOR LABORAL PARA PROYECTOS DE FORMACION,2024-04-03,2024,0,0,0,0,0,0,0,0,0,0,0,0,0,0,0,0,0,0,0,0,0
TECNICO/A ELECTRICISTA,2024-04-03,2024,0,0,0,0,0,0,0,0,0,0,0,0,0,0,0,0,0,0,0,0,0
DOCENTE DE IA Y BIG DATA. ESPECIALIZACIÓN FP,2024-04-03,2024,1,1,0,0,0,1,0,0,0,0,0,0,0,0,0,1,0,0,0,0,0
TÉCNICO/A DE MARKETING DIGITAL,2024-04-03,2024,1,0,0,0,0,0,0,0,1,0,0,1,0,1,0,0,0,0,0,0,0
SOCORRISTA ACUATICO,2024-04-03,2024,0,0,0,0,0,0,0,0,0,0,0,0,0,0,0,0,0,0,0,0,0
AYUDANTE DE PESCADERÍA,2024-04-03,2024,0,0,0,0,0,0,0,0,0,0,0,0,0,0,0,0,0,0,0,0,0
VIGILANTE DE OBRA,2024-04-03,2024,0,0,0,0,0,0,0,0,0,0,0,0,0,0,0,0,0,0,0,0,0
AGENTE PROFESIONAL DE SEGUROS Y PRODUCTOS FINANCIEROS,2024-04-03,2024,0,0,0,0,0,0,0,0,1,0,0,1,1,1,0,0,1,0,0,0,0
COCINERO/A,2024-04-03,2024,0,0,0,0,0,0,0,0,0,0,0,0,0,0,0,0,0,0,0,0,0
ASESOR COMERCIAL,2024-04-03,2024,0,0,0,0,0,0,0,0,0,0,0,0,1,0,0,0,0,0,0,0,0
LIMPIADOR/A,2024-04-03,2024,0,0,0,0,0,0,0,0,0,0,0,0,0,0,0,0,0,0,0,0,0
CAMARERO/A,2024-04-03,2024,0,0,0,0,0,0,0,0,0,0,0,0,0,0,0,0,0,0,0,0,0
CHARCUTERO/A,2024-04-03,2024,0,0,0,0,0,0,0,0,0,0,0,0,0,0,0,0,0,0,0,0,0
MECANICO DE CAMIONES Y REMOLQUES,2024-04-03,2024,0,0,0,0,0,0,0,0,0,0,0,0,0,0,0,0,0,0,0,0,0
DELINEANTE,2024-04-03,2024,1,0,0,0,0,0,0,0,0,0,0,1,0,0,0,0,0,0,0,0,0
OPERARIO DE ASISTENCIA EN CARRETERA,2024-04-03,2024,0,0,0,0,0,0,0,0,0,0,0,0,0,0,0,0,0,0,0,0,0
MONTADOR/A Y SOLDADOR/A DE CIRCUITOS ELECTRÓNICOS,2024-04-03,2024,0,0,0,0,0,0,0,0,0,0,0,0,0,0,0,0,0,0,0,0,0
TECNICO INFORMATICO N1,2024-04-03,2024,1,0,0,0,0,0,0,0,1,0,0,0,1,0,0,0,0,0,0,0,0
ESTETICISTA,2024-04-03,2024,0,0,0,0,0,0,0,0,0,0,0,0,0,0,0,0,0,0,0,0,0
VIGILANTE DE SEGURIDAD,2024-04-03,2024,0,0,0,0,0,0,0,0,0,0,0,0,0,0,0,0,0,0,0,0,0
TÉCNICO/A RESPOSANBLE TÉCNICO EN CONTROL DE PLAGAS,2024-04-03,2024,0,0,0,0,0,0,0,0,0,0,0,0,0,0,0,0,0,0,0,0,0
ESTETICISTA SUPERIOR,2024-04-03,2024,0,0,0,0,0,0,0,0,0,0,0,0,0,0,0,0,0,0,0,0,0
DEPENDIENTE/A,2024-04-03,2024,0,0,0,0,0,0,0,0,0,0,0,0,0,0,0,0,0,0,0,0,0
PROFESOR/A,2024-04-03,2024,0,0,0,0,0,0,0,0,0,0,0,0,0,0,0,0,0,0,0,0,0
PROFESOR/A,2024-04-03,2024,0,0,0,0,0,0,0,0,0,0,0,0,0,0,0,0,0,0,0,0,0
OFICIAL DE PELUQUERÍA,2024-04-03,2024,0,0,0,0,0,0,0,0,0,0,0,0,0,0,0,0,0,0,0,0,0
4 PUESTOS GESTION COMERCIAL,2024-04-02,2024,0,0,0,0,0,0,0,0,0,0,0,0,1,1,0,0,0,0,0,0,0
LIMPIEZA DE HABITACIONES,2024-04-02,2024,0,0,0,0,0,0,0,0,0,0,0,0,0,0,0,0,0,0,0,0,0
AGENTE DE VIAJE,2024-04-02,2024,0,0,0,0,0,0,0,0,0,0,0,0,0,0,0,0,0,0,0,0,0
MARMITON FREGADOR,2024-04-02,2024,0,0,0,0,0,0,0,0,0,0,0,0,0,0,0,0,0,0,0,0,0
DOCENTE DESARROLLO DE PRODUCTOS MULTIMEDIA INTERACTIVOS,2024-04-02,2024,0,0,0,0,0,0,0,0,0,0,0,0,0,0,0,0,0,0,0,0,0
PANADERO/A - REPOSTERO/A,2024-04-02,2024,0,0,0,0,0,0,0,0,0,0,0,0,0,0,0,0,0,0,0,0,0
RESPONSABLE EN GESTIÓN Y ADMINISTRACIÓN DE ACTIVIDADES TURÍSTICAS,2024-04-02,2024,0,0,0,0,0,0,0,0,0,0,0,0,1,0,0,0,0,0,0,0,0
MONITOR DE CAMPAMENTO DE VERANO,2024-04-02,2024,0,0,0,0,0,0,0,0,0,0,0,0,0,0,0,0,0,0,0,0,0
CAMARERO/A,2024-04-02,2024,0,0,0,0,0,0,0,0,0,0,0,0,1,0,0,0,0,0,0,0,0
INSTALADOR/A ELECTRICISTA,2024-04-02,2024,0,0,0,0,0,0,0,0,0,0,0,0,0,0,0,0,0,0,0,0,0
ELECTRICISTA,2024-04-02,2024,0,0,0,0,0,0,0,0,0,0,0,0,0,0,0,0,0,0,0,0,0
COORDINADOR/A DEPORTIVO/A,2024-04-02,2024,0,0,0,0,0,0,0,0,1,0,0,1,0,0,0,0,0,0,0,0,0
RESPONSABLE OFICINA ENERGÍA,2024-04-02,2024,0,0,0,0,0,0,0,0,0,0,0,0,0,1,0,0,0,0,0,0,0
PELUQUERA: OFICIAL DE PRIMERA-ENCARGADA,2024-04-02,2024,0,0,0,0,0,0,0,0,0,0,0,0,0,0,0,0,0,0,0,0,0
CAMARER@ PARA ATENDER BARRA Y COMEDOR,2024-04-02,2024,0,0,0,0,0,0,0,0,0,0,0,0,0,0,0,0,0,0,0,0,0
MECÁNICA/O DE VEHÍCULOS,2024-04-02,2024,0,0,0,0,0,0,0,0,0,0,0,0,0,0,0,0,0,0,0,0,0
AYUDANTE/A DE CAMARERO/A,2024-04-02,2024,0,0,0,0,0,0,0,0,0,0,0,0,1,0,0,0,0,0,0,0,0
AYUDANTE/A DE COCINA ( PLANCHISTA),2024-04-02,2024,0,0,0,0,0,0,0,0,0,0,0,0,0,0,0,0,0,0,0,0,0
MAQUINISTA REBARBADOR,2024-04-02,2024,0,0,0,0,0,0,0,0,0,0,0,0,0,0,1,0,0,0,0,0,0
FARMACEÚTICO/A,2024-04-02,2024,0,0,0,0,0,0,0,0,0,0,0,0,0,0,0,0,0,0,0,0,0
TECNICO/A DE SISTEMAS,2024-04-02,2024,1,0,0,0,0,0,0,0,0,0,0,0,0,0,0,0,0,0,0,0,0
PERSONAL PARA CENTRO DE MECANIZADO,2024-04-02,2024,0,0,0,0,0,0,0,0,0,0,0,0,0,0,0,0,0,0,0,0,0
AYUDANTE DE COCINA / CAMARERO_A BARRA,2024-04-02,2024,0,0,0,0,0,0,0,0,0,0,0,0,1,0,0,0,0,0,0,0,0
INGENIERO/A PARA MONTAJE,2024-04-02,2024,0,0,0,0,0,0,0,0,0,0,0,0,0,0,0,0,0,0,0,0,0
CONDUCTOR/A DE CAMION,2024-04-02,2024,0,0,0,0,0,0,0,0,0,0,0,0,0,0,0,0,0,0,0,0,0
MECÁNICO/A DE AUTOMOCIÓN,2024-04-02,2024,0,0,0,0,0,0,0,0,0,0,0,0,0,0,0,0,0,0,0,0,0
PEON APRENDIZ PARA OXICORTE,2024-04-02,2024,0,0,0,0,0,0,0,0,0,0,0,0,0,0,0,0,0,0,0,0,0
TÉCNICO DE TELECOMUNICACIONES EN OÑATI,2024-04-02,2024,1,0,0,0,0,0,0,0,1,0,0,0,0,1,0,0,0,0,0,0,0
INGENIERO TÉCNICO DE OBRA CIVIL,2024-04-02,2024,0,0,0,0,0,0,0,0,0,0,0,0,0,0,0,0,0,0,0,0,0
MONTADOR/A DE AISLAMIENTO,2024-04-02,2024,0,0,0,0,0,0,0,0,0,0,0,0,0,0,0,0,0,0,0,0,0
RESPONSABLE DE MANTENIMIENTO EN ENPRESA DE OÑATI,2024-04-02,2024,0,0,0,0,0,0,0,0,0,0,0,1,0,0,0,0,0,1,0,0,0
TÉCNICO DE MANTENIMIENTO PARA EMPRESA DE OÑATI,2024-04-02,2024,0,0,0,0,0,0,0,0,0,0,0,1,0,0,0,0,0,0,0,0,0
ASESOR/A COMERCIAL,2024-04-02,2024,0,0,0,0,0,0,0,0,0,0,0,0,0,0,0,0,0,0,0,0,0
DESARROLLADOR/A FRONTEND UX/UI PARA EMPRESA EN ARRASATE,2024-04-02,2024,1,0,0,0,0,1,0,0,0,0,0,0,0,0,0,0,0,0,0,0,0
CALDERERO/A OFICIAL DE SEGUNDA,2024-03-27,2024,0,0,0,0,0,0,0,0,0,0,0,1,0,0,0,0,0,0,0,0,0
"ELECTRICISTA DE 1ª, 2ª O 3ª",2024-03-27,2024,0,0,0,0,0,0,0,0,0,0,0,0,0,0,0,0,0,0,0,0,0
CALDEDERERO/A OFICIAL DE PRIMERA,2024-03-27,2024,0,0,0,0,0,0,0,0,0,0,0,1,0,0,0,0,0,0,0,0,0
ENCARGADO/A DEL SERVICIO DE RECOGIDA DE RESIDUOS URBANOS NOCTURNO,2024-03-27,2024,0,0,0,0,0,0,0,0,0,0,0,0,0,0,0,0,0,0,0,0,0
GEROCULTOR,2024-03-27,2024,0,0,0,0,0,0,0,0,0,0,0,0,0,0,0,0,0,0,0,0,0
INTÉRPRETE DE LENGUA DE SIGNOS,2024-03-27,2024,0,0,0,0,0,0,0,0,0,0,0,0,0,1,0,0,0,0,0,0,0
PELUQUERO/A,2024-03-27,2024,0,0,0,0,0,0,0,0,0,0,0,1,0,0,0,0,0,0,0,0,0
EMPLEADO/EMPLEADA DE AGENCIA DE VIAJES,2024-03-27,2024,0,0,0,0,0,0,0,0,0,0,0,0,0,0,0,0,0,0,0,0,0
TÉCNICA/O DE SERVICIOS JURÍDICOS (CONTRATO FORMATIVO PARA LA OBTENCIÓN DE LA PRÁCTICA PROFESIONAL),2024-03-27,2024,0,0,0,0,0,0,0,0,0,0,0,1,0,0,0,0,0,0,0,0,0
PROFESOR/A HISTORIA DE LA MÚSICA JAZZ,2024-03-27,2024,0,0,0,0,0,0,0,0,0,0,0,0,0,0,0,0,0,0,0,0,0
PROFESOR/A PIANO,2024-03-27,2024,0,0,0,0,0,0,0,0,0,0,0,0,0,0,0,0,0,0,0,0,0
TÉCNICO/A DE RESIDUOS,2024-03-27,2024,0,0,0,0,0,0,0,0,0,0,0,0,0,0,0,0,0,0,0,0,0
OPERADOR DE GRUA TORRE,2024-03-27,2024,0,0,0,0,0,0,0,0,0,0,0,0,0,0,0,0,0,0,0,0,0
PROFESOR/A SOCIOSANITARIO,2024-03-27,2024,0,0,0,0,0,0,0,0,0,0,0,0,0,0,0,0,0,0,0,0,0
AUXILIAR DE CARNICERÍA EN HIPERMERCADO PARA ZIGOITIA.,2024-03-27,2024,0,0,0,0,0,0,0,0,0,0,0,0,1,0,0,0,0,0,0,0,0
CAMARERO/CAMARERA,2024-03-27,2024,0,0,0,0,0,0,0,0,0,0,0,0,0,0,0,0,0,0,0,0,0
PINTOR/A DE AUTOMOCIÓN,2024-03-27,2024,0,0,0,0,0,0,0,0,0,0,0,0,0,0,0,0,0,0,0,0,0
OFICIAL MAQUINARIA MUEBLE,2024-03-27,2024,0,0,0,0,0,0,0,0,0,0,0,0,0,0,0,0,0,0,0,0,0
MONITOR/A DE ACTIVIDADES DEPORTIVAS DIRIGIDAS,2024-03-27,2024,0,0,0,0,0,0,0,0,0,0,0,0,0,0,0,0,0,0,0,0,0
ESPECIALISTA EN VENTAS Y MARKETING DIGITAL,2024-03-26,2024,0,0,0,0,0,0,0,0,1,0,0,0,1,1,0,1,0,0,0,0,0
OPTICO/A,2024-03-26,2024,0,0,0,0,0,0,0,0,0,0,0,0,0,0,0,0,0,0,0,0,0
CONDUCTOR/A DE AUTOBÚS INTERNACIONAL,2024-03-26,2024,0,0,0,0,0,0,0,0,0,0,0,0,0,0,0,0,0,0,0,0,0
CONDUCTOR/A TRAILER,2024-03-26,2024,0,0,0,0,0,0,0,0,0,0,0,0,0,0,0,0,0,0,0,0,0
BARNIZADO DE MADERA,2024-03-26,2024,0,0,0,0,0,0,0,0,0,0,0,0,0,0,0,0,0,0,0,0,0
OPERARIO/A DE PRODUCCIÓN,2024-03-26,2024,0,0,0,0,0,0,0,0,0,0,0,0,0,0,0,0,0,0,0,0,0
MAQUINISTA OBRA PUBLICA,2024-03-26,2024,0,0,0,0,0,0,0,0,0,0,0,0,0,0,0,0,0,0,0,0,0
PROGRAMADOR INFORMATICO SENIOR,2024-03-26,2024,1,0,0,0,0,0,0,0,0,0,0,0,0,0,0,0,0,0,0,0,0
TÉCNICO/A SUPERIOR EN ADMINISTRACION PUBLICA,2024-03-26,2024,0,0,0,0,0,0,0,0,0,0,0,0,0,0,0,0,0,0,0,0,0
COCINERO/A,2024-03-26,2024,0,0,0,0,0,0,0,0,0,0,0,0,0,0,0,0,0,0,0,0,0
FACULTATIVO/A ESPECIALISTA MEDICINA DEL TRABAJO,2024-03-26,2024,0,0,0,0,0,0,0,0,0,0,0,0,0,0,0,0,0,0,0,0,0
ADMINISTRATIVO/A,2024-03-26,2024,0,0,0,0,0,0,0,0,0,0,0,0,1,0,0,0,0,0,0,0,0
ELECTRICISTA PCI,2024-03-26,2024,1,0,0,0,0,0,0,0,0,0,0,0,0,0,0,0,0,0,0,0,0
AGENTE DE PERSONAS CON MOVILIDAD REDUCIDA,2024-03-26,2024,0,0,0,0,0,0,0,0,0,0,0,0,0,0,0,0,0,0,0,0,0
COMERCIAL DE VENTAS,2024-03-26,2024,0,0,0,0,0,0,0,0,0,0,0,0,1,0,0,0,0,0,0,0,0
VERIFICADOR INSPECTOR CALIDAD DE PIEZAS MECANIZADAS,2024-03-26,2024,0,0,0,0,0,0,0,0,0,0,0,0,0,0,0,0,0,0,0,0,0
TELEFONISTA ( RADIO TAXI),2024-03-26,2024,0,0,0,0,0,0,0,0,0,0,0,0,0,0,1,0,0,0,0,0,0
SOCORRISTA-MONITOR DE PISCINA,2024-03-26,2024,0,0,0,0,0,0,0,0,0,0,0,0,0,0,0,0,0,0,0,0,0
SOCORRISTA ACUATICO,2024-03-26,2024,0,0,0,0,0,0,0,0,0,0,0,0,0,0,0,0,0,0,0,0,0
PINTORA / PINTOR INDUSTRIAL,2024-03-26,2024,0,0,0,0,0,0,0,0,0,0,0,0,0,0,0,0,0,0,0,0,0
ADMINISTRATAIVO/A ASESORÍA,2024-03-26,2024,0,0,0,0,0,0,0,0,0,0,0,0,0,0,0,0,0,0,0,0,0
COCINERO/A,2024-03-26,2024,0,0,0,0,0,0,0,0,0,0,0,0,0,0,0,0,0,0,0,0,0
DECORADOR/A CON FRANCES,2024-03-26,2024,0,0,0,0,0,0,0,0,0,0,0,0,1,0,0,0,0,0,0,0,0
TÉCNICO/A DE PRODUCTO,2024-03-26,2024,0,0,0,0,0,0,0,0,0,0,0,0,1,0,0,1,0,0,0,0,0
AYUDANTE TECNICO DE INYECCION,2024-03-26,2024,0,0,0,0,0,0,0,0,0,0,0,0,0,0,0,0,0,0,0,0,0
INGENIERO/A DE DISEÑO DE INSTALACIONES MECÁNICAS,2024-03-25,2024,0,0,0,0,0,0,0,0,0,0,0,1,0,0,0,0,0,0,0,0,0
PERSONAL TECNICO CONTROL DE PLAGAS,2024-03-25,2024,0,0,0,0,0,0,0,0,0,0,0,0,0,0,0,0,0,0,0,0,0
DOCENTE FORMACION EN PREVENCION DE RIESGOS LABORALES,2024-03-25,2024,0,0,0,0,0,0,0,0,0,0,0,1,0,1,0,0,0,0,0,0,0
TÉCNICA/O LOGÍSTICA,2024-03-25,2024,0,0,0,0,0,0,0,0,0,0,0,0,1,0,0,0,0,0,0,0,0
ADMINISTRATIVO/A,2024-03-25,2024,0,0,0,0,0,0,0,0,0,0,0,0,0,0,0,0,0,0,0,0,0
TÉCNICO/A ELÉCTRICO ELECTRÓNICO O ELECTROMECÁNICO,2024-03-25,2024,0,0,0,0,0,0,0,0,0,0,0,1,0,0,0,0,0,0,0,0,0
COCINERO/A,2024-03-25,2024,0,0,0,0,0,0,0,0,0,0,0,0,0,0,0,0,0,0,0,0,0
"PROFESOR/A INGLÉS, LCL Y GEOGRAFÍA E HISTORIA",2024-03-25,2024,0,0,0,0,0,0,0,0,0,0,0,0,0,0,0,0,0,0,0,0,0
PELUQUERO/A,2024-03-25,2024,0,0,0,0,0,0,0,0,0,0,0,0,0,0,0,0,0,0,0,0,0
MONITOR/A DE PILATES,2024-03-25,2024,0,0,0,0,0,0,0,0,0,0,0,0,0,0,0,0,0,0,0,0,0
MECANICO/A DE MANTENIMIENTO GRUAS,2024-03-25,2024,0,0,0,0,0,0,0,0,0,0,0,0,0,0,0,0,0,0,0,0,0
AYUDANTE DE OBRA,2024-03-25,2024,0,0,0,0,0,0,0,0,0,0,0,1,0,0,1,0,0,0,0,0,0
FONTANERO PARA ZONA BILBAO,2024-03-25,2024,0,0,0,0,0,0,0,0,0,0,0,0,0,0,0,0,0,0,0,0,0
INGENIERO/A TÉCNICO/A MECÁNICO/A,2024-03-25,2024,0,0,0,0,0,0,0,0,0,0,0,0,0,0,0,0,0,0,0,0,0
CAMARERO/A,2024-03-25,2024,0,0,0,0,0,0,0,0,0,0,0,0,0,0,0,0,0,0,0,0,0
OPERADOR DE GRUA PUENTE,2024-03-25,2024,0,0,0,0,0,0,0,0,0,0,0,0,0,0,0,0,0,0,0,0,0
FORMADOR/A EN PREVENCIÓN DE RIESGOS LABORALES,2024-03-25,2024,0,0,0,0,0,0,0,0,0,0,0,0,0,0,0,0,0,0,0,0,0
MONTADOR/A MANTENEDOR/A DE PUERTAS AUTOMATICAS,2024-03-25,2024,0,0,0,0,0,0,0,0,0,0,0,0,0,0,0,0,0,0,0,0,0
ADMINISTRATIVO - PRODUCCIÓN,2024-03-25,2024,1,0,0,0,0,0,0,0,0,0,0,0,0,0,0,0,0,0,0,0,0
PELUQUERO/A,2024-03-25,2024,0,0,0,0,0,0,0,0,0,0,0,0,0,0,0,0,0,0,0,0,0
PEON-A MULTISERVICIOS,2024-03-25,2024,0,0,0,0,0,0,0,0,0,0,0,0,0,0,0,0,0,0,0,0,0
TÉCNICO/A DE MANTENIMIENTO,2024-03-25,2024,0,0,0,0,0,0,0,0,0,0,0,0,0,0,0,0,0,0,0,0,0
AYUDANTE DE RECEPCIÓN HOTEL,2024-03-25,2024,0,0,0,0,0,0,0,0,0,0,0,0,1,0,0,0,0,0,0,0,0
TECNICO RECAUDADOR/A,2024-03-25,2024,0,0,0,0,0,0,0,0,0,0,0,0,0,0,0,0,0,0,0,0,0
OFICIAL DE SEGUNDA METAL,2024-03-22,2024,0,0,0,0,0,0,0,0,0,0,0,0,0,0,0,0,0,0,0,0,0
ALMACENERO,2024-03-22,2024,1,0,0,0,0,0,0,0,0,0,0,0,0,0,0,0,0,0,0,0,0
PELUQUERA/O CON EXPERIENCIA,2024-03-22,2024,0,0,0,0,0,0,0,0,0,0,0,0,0,0,0,0,0,0,0,0,0
OPERARIA/O PRODUCCIÓN - ENVASADO,2024-03-22,2024,0,0,0,0,0,0,0,0,0,0,0,0,0,0,0,0,0,0,0,0,0
APAREJADOR DE INFRAESTRUCTURA,2024-03-22,2024,0,0,0,0,0,0,0,0,0,0,0,0,0,0,0,0,0,0,0,0,0
CAMARERO/A,2024-03-22,2024,0,0,0,0,0,0,0,0,0,0,0,0,0,0,0,0,0,0,0,0,0
ADMINISTRATIVO LABORAL,2024-03-22,2024,0,0,0,0,0,0,0,0,0,0,0,0,0,0,0,0,0,0,0,0,0
SERVICIO DE AYUDA A DOMICILIO,2024-03-22,2024,0,0,0,0,0,0,0,0,0,0,0,0,0,0,0,0,0,0,0,0,0
TÉCNICO/A SOPORTE SISTEMAS INDUSTRIALES IT-OT,2024-03-22,2024,1,0,0,0,0,0,0,0,1,0,0,0,1,1,0,0,0,0,0,0,0
FONTANERO/A,2024-03-22,2024,0,0,0,0,0,0,0,0,0,0,0,0,0,0,1,0,0,0,0,0,0
PROGRAMADOR/A JAVA (SPRING BOOT + ANGULAR),2024-03-22,2024,1,0,1,1,0,0,0,0,0,0,0,1,0,0,0,0,0,0,0,0,0
ASISTENTE DOMICILIARIO,2024-03-22,2024,0,0,0,0,0,0,0,0,0,0,0,0,0,0,0,0,0,0,0,0,0
ALBAÑIL,2024-03-22,2024,0,0,0,0,0,0,0,0,0,0,0,0,0,0,0,0,0,0,0,0,0
TÉCNICO/A ESPECIALISTA EN BIM,2024-03-22,2024,0,0,0,0,0,0,0,0,0,0,0,0,0,0,0,0,0,0,0,0,0
CONDUCTOR DE TRÁILER,2024-03-22,2024,0,0,0,0,0,0,0,0,0,0,0,0,0,0,0,0,0,0,0,0,0
BARBERO /A,2024-03-22,2024,0,0,0,0,0,0,0,0,0,0,0,0,0,0,0,0,0,0,0,0,0
OPERARIO/A DE LIMPIEZA DE BODEGA,2024-03-22,2024,0,0,0,0,0,0,0,0,0,0,0,0,0,0,0,0,0,0,0,0,0
OPERARIO/A DE ALMACÉN,2024-03-22,2024,0,0,0,0,0,0,0,0,0,0,0,0,0,0,0,0,0,0,0,0,0
PEON/A DE BODEGA,2024-03-22,2024,0,0,0,0,0,0,0,0,0,0,0,0,0,0,0,0,0,0,0,0,0
OPERADOR/A MAQUINARIA. ALIMENTADOR/A MANUAL,2024-03-22,2024,0,0,0,0,0,0,0,0,0,0,0,0,0,0,0,0,0,0,0,0,0
PELUQUERA@ OFICIALA DE 2ª,2024-03-22,2024,0,0,0,0,0,0,0,0,0,0,0,0,0,0,0,0,0,0,0,0,0
ALBAÑIL OFICIAL DE 1ª CONSTRUCCIÓN,2024-03-22,2024,0,0,0,0,0,0,0,0,0,0,0,0,0,0,0,0,0,0,0,0,0
APAREJADOR DE INFRAESTRUCTURAS,2024-03-22,2024,0,0,0,0,0,0,0,0,0,0,0,0,0,0,0,0,0,0,0,0,0
ASESOR/A HORTICULTURA ECOLÓGICA,2024-03-22,2024,0,0,0,0,0,0,0,0,0,0,0,0,0,0,0,0,0,0,0,0,0
GUÍA TURÍSTICO EN Y DESDE SAN SEBASTIÁN,2024-03-22,2024,0,0,0,0,0,0,0,0,0,0,0,0,0,0,0,0,0,0,0,0,0
CHAPISTA/CARROCERO/A DE AUTOMOCIÓN,2024-03-22,2024,0,0,0,0,0,0,0,0,0,0,0,0,0,0,0,0,0,0,0,0,0
DECORADOR/A - DEPENDIENTE/A,2024-03-22,2024,0,0,0,0,0,0,0,0,0,0,0,0,1,0,0,0,0,0,0,0,0
MANTENIMIENTO DE PUERTAS AUTOMÁTICAS,2024-03-22,2024,0,0,0,0,0,0,0,0,0,0,0,0,0,0,0,0,0,0,0,0,0
FISIOTERAPEUTA,2024-03-22,2024,0,0,0,0,0,0,0,0,0,0,0,0,0,0,0,0,0,0,0,0,0
COMERCIAL,2024-03-22,2024,0,0,0,0,0,0,0,0,0,0,0,0,1,0,0,0,0,0,0,0,0
ALMACENERO,2024-03-22,2024,0,0,0,0,0,0,0,0,0,0,0,0,0,0,0,0,0,0,0,0,0
OPERARIO TALLADORA/ TALADRO,2024-03-22,2024,0,0,0,0,0,0,0,0,0,0,0,0,0,0,0,0,0,0,0,0,0
TECNICO EN INSTALACIONES ELECTRICAS,2024-03-22,2024,0,0,0,0,0,0,0,0,0,0,0,1,0,0,0,0,0,0,0,0,0
CHOFER DE CAMION,2024-03-22,2024,0,0,0,0,0,0,0,0,0,0,0,0,0,0,0,0,0,0,0,0,0
PROGRAMADOR CAD CAM,2024-03-22,2024,1,0,0,0,0,0,0,0,0,0,0,0,0,0,0,0,0,0,0,0,0
REPARTIDORES A DOMICILIO CON DISCAPACIDAD,2024-03-22,2024,0,0,0,0,0,0,0,0,0,0,0,0,1,0,0,0,0,0,0,0,0
MANTENIMIENTO Y REPARACIÓN DE VEHÍCULOS AUTOMÓVILES,2024-03-21,2024,0,0,0,0,0,0,0,0,0,0,0,0,0,0,0,0,0,0,0,0,0
MANTENIMIENTO Y REPARACIÓN DE VEHÍCULOS INDUSTRIALES,2024-03-21,2024,0,0,0,0,0,0,0,0,0,0,0,0,0,0,0,0,0,0,0,0,0
AUXILIAR DE FARMACIA,2024-03-21,2024,0,0,0,0,0,0,0,0,0,0,0,0,0,0,0,0,0,0,0,0,0
INVESTIGADOR/A EN INDUSTRIALIZACIÓN DE LOS SECTORES PRODUCTIVOS,2024-03-21,2024,0,0,0,0,0,0,0,0,0,0,0,1,0,0,0,0,0,0,0,0,0
FORMADOR/A CONTROL DE PLAGAS,2024-03-21,2024,0,0,0,0,0,0,0,0,0,0,0,0,0,0,0,0,0,0,0,0,0
PERSONAL ADMINISTRATIVO CON DISCAPACIDAD,2024-03-21,2024,0,0,0,0,0,0,0,0,0,0,0,0,0,0,0,0,0,0,0,0,0
ALMACENERO/A - REPARTIDOR/A,2024-03-21,2024,0,0,0,0,0,0,0,0,0,0,0,0,0,0,0,0,0,0,0,0,0
ENFERMERO/A,2024-03-21,2024,0,0,0,0,0,0,0,0,0,0,0,1,0,0,0,0,0,0,0,0,0
DISEÑADOR INDUSTRIAL PARA EMPRESA DE ITZIAR,2024-03-21,2024,0,0,0,0,0,0,0,0,0,0,0,1,0,0,1,0,0,0,0,0,0
TECNICO INFORMATICO,2024-03-21,2024,1,0,0,0,0,0,0,0,1,0,0,0,0,0,0,0,0,0,0,0,0
TÉCNICO/A ILUMINACIÓN,2024-03-21,2024,1,0,0,0,0,0,0,0,0,0,0,0,0,0,0,0,0,0,0,0,0
GRADUADO EN ADMINISTRACION Y DIRECCION DE EMPRESAS JUNIOR,2024-03-21,2024,0,0,0,0,0,0,0,0,0,0,0,0,1,0,0,0,0,0,0,0,0
CONDUCTOR/A CAMION GRUA CON GANCHO,2024-03-21,2024,0,0,0,0,0,0,0,0,0,0,0,0,0,0,0,0,0,0,0,0,0
GIZARTE LANGILEA,2024-03-21,2024,1,0,0,0,0,0,0,0,0,0,0,0,0,0,0,0,0,0,0,0,0
MANAGER MUSICAL,2024-03-21,2024,0,0,0,0,0,0,0,0,0,0,0,0,0,1,0,0,0,0,0,0,0
"DOCENTE CONTABILIDAD, NOMINAS Y FACTURACION",2024-03-21,2024,0,0,0,0,0,0,0,0,0,0,0,0,0,0,0,0,0,0,0,0,0
GUÍA DE ECOTURISMO,2024-03-21,2024,0,0,0,0,0,0,0,0,0,0,0,0,0,0,0,0,0,0,0,0,0
TELEOPERADOR/A,2024-03-21,2024,0,0,0,0,0,0,0,0,0,0,0,0,0,0,0,0,0,0,0,0,0
PERSONAL DE MANTENIMIENTO,2024-03-21,2024,0,0,0,0,0,0,0,0,0,0,0,0,0,0,0,0,0,0,0,0,0
TECNICO EN PREVENCION DE RIESGOS LABORALES PARA DONOSTIA,2024-03-21,2024,0,0,0,0,0,0,0,0,0,0,0,0,0,0,0,0,0,0,0,0,0
INSTALADOR-A ELECTRICISTA INDUSTRIAL/CUADRISTA,2024-03-21,2024,0,0,0,0,0,0,0,0,0,0,0,0,0,0,0,0,0,0,0,0,0
PROFESOR DEL ÁREA DE FABRICACIÓN MECÁNICA,2024-03-20,2024,0,0,0,0,0,0,0,0,0,0,0,0,0,0,0,0,0,0,0,0,0
RESPONSABLE DE SAP,2024-03-20,2024,0,0,0,0,0,0,0,0,0,0,0,0,0,0,0,0,0,0,0,0,0
ENFERMERA / ENFERMERO,2024-03-20,2024,0,0,0,0,0,0,0,0,0,0,0,0,0,0,0,0,0,0,0,0,0
OPERARIO-A DE INYECCIÓN EPOXY,2024-03-20,2024,0,0,0,0,0,0,0,0,0,0,0,1,0,0,0,0,0,0,0,0,0
GUIA DE MUSEO,2024-03-20,2024,0,0,0,0,0,0,0,0,0,0,0,0,0,0,0,0,0,0,0,0,0
AUXILIAR DE RECEPCION ALBERGUE,2024-03-20,2024,1,0,0,0,0,0,0,0,0,0,0,0,0,0,0,0,0,0,0,0,0
TÉCNICO/A SUPERIOR DE RIESGOS LABORALES,2024-03-20,2024,0,0,0,0,0,0,0,0,0,0,0,0,0,0,0,0,0,0,0,0,0
AGENTE COMERCIAL,2024-03-20,2024,0,0,0,0,0,0,0,0,0,0,0,1,1,0,1,0,0,0,0,0,0
COMERCIAL,2024-03-20,2024,1,0,0,0,0,0,0,0,0,0,0,0,1,1,0,0,0,0,0,0,0
MONITOR/A JARDINERÍA CENTRO ESPECIAL DE EMPLEO,2024-03-20,2024,0,0,0,0,0,0,0,0,0,0,0,0,0,0,0,0,0,0,0,0,0
COMERCIAL,2024-03-20,2024,1,0,0,0,0,0,0,0,0,0,0,0,1,1,0,0,0,0,0,0,0
OFICIAL PELUQUERÍA,2024-03-20,2024,0,0,0,0,0,0,0,0,0,0,0,0,1,0,0,0,0,0,0,0,0
AUXILIAR DE GERIATRÍA,2024-03-20,2024,0,0,0,0,0,0,0,0,0,0,0,0,0,0,0,0,0,0,0,0,0
TÉCNICO.A PUESTA EN MARCHA,2024-03-20,2024,1,0,0,0,0,0,0,0,0,0,0,1,0,0,1,0,0,0,0,0,0
AUXILIAR DE FARMACIA,2024-03-20,2024,0,0,0,0,0,0,0,0,0,0,0,0,0,0,0,0,0,0,0,0,0
IGELTSEROA,2024-03-20,2024,1,0,0,0,0,0,0,0,0,0,0,0,0,0,0,0,0,0,0,0,0
DOCENTE - INVESTIGADOR/A EN SOSTENIBILIDAD AMBIENTAL,2024-03-20,2024,0,0,0,0,0,0,0,0,0,0,0,0,0,0,0,1,0,0,0,0,0
COCINERA/O,2024-03-20,2024,0,0,0,0,0,0,0,0,0,0,0,0,0,0,0,0,0,0,0,0,0
AUXILIAR DE AYUDA A DOMICILIO EN RÉGIMEN INTERNO,2024-03-20,2024,0,0,0,0,0,0,0,0,0,0,0,0,0,0,0,0,0,0,0,0,0
OPERARIO.A TALLER,2024-03-20,2024,0,0,0,0,0,0,0,0,0,0,0,1,0,0,0,0,0,0,0,0,0
COCINERA/COCINERO,2024-03-20,2024,0,0,0,0,0,0,0,0,0,0,0,0,0,0,0,0,0,0,0,0,0
TECNICO/A DE AUTOMATIZACION Y ROBOTICA,2024-03-20,2024,0,0,0,0,0,0,0,0,0,0,0,1,0,0,0,0,0,0,0,0,0
ELECTRICISTA,2024-03-20,2024,0,0,0,0,0,0,0,0,0,0,0,0,0,0,0,0,0,0,0,0,0
PROFESOR/A DE VOZ,2024-03-20,2024,0,0,0,0,0,0,0,0,0,0,0,0,0,0,0,0,0,0,0,0,0
FONTANERO,2024-03-20,2024,1,0,0,0,0,0,0,0,0,0,0,0,0,0,0,0,0,0,0,0,0
FISIOTERAPEUTA,2024-03-20,2024,0,0,0,0,0,0,0,0,0,0,0,0,0,0,0,0,0,0,0,0,0
COMERCIAL,2024-03-20,2024,1,0,0,0,0,0,0,0,0,0,0,1,1,0,0,0,0,0,0,0,0
ALMACENERO,2024-03-20,2024,0,0,0,0,0,0,0,0,0,0,0,0,0,0,0,0,0,0,0,0,0
ENFERMERO/ENFERMERA,2024-03-20,2024,0,0,0,0,0,0,0,0,0,0,0,0,0,0,0,0,0,0,0,0,0
TÉCNICO/TÉCNICA DE ATENCIÓN A PERSONAS USUARIAS,2024-03-19,2024,0,0,0,0,0,0,0,0,0,0,0,0,1,0,0,0,0,0,0,0,0
PROFESOR DE NOMINAS Y SEGUROS SOCIALES,2024-03-19,2024,0,0,0,0,0,0,0,0,0,0,0,0,0,0,0,0,0,0,0,0,0
MEDICO/A,2024-03-19,2024,0,0,0,0,0,0,0,0,0,0,0,0,0,0,0,0,0,0,0,0,0
RECEPCIONISTA DE HOTEL,2024-03-19,2024,0,0,0,0,0,0,0,0,0,0,0,0,1,0,0,0,0,0,0,0,0
TECNICO/A DE VIVIENDA,2024-03-19,2024,0,0,0,0,0,0,0,0,0,0,0,0,0,0,0,0,0,0,0,0,0
TÉCNICO/A DE TURISMO,2024-03-19,2024,0,0,0,0,0,0,0,0,0,0,0,0,0,0,0,0,0,0,0,0,0
INSTRUCTOR/A DE GIMNASIO,2024-03-19,2024,0,0,0,0,0,0,0,0,0,0,0,1,0,0,0,0,0,0,0,0,0
PERSONA OPERARIA DE ALMACÉN,2024-03-19,2024,0,0,0,0,0,0,0,0,0,0,0,1,0,0,0,0,0,0,0,0,0
TÉCNICO/A DE AUTOMATIZACIÓN,2024-03-19,2024,0,0,1,0,0,0,0,0,0,1,0,1,1,1,0,0,0,0,0,0,0
COCINERO/A Ó AYUDANTE DE COCINA,2024-03-19,2024,0,0,0,0,0,0,0,0,0,0,0,0,0,0,0,0,0,0,0,0,0
ADMINISTRATIVO/A PARA CAMPAÑA DE RENTA,2024-03-19,2024,0,0,0,0,0,0,0,0,0,0,0,0,0,0,0,0,0,0,0,0,0
CAMARERO/A,2024-03-19,2024,0,0,0,0,0,0,0,0,0,0,0,0,0,0,0,0,0,0,0,0,0
JAVA SOFTWARE ENGINEER,2024-03-19,2024,1,0,1,1,0,0,0,0,0,1,0,1,0,0,0,0,0,0,0,0,0
DEPENDIENTE/A TIENDA DE DECORACIÓN,2024-03-19,2024,0,0,0,0,0,0,0,0,0,0,0,0,1,0,0,0,0,0,0,0,0
DESARROLLADOR/A FULLSTACK SENIOR ENTORNO MICROSOFT .NET,2024-03-19,2024,1,0,1,1,0,0,0,0,0,0,0,0,0,0,0,0,0,0,0,0,0
CONTABLE-FINANCIERO/A,2024-03-19,2024,1,0,0,0,0,0,0,0,0,0,0,0,0,0,1,0,0,0,0,0,0
ESPECIALISTA EN DESARROLLO COMERCIA,2024-03-19,2024,0,0,0,0,0,0,0,0,0,0,0,0,1,0,1,0,0,0,0,0,0
OFICIAL DE PRIMERA PARA OBRADOR DE PASTELERÍA,2024-03-19,2024,0,0,0,0,0,0,0,0,0,0,0,0,0,0,0,0,0,0,0,0,0
SERVICIO DE ASISTENCIA TECNICA,2024-03-19,2024,1,0,0,0,0,0,0,0,0,0,0,1,0,0,0,0,0,0,0,0,0
AGENTE PROFESIONAL DE SEGUROS Y PRODUCTOS FINANCIEROS.,2024-03-18,2024,0,0,0,0,0,0,0,0,1,0,0,1,1,1,0,0,1,0,0,0,0
ELECTRICISTA OFICIAL 1ª - 2ª - 3ª,2024-03-18,2024,0,0,0,0,0,0,0,0,0,0,0,0,0,0,0,0,0,0,0,0,0
RESPONSABLE DE ALMACEN,2024-03-18,2024,0,0,0,0,0,0,0,0,0,0,0,1,0,0,0,0,0,0,0,0,0
TECNICO LOGISTICA,2024-03-18,2024,0,0,0,0,0,0,0,0,0,0,0,0,0,0,0,0,0,0,0,0,0
MÉDICO/A,2024-03-18,2024,0,0,0,0,0,0,0,0,0,0,0,1,0,0,0,0,0,0,0,0,0
SOLDADOR/A,2024-03-18,2024,0,0,0,0,0,0,0,0,0,0,0,0,0,0,0,0,0,0,0,0,0
OPERARIO/A DE SERRERÍA Y FABRICACIÓN DE EMBALAJE,2024-03-18,2024,0,0,0,0,0,0,0,0,0,0,0,0,0,0,0,0,0,0,0,0,0
PROFESOR DE INGLES,2024-03-18,2024,0,0,0,0,0,0,0,0,0,0,0,0,0,0,0,0,0,0,0,0,0
PROFESOR DE APOYO PRIMARIA Y SECUNDARIA,2024-03-18,2024,0,0,0,0,0,0,0,0,0,0,0,0,0,0,0,0,0,0,0,0,0
VENTAS INTERNAS Y GESTIÓN DE ALMACÉN,2024-03-18,2024,0,0,0,0,0,0,0,0,0,0,0,0,0,0,0,0,0,0,0,0,0
FORMADOR/A-MONITOR/A DE ALBAÑILERIA Y PINTURA,2024-03-18,2024,0,0,0,0,0,0,0,0,0,0,0,0,0,0,0,0,0,0,0,0,0
OPERARIO DE CONSTRUCCIÓN,2024-03-18,2024,0,0,0,0,0,0,0,0,0,0,0,0,0,0,0,0,0,0,0,0,0
VIGILANTE DE INSTALACIONES DEPORTIVAS,2024-03-15,2024,0,0,0,0,0,0,0,0,0,0,0,0,0,0,0,0,0,0,0,0,0
AUXILIAR DE AYUDA A DOMICILIO,2024-03-15,2024,0,0,0,0,0,0,0,0,0,0,0,0,0,0,0,0,0,0,0,0,0
PSICÓLOGO/A,2024-03-15,2024,0,0,0,0,0,0,0,0,0,0,0,0,1,0,0,0,0,0,0,0,0
AUXILIAR DE ENFERMERÍA,2024-03-15,2024,0,0,0,0,0,0,0,0,0,0,0,0,0,0,0,0,0,0,0,0,0
INSTRUCTOR/A PARAPENTE,2024-03-15,2024,0,0,0,0,0,0,0,0,0,0,0,0,0,0,0,0,0,0,0,0,0
ADMINISTRATIVO/A CONTABLE,2024-03-15,2024,0,0,0,0,0,0,0,0,0,0,0,0,0,0,0,0,0,0,0,0,0
ADMINISTRATIVO CONTABLE,2024-03-15,2024,0,0,0,0,0,0,0,0,0,0,0,0,0,0,0,0,0,0,0,0,0
LIJADOR DE PIEZAS DE MADERA,2024-03-15,2024,0,0,0,0,0,0,0,0,0,0,0,0,0,0,0,0,0,0,0,0,0
TÉCNICO/A DE LICENCIA (DELEGADO/A COMERCIAL),2024-03-15,2024,0,0,0,0,0,0,0,0,0,0,0,0,0,0,0,0,0,0,0,0,0
ADMINITRATIVO/A,2024-03-15,2024,0,0,0,0,0,0,0,0,0,0,0,1,0,0,0,0,0,0,0,0,0
GEROCULTOR/A,2024-03-15,2024,0,0,0,0,0,0,0,0,0,0,0,0,0,0,0,0,0,0,0,0,0
PERSONAL DE LIMPIEZA,2024-03-15,2024,0,0,0,0,0,0,0,0,0,0,0,0,0,0,0,0,0,0,0,0,0
PERSONAL DE CONDUCCIÓN DE AUTOBUS,2024-03-15,2024,0,0,0,0,0,0,0,0,0,0,0,0,1,0,0,0,0,0,0,0,0
OPERARIO DE MANTENIMIENTO Y CONSERVACIÓN,2024-03-15,2024,0,0,0,0,0,0,0,0,0,0,0,0,0,0,0,0,0,0,0,0,0
MECANICO DE VEHICULO INDUSTRIAL,2024-03-15,2024,0,0,0,0,0,0,0,0,0,0,0,0,0,0,0,0,0,0,0,0,0
TELEOPERADOR/A COMERCIAL,2024-03-14,2024,0,0,0,0,0,0,0,0,1,0,0,0,1,1,0,0,0,0,0,0,0
OPERARIO/A DE FRESADORA CNC (CONTRATO DE RELEVO),2024-03-14,2024,0,0,0,0,0,0,0,0,0,0,0,1,0,0,0,0,0,0,0,0,0
PROFESOR/A DE INGLÉS,2024-03-14,2024,0,0,0,0,0,0,0,0,0,0,0,0,0,0,0,0,0,0,0,0,0
OFICIAL/A DE BODEGA,2024-03-14,2024,0,0,0,0,0,0,0,0,0,0,0,0,0,0,0,0,0,0,0,0,0
GUÍAS DE TURISMO,2024-03-14,2024,0,0,0,0,0,0,0,0,0,0,0,0,0,0,0,0,0,0,0,0,0
FACULTATIVO ESPECIALISTA MÉDICO/A CIRUGÍA PEDIÁTRICA,2024-03-14,2024,0,0,0,0,0,0,0,0,0,0,0,0,0,0,0,0,0,0,0,0,0
CARROCERO/A,2024-03-14,2024,0,0,0,0,0,0,0,0,0,0,0,0,0,0,0,0,0,0,0,0,0
PROMOTOR/A COMERCIAL,2024-03-13,2024,0,0,0,0,0,0,0,0,0,0,0,0,1,0,0,0,0,0,0,0,0
FISIOTERAPEUTA,2024-03-13,2024,0,0,0,0,0,0,0,0,0,0,0,0,0,0,1,0,0,0,0,0,0
TECNICO CONTROL DE PLAGAS Y LEGIONELLA,2024-03-13,2024,0,0,0,0,0,0,0,0,0,0,0,0,0,0,0,0,0,0,0,0,0
DEPENDIENTA/E,2024-03-13,2024,0,0,0,0,0,0,0,0,0,0,0,0,0,0,0,0,0,0,0,0,0
CAMARER@,2024-03-13,2024,0,0,0,0,0,0,0,0,0,0,0,0,0,0,0,0,0,0,0,0,0
COCINERO/A,2024-03-13,2024,0,0,0,0,0,0,0,0,0,0,0,1,0,0,0,0,0,0,0,0,0
CONDUCTOR/A AUTOBUS,2024-03-13,2024,0,0,0,0,0,0,0,0,0,0,0,0,0,0,0,0,0,0,0,0,0
FARMACÉUTIC@ ADJUNT@,2024-03-13,2024,0,0,0,0,0,0,0,0,0,0,0,0,0,0,0,0,0,0,0,0,0
CONDUCTOR/A AUTOBUS,2024-03-12,2024,0,0,0,0,0,0,0,0,0,0,0,0,0,0,0,0,0,0,0,0,0
ENCARGADOS/AS DE AREA EN EL AREA INDUSTRIAL CON DISCAPACIDAD,2024-03-12,2024,0,0,0,0,0,0,0,0,0,0,0,0,1,0,0,0,1,0,0,0,0
LIMPIADOR/A,2024-03-12,2024,0,0,0,0,0,0,0,0,0,0,0,0,0,0,0,0,0,0,0,0,0
ELECTROMECÁNICO - MECANICO TALLER AUTOMOCIÓN,2024-03-12,2024,0,0,0,0,0,0,0,0,0,0,0,0,0,0,0,0,0,0,0,0,0
CONDUCTOR/A DE TRÁILER,2024-03-12,2024,0,0,0,0,0,0,0,0,0,0,0,0,0,0,0,0,0,0,0,0,0
SOCORRISTA,2024-03-12,2024,0,0,0,0,0,0,0,0,0,0,0,0,0,0,0,0,0,0,0,0,0
AUXILIAR DE TRÁFICO,2024-03-12,2024,0,0,0,0,0,0,0,0,0,0,0,0,1,0,0,0,0,0,0,0,0
OPERARIOS/AS COCINA,2024-03-12,2024,0,0,0,0,0,0,0,0,0,0,0,1,0,0,1,0,0,0,0,0,0
OPERARIOS/AS JARDINERIA,2024-03-12,2024,0,0,0,0,0,0,0,0,0,0,0,1,0,0,1,0,0,0,0,0,0
GESTOR/A COMERCIAL,2024-03-11,2024,0,0,0,0,0,0,0,0,0,0,0,0,0,0,0,0,0,0,0,0,0
AUXILIAR DE AYUDA A DOMICILIO - MEDIA JORNADA,2024-03-11,2024,0,0,0,0,0,0,0,0,0,0,0,0,0,0,0,0,0,0,0,0,0
ANALISTA PROGRAMADOR JAVA-LIFERAY,2024-03-11,2024,1,0,0,1,0,0,0,0,0,0,0,0,0,0,0,0,0,0,0,0,0
FISIOTERAPEUTA,2024-03-08,2024,0,0,0,0,0,0,0,0,0,0,0,0,0,0,0,0,0,0,0,0,0
DESARROLLADOR/A J2EE/JAVA,2024-03-08,2024,1,0,1,1,0,0,0,1,0,0,0,0,0,0,0,0,0,0,0,0,0
ROBOT DE SOLDADURA,2024-03-08,2024,0,0,0,0,0,0,0,0,0,0,0,0,0,0,0,0,0,0,0,0,0
TERAPEUTAS OCUPACIONALES,2024-03-07,2024,0,0,0,0,0,0,0,0,0,0,0,0,0,0,1,0,0,0,0,0,0
2 VIGILANTES DE SEGURIDAD (UNO A JORNADA COMPLETA Y OTRO PARCIAL),2024-03-06,2024,0,0,0,0,0,0,0,0,0,0,0,0,0,0,0,0,0,0,0,0,0
AUXILIAR ADMINISTRATIVO/A,2024-03-06,2024,0,0,0,0,0,0,0,0,0,0,0,0,0,0,0,0,0,0,0,0,0
ESTETICISTA,2024-03-06,2024,0,0,0,0,0,0,0,0,0,0,0,0,0,0,0,0,0,0,0,0,0
FORMADOR/A ÁREA EDIFICACIÓN Y OBRA CIVIL,2024-03-06,2024,0,0,0,0,0,0,0,0,0,0,0,0,0,0,0,0,0,0,0,0,0
FISIOTERAPEUTA,2024-03-06,2024,0,0,0,0,0,0,0,0,0,0,0,0,0,0,0,0,0,0,0,0,0
OFICIAL DE PELUQUERÍA,2024-03-05,2024,0,0,0,0,0,0,0,0,0,0,0,0,1,0,0,0,0,0,0,0,0
MASAJISTA/OSTEOPATA/FISIOTERAPEUTA,2024-03-05,2024,0,0,0,0,0,0,0,0,0,0,0,0,0,0,0,0,0,0,0,0,0
GESTOR/A COMERCIAL-ADMINISTRATIVO/A EN EMPRESA ASEGURADORA,2024-03-05,2024,0,0,0,0,0,0,0,0,0,0,0,0,1,0,0,0,0,0,0,0,0
CALDEREROS/AS (OFICIAL DE 1ª),2024-03-05,2024,0,0,0,0,0,0,0,0,0,0,0,1,0,0,0,0,0,0,0,0,0
ESTETICISTA,2024-03-05,2024,0,0,0,0,0,0,0,0,0,0,0,0,0,0,0,0,0,0,0,0,0
EXPORT MÁNAGER ÁREA- MERCADO FRANCÉS,2024-03-05,2024,0,0,0,0,0,0,0,0,0,0,0,0,1,0,0,0,0,0,0,0,0
CHAPISTA VEHÍCULOS,2024-03-04,2024,0,0,0,0,0,0,0,0,0,0,0,0,0,0,0,0,0,0,0,0,0
MARMITON/A,2024-03-04,2024,0,0,0,0,0,0,0,0,0,0,0,1,0,0,0,0,0,0,0,0,0
CAMARERA/O,2024-03-04,2024,0,0,0,0,0,0,0,0,0,0,0,1,1,0,0,0,0,0,0,0,0
PINTOR/A DE VEHÍCULOS,2024-03-04,2024,0,0,0,0,0,0,0,0,0,0,0,0,0,0,0,0,0,0,0,0,0
PROGRAMADOR/A INFORMÁTICO/A EN ENTORNO INDUSTRIAL,2024-03-04,2024,1,0,1,0,0,0,0,0,0,0,0,1,0,0,1,0,0,0,0,0,0
"INSTALADOR/A, MANTENEDOR/A FONTANERIA Y CALEFACCION",2024-03-04,2024,0,0,0,0,0,0,0,0,0,0,0,0,0,0,0,0,0,0,0,0,0
OPERARIO TALLER,2024-03-01,2024,0,0,0,0,0,0,0,0,0,0,0,1,0,0,0,0,0,0,0,0,0
CAMARERO/A,2024-03-01,2024,0,0,0,0,0,0,0,0,0,0,0,0,0,0,0,0,0,0,0,0,0
PERSONAL TECNICO EN AUTOMATIZACIÓN INDUSTRIAL Y ROBOTICA,2024-02-29,2024,0,0,0,0,0,0,0,0,0,0,0,0,0,0,0,0,0,0,0,0,0
MECÁNICO/A REPARADOR MAQUINARIA INDUSTRIAL,2024-02-29,2024,0,0,0,0,0,0,0,0,0,0,0,1,0,0,0,0,0,0,0,0,0
MONTADOR/A MECANICO/A,2024-02-28,2024,0,0,0,0,0,0,0,0,0,0,0,0,0,0,0,0,0,0,0,0,0
TRABAJADOR/A DE CAMPO O PEON/A AGRARIO,2024-02-28,2024,0,0,0,0,0,0,0,0,0,0,0,0,0,0,0,0,0,0,0,0,0
ENFERMERO/ENFERMERA - ADMINISTRACIÓN PÚBLICA,2024-02-28,2024,0,0,0,0,0,0,0,0,0,0,0,0,0,0,0,0,0,0,0,0,0
ALBAÑIL/ AZULEJISTA,2024-02-27,2024,0,0,0,0,0,0,0,0,0,0,0,0,0,0,0,0,0,0,0,0,0
PINTOR/A PARA COLOCACION DE PLADUR,2024-02-27,2024,0,0,0,0,0,0,0,0,1,0,0,0,0,0,0,0,0,0,0,0,0
PERSONAL TECNICO EN FARMACIA,2024-02-27,2024,0,0,0,0,0,0,0,0,0,0,0,0,0,0,0,0,0,0,0,0,0
ESTETICISTA,2024-02-27,2024,0,0,0,0,0,0,0,0,0,0,0,0,1,0,0,0,0,0,0,0,0
OPERARIO/A MONTAJE MECÁNICO,2024-02-27,2024,0,0,0,0,0,0,0,0,0,0,0,0,0,0,0,0,0,0,0,0,0
COCINERO/A,2024-02-27,2024,0,0,0,0,0,0,0,0,0,0,0,1,0,0,0,0,0,0,0,0,0
TÉCNICO INSTALADOR DE SISTEMAS DE SEGURIDAD PRIVADA.,2024-02-23,2024,1,0,0,0,0,0,0,0,1,0,0,0,0,0,0,0,0,0,0,0,0
OPERADOR DE ALMACEN,2024-02-23,2024,0,0,0,0,0,0,0,0,0,0,0,0,1,0,0,0,0,0,0,0,0
"CONDUCTORES/AS DE TRANSPORTE DE MERCANCÍAS MECANIZADAS, CON PERMISO C Y E",2024-02-23,2024,0,0,0,0,0,0,0,0,0,0,0,0,0,0,0,0,0,0,0,0,0
OPERARIO/A DE LIMPIEZA,2024-02-22,2024,0,0,0,0,0,0,0,0,0,0,0,0,0,0,0,0,0,0,0,0,0
PERSONAL PARA LIMPIEZA CON CERTIFICADO DISCAPACIDAD,2024-02-22,2024,0,0,0,0,0,0,0,0,0,0,0,0,0,0,0,0,0,0,0,0,0
GESTOR/A DE PROYECTOS,2024-02-21,2024,1,0,0,0,0,0,0,0,1,0,0,0,0,0,1,0,0,0,0,0,0
INVESTIGADOR/A EN OPTIMIZACIÓN ENERGÉTICA Y DESCARBONIZACIÓN EN EDIFICACIÓN,2024-02-21,2024,1,0,0,0,0,0,0,0,0,0,0,0,0,0,0,0,0,0,0,0,0
LIMPIADORA O LIMPIADOR CON CERTIFICADO DE DISCAPACIDAD,2024-02-21,2024,0,0,0,0,0,0,0,0,0,0,0,0,0,0,0,0,0,0,0,0,0
OPERARIO/A (DISCAPACIDAD MÍNIMA 33%),2024-02-21,2024,0,0,0,0,0,0,0,0,0,0,0,0,0,0,0,0,0,0,0,0,0
DIRECTOR DE TIEMPO LIBRE,2024-02-20,2024,0,0,0,0,0,0,0,0,0,0,0,0,0,0,0,0,0,0,0,0,0
PROFESIONAL DIGITAL,2024-02-20,2024,0,0,0,0,0,0,0,0,1,0,0,0,0,1,0,0,0,0,0,0,0
MECANICO AUTOMOCION,2024-02-20,2024,0,0,0,0,0,0,0,0,0,0,0,0,0,0,0,0,0,0,0,0,0
ENCARGADO/A DE OBRA,2024-02-20,2024,0,0,0,0,0,0,0,0,0,0,0,0,1,0,0,0,0,0,0,0,0
PROFESOR/A DE INGLÉS COMO LENGUA EXTRANJERA,2024-02-16,2024,0,0,0,0,0,0,0,0,0,0,0,1,0,0,0,0,0,0,0,0,0
MECANICO/A,2024-02-16,2024,0,0,0,0,0,0,0,0,0,0,0,0,0,0,0,0,0,0,0,0,0
OPERARIO DE PRODUCCIÓN EN AERONÁUTICA,2024-02-15,2024,0,0,0,0,0,0,0,0,0,0,0,0,0,0,0,0,0,0,0,0,0
CHÓFER GRÚA DE AUXILIO EN CARRETERA,2024-02-14,2024,0,0,0,0,0,0,0,0,0,0,0,0,0,0,0,0,0,0,0,0,0
COCINERO/A,2024-02-14,2024,0,0,0,0,0,0,0,0,0,0,0,0,0,0,0,0,0,0,0,0,0
COMERCIAL,2024-02-14,2024,0,0,0,0,0,0,0,0,0,0,0,1,0,0,0,0,0,0,0,0,0
ARQUITECTO/A - ARQUITECTO/A TÉCNICO/A,2024-02-13,2024,0,0,0,0,0,0,0,0,0,0,0,0,0,0,0,0,0,0,0,0,0
ASESOR/A COMERCIAL,2024-02-13,2024,0,0,0,0,0,0,0,0,0,0,0,0,1,0,1,0,0,0,0,0,0
ARQUITECTO TÉCNICO,2024-02-13,2024,0,0,0,0,0,0,0,0,0,0,0,0,0,0,0,0,0,0,0,0,0
RESPONSABLE DPTO FINANCIERO,2024-02-08,2024,0,0,0,0,0,0,0,0,0,0,0,0,1,0,0,0,0,0,0,0,0
PATRÓN/A DE EMBARCACION DE RECREO,2024-02-07,2024,0,0,0,0,0,0,0,0,0,0,0,0,0,0,0,0,0,0,0,0,0
AGENTE DE SEGUROS,2024-02-06,2024,0,0,0,0,0,0,0,0,0,0,0,0,1,0,0,0,0,0,0,0,0
ESPECIALISTA EN CONTROLLING FINANCIERO Y DESARROLLO COMERCIAL,2024-02-05,2024,0,0,0,0,0,0,0,0,1,0,0,1,1,1,0,0,0,0,0,0,0
MONITOR/A DE KAYAK,2024-02-05,2024,0,0,0,0,0,0,0,0,0,0,0,0,0,0,0,0,0,0,0,0,0
GUÍA DE INTEPRETACIÓN DEL PATRIMONIO NATURAL,2024-02-05,2024,0,0,0,0,0,0,0,0,0,0,0,0,0,0,0,0,0,0,0,0,0
ENFERMERO/A,2024-02-05,2024,0,0,0,0,0,0,0,0,0,0,0,0,0,0,0,0,0,0,0,0,0
OPERARIO PRODUCCIÓN,2024-01-31,2024,0,0,0,0,0,0,0,0,0,0,0,0,0,0,0,0,0,0,0,0,0
PERSONAL PARA EMBALAJE,2024-01-31,2024,0,0,0,0,0,0,0,0,0,0,0,0,0,0,0,0,0,0,0,0,0
AGENTE COMERCIAL DE SEGUROS EXCLUSIVOS,2024-01-30,2024,0,0,0,0,0,0,0,0,0,0,0,1,0,0,0,0,0,0,0,0,0
ENFERMERO/ENFERMERA,2024-01-30,2024,0,0,0,0,0,0,0,0,0,0,0,0,0,0,0,0,0,0,0,0,0
TECNICO/ELECTROMECANICO MANTENIMIENTO INDUSTRIAL O AUTOMOCION,2024-01-29,2024,0,0,0,0,0,0,0,0,0,0,0,0,0,0,0,0,0,0,0,0,0
TECNICO DE CALIDAD,2024-01-29,2024,0,0,0,0,0,0,0,0,0,0,0,0,1,0,0,0,0,0,0,0,0
ADMINISTRATIVO DE EXPORTACION,2024-01-29,2024,0,0,0,0,0,0,0,0,0,0,0,0,1,0,0,0,0,0,0,0,0
MONITOR/A-ENTRENADOR/A POLIVALENTE,2024-01-26,2024,0,0,0,0,0,0,0,0,0,0,0,0,1,0,0,0,0,0,0,0,0
PEONES CADENA DE PRODUCCIÓN,2024-01-25,2024,0,0,0,0,0,0,0,0,0,0,0,0,0,0,0,0,0,0,0,0,0
MONITOR/MONITORA PARA COMEDOR IKASTOLA,2024-01-24,2024,0,0,0,0,0,0,0,0,0,0,0,0,0,0,0,0,0,0,0,0,0
OPERARIO/A PARA TAREAS DE LIMPIEZA,2024-01-16,2024,0,0,0,0,0,0,0,0,0,0,0,0,0,0,0,0,0,0,0,0,0
APAREJADORA O APAREJADOR,2024-01-11,2024,0,0,0,0,0,0,0,0,0,0,0,0,0,0,0,0,0,0,0,0,0
PEON/A INDUSTRIA MANUFACTURERA,2024-01-09,2024,0,0,0,0,0,0,0,0,0,0,0,0,0,0,0,0,0,0,0,0,0
MÉDICA O MÉDICO,2024-01-09,2024,0,0,0,0,0,0,0,0,0,0,0,0,0,0,0,0,0,0,0,0,0
ENFERMERO O ENFERMERA,2024-01-09,2024,0,0,0,0,0,0,0,0,0,0,0,0,0,0,0,0,0,0,0,0,0
TÉCNICA O TÉCNICO EN EMERGENCIAS SANITARIAS (RESCATE),2024-01-09,2024,0,0,0,0,0,0,0,0,0,0,0,0,0,0,0,0,0,0,0,0,0
DOCENTE PARA CERTIFICADO PROFESIONAL FMEC0208 DISEÑO DE CALDERERIA Y ESTRUCTURAS METALICAS,2024-01-09,2024,0,0,0,0,0,0,0,0,0,0,0,0,0,0,0,0,0,0,0,0,0
TECNICO/A INSTALADOR/A MANTENEDOR/A SISTEMAS DE SEGURIDAD,2024-01-08,2024,1,0,0,0,0,0,0,0,0,0,0,0,0,0,0,0,0,0,0,0,0
EJECUTIVO/A COMERCIAL,2024-01-05,2024,0,0,0,0,0,0,0,0,0,0,0,0,1,0,0,0,0,0,0,0,0
GESTOR/A EQUIPO COMERCIAL,2024-01-05,2024,0,0,0,0,0,0,0,0,0,0,0,1,0,0,0,0,0,0,0,0,0
ENCARGADO/A,2024-01-04,2024,0,0,0,0,0,0,0,0,0,0,0,1,0,0,1,0,0,0,0,0,0
PEONES CADENA DE PRODUCCIÓN,2024-01-04,2024,0,0,0,0,0,0,0,0,0,0,0,0,0,0,0,0,0,0,0,0,0
REPONEDOR/A REFRIGERADOS,2024-01-03,2024,0,0,0,0,0,0,0,0,0,0,0,0,1,0,0,0,0,0,0,0,0
MASSSEURS/MASSEUSES,2024-03-15,2024,0,0,0,0,0,0,0,0,0,0,0,0,0,0,0,0,0,0,0,0,0
Chef,2024-03-15,2024,0,0,0,0,0,0,0,0,0,0,0,0,0,0,0,0,0,0,0,0,0
BAKERS,2024-03-15,2024,0,0,0,0,0,0,0,0,0,0,0,0,0,0,0,0,0,0,0,0,0
Chef,2024-03-15,2024,0,0,0,0,0,0,0,0,0,0,0,0,0,0,0,0,0,0,0,0,0
Waiter,2024-03-15,2024,0,0,0,0,0,0,0,0,0,0,0,0,0,0,0,0,0,0,0,0,0
Bartender,2024-03-15,2024,0,0,0,0,0,0,0,0,0,0,0,0,0,0,0,0,0,0,0,0,0
CHEFS,2024-03-15,2024,0,0,0,0,0,0,0,0,0,0,0,0,0,0,0,0,0,0,0,0,0
CHEFS,2024-03-15,2024,0,0,0,0,0,0,0,0,0,0,0,0,0,0,0,0,0,0,0,0,0
CHEFS,2024-03-15,2024,0,0,0,0,0,0,0,0,0,0,0,0,0,0,0,0,0,0,0,0,0
WAITRESS/WAITER,2024-03-15,2024,0,0,0,0,0,0,0,0,0,0,0,0,0,0,0,0,0,0,0,0,0
Chefs,2024-03-15,2024,0,0,0,0,0,0,0,0,0,0,0,0,0,0,0,0,0,0,0,0,0
Biotech Associate,2024-03-15,2024,0,0,0,0,0,0,0,0,0,0,0,0,0,0,0,0,0,0,0,0,0
Customer Succcess Consultant,2024-03-15,2024,0,0,0,0,0,0,0,0,0,0,0,0,1,0,0,0,0,0,0,0,0
Dealer,2024-03-15,2024,0,0,0,0,0,0,0,0,0,0,0,0,0,0,0,0,0,0,0,0,0
CHILDCARE PROFESSIONALS,2024-03-15,2024,0,0,0,0,0,0,0,0,0,0,0,0,0,0,0,0,0,0,0,0,0
TEACHERS FOR CRECHES,2024-03-15,2024,0,0,0,0,0,0,0,0,0,0,0,0,0,0,0,0,0,0,0,0,0
ASSISTANT SUPPORT WORKERS / SOCIAL CARE WORKERS,2024-03-15,2024,0,0,0,0,0,0,0,0,0,0,0,0,0,0,0,0,0,0,0,0,0
DERMATÓLOGO,2024-03-15,2024,0,0,0,0,0,0,0,0,0,0,0,0,0,0,0,0,0,0,0,0,0
DERMATÓLOGO,2024-03-15,2024,0,0,0,0,0,0,0,0,0,0,0,0,0,0,0,0,0,0,0,0,0
DERMATÓLOGO,2024-03-15,2024,0,0,0,0,0,0,0,0,0,0,0,0,0,0,0,0,0,0,0,0,0
DERMATÓLOGO,2024-03-15,2024,0,0,0,0,0,0,0,0,0,0,0,0,0,0,0,0,0,0,0,0,0
MÉDICO DE FAMILIA,2024-03-15,2024,0,0,0,0,0,0,0,0,0,0,0,0,0,0,0,0,0,0,0,0,0
MÉDICO DE FAMILIA,2024-03-15,2024,0,0,0,0,0,0,0,0,0,0,0,0,0,0,0,0,0,0,0,0,0
MÉDICO DE FAMILIA,2024-03-15,2024,0,0,0,0,0,0,0,0,0,0,0,0,0,0,0,0,0,0,0,0,0
MÉDICO DE FAMILIA,2024-03-15,2024,0,0,0,0,0,0,0,0,0,0,0,0,0,0,0,0,0,0,0,0,0
GINECÓLOGO,2024-03-15,2024,0,0,0,0,0,0,0,0,0,0,0,0,0,0,0,0,0,0,0,0,0
GINECÓLOGO,2024-03-15,2024,0,0,0,0,0,0,0,0,0,0,0,0,0,0,0,0,0,0,0,0,0
GINECÓLOGO,2024-03-15,2024,0,0,0,0,0,0,0,0,0,0,0,0,0,0,0,0,0,0,0,0,0
GINECÓLOGO,2024-03-15,2024,0,0,0,0,0,0,0,0,0,0,0,0,0,0,0,0,0,0,0,0,0
GINECÓLOGO,2024-03-15,2024,0,0,0,0,0,0,0,0,0,0,0,0,0,0,0,0,0,0,0,0,0
OFTALMÓLOGO,2024-03-15,2024,0,0,0,0,0,0,0,0,0,0,0,0,0,0,0,0,0,0,0,0,0
OFTALMÓLOGO,2024-03-15,2024,0,0,0,0,0,0,0,0,0,0,0,0,0,0,0,0,0,0,0,0,0
OFTALMÓLOGO,2024-03-15,2024,0,0,0,0,0,0,0,0,0,0,0,0,0,0,0,0,0,0,0,0,0
OFTALMÓLOGO,2024-03-15,2024,0,0,0,0,0,0,0,0,0,0,0,0,0,0,0,0,0,0,0,0,0
OFTALMÓLOGO,2024-03-15,2024,0,0,0,0,0,0,0,0,0,0,0,0,0,0,0,0,0,0,0,0,0
ENFERMERO URGENCIAS PEDIÁTRICAS,2024-03-15,2024,0,0,0,0,0,0,0,0,0,0,0,0,0,0,0,0,0,0,0,0,0
FISIOTERAPEUTA,2024-03-15,2024,0,0,0,0,0,0,0,0,0,0,0,0,0,0,0,0,0,0,0,0,0
FISIOTERAPEUTA,2024-03-15,2024,0,0,0,0,0,0,0,0,0,0,0,0,0,0,0,0,0,0,0,0,0
ENFERMERO/A EN GERIATRÍA,2024-03-15,2024,0,0,0,0,0,0,0,0,0,0,0,0,0,0,0,0,0,0,0,0,0
FISIOTERAPEUTAS TITULADOS,2024-03-15,2024,0,0,0,0,0,0,0,0,0,0,0,0,0,0,0,0,0,0,0,0,0
FISIOTERAPEUTAS TITULADOS,2024-03-15,2024,0,0,0,0,0,0,0,0,0,0,0,0,0,0,0,0,0,0,0,0,0
FISIOTERAPEUTAS TITULADOS,2024-03-15,2024,0,0,0,0,0,0,0,0,0,0,0,0,0,0,0,0,0,0,0,0,0
FISIOTERAPEUTAS TITULADOS,2024-03-15,2024,0,0,0,0,0,0,0,0,0,0,0,0,0,0,0,0,0,0,0,0,0
FISIOTERAPEUTAS TITULADOS,2024-03-15,2024,0,0,0,0,0,0,0,0,0,0,0,0,0,0,0,0,0,0,0,0,0
FISIOTERAPEUTAS TITULADOS,2024-03-15,2024,0,0,0,0,0,0,0,0,0,0,0,0,0,0,0,0,0,0,0,0,0
FISIOTERAPEUTAS TITULADOS,2024-03-15,2024,0,0,0,0,0,0,0,0,0,0,0,0,0,0,0,0,0,0,0,0,0
FISIOTERAPEUTAS TITULADOS,2024-03-15,2024,0,0,0,0,0,0,0,0,0,0,0,0,0,0,0,0,0,0,0,0,0
FISIOTERAPEUTAS TITULADOS,2024-03-15,2024,0,0,0,0,0,0,0,0,0,0,0,0,0,0,0,0,0,0,0,0,0
FISIOTERAPEUTAS TITULADOS,2024-03-15,2024,0,0,0,0,0,0,0,0,0,0,0,0,0,0,0,0,0,0,0,0,0
FISIOTERAPEUTAS TITULADOS,2024-03-15,2024,0,0,0,0,0,0,0,0,0,0,0,0,0,0,0,0,0,0,0,0,0
ENFERMEROS/AS,2024-03-15,2024,0,0,0,0,0,0,0,0,0,0,0,0,0,0,0,0,0,0,0,0,0
AUXILIARES DE ENFERMERÍA,2024-03-15,2024,0,0,0,0,0,0,0,0,0,0,0,0,0,0,0,0,0,0,0,0,0
FISIOTERAPEUTAS,2024-03-15,2024,0,0,0,0,0,0,0,0,0,0,0,0,0,0,0,0,0,0,0,0,0
CHILDREN ENTERTAINMENT,2024-03-15,2024,0,0,0,0,0,0,0,0,0,0,0,0,0,0,0,0,0,0,0,0,0
SPORTS ENTERTAINMENT,2024-03-15,2024,0,0,0,0,0,0,0,0,0,0,0,0,0,0,0,0,0,0,0,0,0
ENFERMERO/A,2024-03-15,2024,0,0,0,0,0,0,0,0,0,0,0,0,0,0,0,0,0,0,0,0,0
PSIQUIATRAS,2024-03-15,2024,0,0,0,0,0,0,0,0,0,0,0,0,0,0,0,0,0,0,0,0,0
SOCORRISTAS,2024-03-15,2024,0,0,0,0,0,0,0,0,0,0,0,0,0,0,0,0,0,0,0,0,0
CONDUCTORES CAMIÓN TRANSPORTE INTERNACIONAL,2024-03-15,2024,0,0,0,0,0,0,0,0,0,0,0,0,0,0,0,0,0,0,0,0,0
SPORTS ENTERTAINMENT,2024-03-14,2024,0,0,0,0,0,0,0,0,0,0,0,0,0,0,0,0,0,0,0,0,0
"DOCTOR, RHEUMATOLOGY SPECIALIST",2024-03-14,2024,0,0,0,0,0,0,0,0,0,0,0,0,0,0,0,0,0,0,0,0,0
MÉDICO/A CIRUGÍA GENERAL Y APARATO DIGESTIVO,2024-03-14,2024,0,0,0,0,0,0,0,0,0,0,0,0,0,0,0,0,0,0,0,0,0
Associate Managers for many different teams,2024-03-14,2024,0,0,0,0,0,0,0,0,0,0,0,0,0,0,0,0,0,0,0,0,0
Process Scientist and Process Engineer,2024-03-14,2024,1,0,0,0,0,0,0,0,0,0,0,0,0,0,0,0,0,0,0,0,0
Process Supporter,2024-03-14,2024,1,0,0,0,0,0,0,0,0,0,0,0,0,0,0,0,0,0,0,0,0
Automation Engineers,2024-03-14,2024,0,0,0,0,0,0,0,0,0,0,0,0,0,0,0,0,0,0,0,0,0
Automation Engineers,2024-03-14,2024,0,0,0,0,0,0,0,0,0,0,0,0,0,0,0,0,0,0,0,0,0
Skilled Workers for Healthcare and Elderly Care,2024-03-14,2024,0,0,0,0,0,0,0,0,0,0,0,0,0,0,0,0,0,0,0,0,0
Automation Manager,2024-03-14,2024,0,0,0,0,0,0,0,0,0,0,0,0,0,0,0,0,0,0,0,0,0
Battery R&D Engineer/Scientist,2024-03-14,2024,0,0,0,0,0,0,0,0,0,0,0,0,0,0,0,0,0,0,0,0,0
Lead Engineer,2024-03-14,2024,0,0,0,0,0,0,0,0,0,0,0,0,0,0,0,0,0,0,0,0,0
CONDUCTOR CAMIÓN GRÚA. CARNET C/CE,2024-03-14,2024,0,0,0,0,0,0,0,0,0,0,0,0,0,0,0,0,0,0,0,0,0
JEFE DE TALLER EN CAMPO PARA EL ÁREA DE MANTENIMIENTO (MUJER/HOMBRE/DIVERSO),2024-03-04,2024,0,0,0,0,0,0,0,0,0,0,0,1,0,0,0,0,0,0,0,0,0
ELECTROMECÁNICO (m/f/d),2024-03-04,2024,0,0,0,0,0,0,0,0,0,0,0,0,0,0,0,0,0,0,0,0,0
EU projects manager,2024-01-25,2024,0,0,0,0,0,0,0,0,0,0,0,0,0,0,0,0,0,0,0,0,0
"BECAS PARA INVESTIGADORES: CANDIDATOS R1, R2, R3 PARA LOS GRUPOS DE INVESTIGACIÓN DE LA FUNDACIÓN PÚBLICA ANDALUZA PROGRESO Y SALUD (FPS)",2024-01-25,2024,0,0,0,0,0,0,0,0,0,0,0,0,0,0,0,0,0,0,0,0,0
CLC DIRECTOR SOUTH EAST EUROPE & ALPS,2023-10-03,2023,0,0,0,0,0,0,0,0,0,0,0,0,0,0,0,0,1,0,0,0,0
WAITER,2019-07-08,2019,0,0,0,0,0,0,0,0,0,0,0,0,0,0,0,0,0,0,0,0,0
PROFESOR/A CANTO MODERNO,2024-04-04,2024,0,0,0,0,0,0,0,0,0,0,0,0,0,0,0,0,0,0,0,0,0
POLICÍA PORTUARIO/A,2024-04-04,2024,0,0,0,0,0,0,0,0,0,0,0,0,0,0,0,0,0,0,0,0,0
ARQUITECTO/A,2024-04-02,2024,0,0,0,0,0,0,0,0,0,0,0,0,0,0,0,0,0,0,0,0,0
TRADUCTOR/A EUSKERA-INGLÉS-CASTELLANO,2024-04-02,2024,0,0,0,0,0,0,0,0,0,0,0,0,0,0,0,0,0,0,0,0,0
TÉCNICO/A SUPERIOR DE NORMALIZACIÓN LINGÚÍSTICA,2024-04-02,2024,0,0,0,0,0,0,0,0,0,0,0,0,0,0,0,0,0,0,0,0,0
MÉDICO/A DE EMPRESA,2024-04-02,2024,0,0,0,0,0,0,0,0,0,0,0,0,0,0,0,0,0,0,0,0,0
MÉDICO/A,2024-04-02,2024,0,0,0,0,0,0,0,0,0,0,0,0,0,0,0,0,0,0,0,0,0
INGENIERO/A TÉCNICO/A AGRÍCOLA,2024-04-02,2024,0,0,0,0,0,0,0,0,0,0,0,0,0,0,0,0,0,0,0,0,0
OPERADOR/A DEL CENTRO INTEGRAL DE GESTIÓN DE EMERGENCIAS,2024-04-02,2024,0,0,0,0,0,0,0,0,0,0,0,0,0,0,0,0,0,0,0,0,0
AUXILIAR HORTOFRUTÍCOLA,2024-04-02,2024,0,0,0,0,0,0,0,0,0,0,0,0,0,0,0,0,0,0,0,0,0
TÉCNICO/A PROMOCIÓN ECONÓMICA,2024-04-02,2024,0,0,0,0,0,0,0,0,0,0,0,0,0,0,0,0,0,0,0,0,0
COORDINADOR/A DEL ÁREA TERRITORIAL,2024-04-02,2024,0,0,0,0,0,0,0,0,0,0,0,0,0,0,0,0,0,0,0,0,0
PROFESOR/A DE MÚSICA - ESPECIALIDAD PIANO,2024-04-02,2024,0,0,0,0,0,0,0,0,0,0,0,0,0,0,0,0,0,0,0,0,0
PROFESOR/A DE MÚSICA - ESPECIALIDAD TXISTU,2024-04-02,2024,0,0,0,0,0,0,0,0,0,0,0,0,0,0,0,0,0,0,0,0,0
OPERARIO/A DE SERVICIOS MÚLTIPLES,2024-04-02,2024,0,0,0,0,0,0,0,0,0,0,0,0,0,0,0,0,0,0,0,0,0
"TÉCNICO/A RESPONSABLE DE DISCIPLINA URBANISTICA, PLANEAMIENTO, OBRAS Y SERVICIOS",2024-04-02,2024,0,0,0,0,0,0,0,0,0,0,0,0,0,0,0,0,0,0,0,0,0
TÉCNICO/A DE ADMINISTRACIÓN GENERAL,2024-04-02,2024,0,0,0,0,0,0,0,0,0,0,0,0,0,0,0,0,0,0,0,0,0
TÉCNICO/A DE NORMALIZACIÓN LINGÚÍSTICA,2024-03-25,2024,0,0,0,0,0,0,0,0,0,0,0,0,0,0,0,0,0,0,0,0,0
AGENTE DE SERVICIO DE LA POLICÍA LOCAL,2024-03-25,2024,0,0,0,0,0,0,0,0,0,0,0,0,0,0,0,0,0,0,0,0,0
ADMINISTRATIVO/A,2024-03-25,2024,0,0,0,0,0,0,0,0,0,0,0,0,0,0,0,0,0,0,0,0,0
PEÓN/A DEL COMPLEJO DEPORTIVO,2024-03-18,2024,0,0,0,0,0,0,0,0,0,0,0,0,0,0,0,0,0,0,0,0,0
AUXILIAR DE CASA DE CULTURA,2024-03-18,2024,0,0,0,0,0,0,0,0,0,0,0,0,0,0,0,0,0,0,0,0,0
AUXILIAR ADMINISTRATIVO/A,2024-03-18,2024,0,0,0,0,0,0,0,0,0,0,0,0,0,0,0,0,0,0,0,0,0
TÉCNICO/A DE DEPORTES,2024-03-18,2024,0,0,0,0,0,0,0,0,0,0,0,0,0,0,0,0,0,0,0,0,0
OPERARIO/A DE SERVICIO,2024-03-18,2024,0,0,0,0,0,0,0,0,0,0,0,0,0,0,0,0,0,0,0,0,0
AUXILIAR DE ENFERMERÍA,2024-03-18,2024,0,0,0,0,0,0,0,0,0,0,0,0,0,0,0,0,0,0,0,0,0
PEÓNES/AS DEL COMPLEJO DEPORTIVO,2024-03-14,2024,0,0,0,0,0,0,0,0,0,0,0,0,0,0,0,0,0,0,0,0,0
TÉCNICO/A SUPERIOR DE GESTIÓN ECONÓMICO-ADMINISTRATIVA,2024-03-14,2024,0,0,0,0,0,0,0,0,0,0,0,0,0,0,0,0,0,0,0,0,0
ADMINISTRATIVO/A,2024-03-14,2024,0,0,0,0,0,0,0,0,0,0,0,0,0,0,0,0,0,0,0,0,0
EMPLEADO/A DE SERVICIOS MULTIPLES,2024-02-13,2024,0,0,0,0,0,0,0,0,0,0,0,0,0,0,0,0,0,0,0,0,0
TÉCNICO/A DE RR.HH.,2023-01-19,2023,0,0,0,0,0,0,0,0,0,0,0,0,0,0,0,0,0,0,0,0,0
COCINERO/A,2024-04-12,2024,0,0,0,0,0,0,0,0,0,0,0,0,0,0,0,0,0,0,0,0,0
CAMARERO/A DE HOTEL,2024-04-12,2024,0,0,0,0,0,0,0,0,0,0,0,0,1,0,0,0,0,0,0,0,0
COCINERO/A,2024-04-12,2024,0,0,0,0,0,0,0,0,0,0,0,0,0,0,0,0,0,0,0,0,0
OPERARIO/A PULIDO CHAPA,2024-04-12,2024,0,0,0,0,0,0,0,0,0,0,0,0,0,0,0,0,0,0,0,0,0
RECEPCIONISTA DE HOTEL,2024-04-12,2024,0,0,0,0,0,0,0,0,0,0,0,0,0,1,0,0,0,0,0,0,0
COORDINADOR/A DE SERVICIOS DE LIMPIEZA,2024-04-12,2024,0,0,0,0,0,0,0,0,0,0,0,0,0,0,0,0,0,0,0,0,0
TÉCNICO/A DE MANTENIMIENTO,2024-04-12,2024,0,0,0,0,0,0,0,0,0,0,0,1,0,0,0,0,0,0,0,0,0
ADMINISTRATIVA/O DEPARTAMENTO ADMINISTRACIÓN DE PERSONAL CON CERTIFICADO DE DISCAPACIDAD.,2024-04-12,2024,0,0,0,0,0,0,0,0,0,0,0,0,0,0,0,0,0,0,0,0,0
OPERARIO/A PREPARADOR/A DE PINTURA,2024-04-12,2024,0,0,0,0,0,0,0,0,0,0,0,0,0,0,0,0,0,0,0,0,0
FORMADOR/A DE RECICLAJE,2024-04-12,2024,0,0,0,0,0,0,0,0,0,0,0,0,0,0,0,0,0,0,0,0,0
INGENIERO/A DE AUTOMATIZACIÓN SENIOR,2024-04-12,2024,0,0,0,0,0,0,0,0,0,0,0,0,0,0,0,0,0,0,0,0,0
MONTADOR/A DE ESTRUCTURAS,2024-04-12,2024,0,0,0,0,0,0,0,0,0,0,0,0,0,0,0,0,0,0,0,0,0
TÉCNICA/O DE SOPORTE MICROINFORMÁTICA CON EUSKERA.,2024-04-12,2024,0,0,0,0,0,0,0,0,0,0,0,0,0,0,0,0,0,0,0,0,0
ADMINISTRATIVO/A DE EXPORTACIÓN INGLÉS Y FRANCÉS,2024-04-12,2024,0,0,0,0,0,0,0,0,0,0,0,0,0,0,0,0,0,0,0,0,0
INGENIERO/A DE LOGÍSTICA - FABRICACIÓN,2024-04-12,2024,0,0,0,0,0,0,0,0,0,0,0,1,0,0,0,0,0,0,0,0,0
ENCARGADOS/AS DE OBRA,2024-04-12,2024,0,0,0,0,0,0,0,0,0,0,0,1,0,0,0,0,0,1,0,0,0
COCINERO/A,2024-04-12,2024,0,0,0,0,0,0,0,0,0,0,0,0,0,0,0,0,0,0,0,0,0
ADMINISTRATIVO/A COMERCIAL DE EXPORTACIÓN CON ALEMÁN,2024-04-12,2024,0,0,0,0,0,0,0,0,0,0,0,0,0,0,0,0,0,0,0,0,0
INGENIERO/A SENIOR CALIDAD,2024-04-12,2024,0,0,0,0,0,0,0,0,0,0,0,0,0,0,0,0,0,0,0,0,0
ADMINISTRATIVO/A DE OBRA,2024-04-12,2024,0,0,0,0,0,0,0,0,0,0,0,1,0,0,0,0,0,0,0,0,0
MECÁNICO/A AJUSTADOR/A OF. 1ª / CARRETILLAS ELEVADORAS,2024-04-12,2024,0,0,0,0,0,0,0,0,0,0,0,0,1,0,0,0,0,0,0,0,0
ENCARGADO/A DE TIENDA,2024-04-12,2024,0,0,0,0,0,0,0,0,0,0,0,0,0,0,0,0,0,0,0,0,0
OPERARIO/A DE TALLER,2024-04-12,2024,0,0,0,0,0,0,0,0,0,0,0,0,0,0,0,0,0,0,0,0,0
TORNERO/A CONVENCIONAL,2024-04-12,2024,0,0,0,0,0,0,0,0,0,0,0,0,0,0,0,0,0,0,0,0,0
ADMINISTRATIVO/A RECEPCIONISTA,2024-04-12,2024,0,0,0,0,0,0,0,0,0,0,0,0,0,0,0,0,0,0,0,0,0
ADMINISTRATIVO/A CON CERTIFICADO DISCAPACIDAD,2024-04-12,2024,0,0,0,0,0,0,0,0,0,0,0,0,0,0,0,0,0,0,0,0,0
TÉCNICO/A COMERCIAL INTERNACIONAL,2024-04-12,2024,0,0,0,0,0,0,0,0,0,0,0,0,0,0,0,0,0,0,0,0,0
OPERARIO/A ARTES GRÁFICAS,2024-04-12,2024,0,0,0,0,0,0,0,0,0,0,0,0,0,0,0,0,0,0,0,0,0
FRESADOR/A - MANDRINADOR/A CNC,2024-04-12,2024,0,0,0,0,0,0,0,0,0,0,0,0,0,0,0,0,0,0,0,0,0
ADMINISTRATIVO/A,2024-04-12,2024,0,0,0,0,0,0,0,0,0,0,0,0,0,0,0,0,0,0,0,0,0
CONTROLLER ADMINISTRACION PERSONAL Y FINANCIERO,2024-04-12,2024,0,0,0,0,0,0,0,0,0,0,0,1,1,0,0,0,0,0,0,0,0
MÉDICO/A,2024-04-12,2024,0,0,0,0,0,0,0,0,0,0,0,1,0,0,0,0,0,0,0,0,0
ELECTROMECÁNICO/A,2024-04-12,2024,0,0,0,0,0,0,0,0,0,0,0,1,0,0,0,0,0,0,0,0,0
TÉCNICO/A ESPECIALISTA EN RENOVABLES Y SISTEMAS,2024-04-12,2024,1,0,0,0,0,0,0,0,0,0,0,0,0,0,0,0,0,0,0,0,0
ELECTROMECÁNICO/A,2024-04-12,2024,0,0,0,0,0,0,0,0,0,0,0,1,0,0,0,0,0,0,0,0,0
OPERARIO/A TRABAJOS EN CAMPA AL AIRE LIBRE CON CARRETILLA,2024-04-12,2024,0,0,0,0,0,0,0,0,0,0,0,0,0,0,0,0,0,0,0,0,0
ADMINISTRATIVO/A CON INGLÉS ALTO,2024-04-12,2024,0,0,0,0,0,0,0,0,0,0,0,0,0,0,0,0,0,0,0,0,0
SOLDADOR/A,2024-04-12,2024,0,0,0,0,0,0,0,0,0,0,0,0,0,0,0,0,0,0,0,0,0
TÉCNICO/A MANTENIMIENTO ELÉCTRICO,2024-04-12,2024,0,0,0,0,0,0,0,0,0,0,0,0,0,0,0,0,0,0,0,0,0
ENCARGADO/A DE OBRA,2024-04-12,2024,0,0,0,0,0,0,0,0,0,0,0,0,0,0,0,0,0,0,0,0,0
INGENIERO/A ELECTRONICO PARA AUTOMOCION (S),2024-04-12,2024,0,0,0,0,0,0,0,0,0,0,0,0,1,0,0,1,0,0,0,0,0
OPERARIO/A MAQUINISTA H/M ALIMENTACIÓN INDUSTRIAL,2024-04-12,2024,0,0,0,0,0,0,0,0,0,0,0,0,0,0,0,0,0,0,0,0,0
FRIGORISTA,2024-04-12,2024,0,0,0,0,0,0,0,0,0,0,0,1,1,0,0,0,0,0,0,0,0
COORDINADOR/A TÉCNICO/A TEAM LEADER EN EL ÁMBITO DE GESTIÓN DE VULNERABILIDADES Y ALERTA TEMPRANA,2024-04-12,2024,0,0,0,0,0,0,0,0,0,0,0,0,0,0,0,0,0,0,0,0,0
ASISTENTE ADMINISTRATIVO/A DE OPERACIONES,2024-04-12,2024,0,0,0,0,0,0,0,0,0,0,0,1,0,0,0,0,0,0,0,0,0
ADMINISTRATIVO/A COMERCIAL,2024-04-12,2024,0,0,0,0,0,0,0,0,0,0,0,0,0,0,0,0,0,0,0,0,0
AYUDANTE DISEÑO WEB Y RRSS,2024-04-12,2024,0,0,0,0,0,0,0,0,0,0,0,0,0,0,0,0,0,0,0,0,0
PREPARACIÓN CABLEADO,2024-04-12,2024,0,0,0,0,0,0,0,0,0,0,0,0,0,0,0,0,0,0,0,0,0
VENDEDORES/AS,2024-04-12,2024,0,0,0,0,0,0,0,0,0,0,0,0,0,0,0,0,0,0,0,0,0
PROJECT MANAGER DESARROLLO PRODUCTO AUTOMOCIÓN,2024-04-12,2024,0,0,0,0,0,0,0,0,0,0,0,0,0,0,0,0,0,0,0,0,0
LIMPIADOR/A,2024-04-12,2024,0,0,0,0,0,0,0,0,0,0,0,0,0,0,0,0,0,0,0,0,0
PEÓN/A INSTALADOR/A POLIVALENTE AUTOCARAVANAS,2024-04-12,2024,0,0,0,0,0,0,0,0,0,0,0,1,0,0,0,0,0,0,0,0,0
CONSULTOR/A ONSITE RRHH (TAG),2024-04-12,2024,0,0,0,0,0,0,0,0,0,0,0,0,1,0,0,0,0,0,0,0,0
ADMINISTRATIVO/A DE ADMISIÓN HOSPITALARIA,2024-04-12,2024,0,0,0,0,0,0,0,0,0,0,0,0,0,1,0,0,0,0,0,0,0
CALDERERO/A - SOLDADOR/A,2024-04-12,2024,0,0,0,0,0,0,0,0,0,0,0,0,0,0,0,0,0,0,0,0,0
CHAPISTA VEHÍCULOS,2024-04-12,2024,0,0,0,0,0,0,0,0,0,0,0,0,0,0,0,0,0,0,0,0,0
"TÉCNICO/A DE SALAS DE CALDERAS, CLIMATIZACIÓN Y CALEFACCIÓN",2024-04-12,2024,1,0,0,0,0,0,0,0,0,0,0,0,0,0,0,0,0,0,0,0,0
TÉCNICO/A DE SOPORTE Y SISTEMAS,2024-04-12,2024,1,0,0,0,0,0,0,0,0,0,0,0,0,0,0,0,0,0,0,0,0
TCO/A. SUP. PREVENCION RIESGOS LABORALES. COORDINADOR/A SEGURIDAD Y SALUD. TIT. GRADO.,2024-04-12,2024,0,0,0,0,0,0,0,0,0,0,0,0,0,0,0,0,0,0,0,0,0
ADMINISTRACIÓN EXPEDICIONES,2024-04-12,2024,0,0,0,0,0,0,0,0,0,0,0,0,0,0,0,0,0,0,0,0,0
ARQUITECTO/A TÉCNICO/A O SUPERIOR,2024-04-12,2024,0,0,0,0,0,0,0,0,0,0,0,0,1,0,0,0,0,0,0,0,0
PLANIFICADOR/A DE PRODUCCIÓN,2024-04-12,2024,0,0,0,0,0,0,0,0,0,0,0,0,0,0,0,0,0,0,0,0,0
TÉCNICO/A NÓMINAS SENIOR,2024-04-12,2024,0,0,0,0,0,0,0,0,0,0,0,0,1,0,0,0,0,0,0,0,0
PINTOR/A INDUSTRIAL,2024-04-12,2024,0,0,0,0,0,0,0,0,0,0,0,0,0,0,0,0,0,0,0,0,0
PERSONAL DE ENFERMERÍA,2024-04-12,2024,0,0,0,0,0,0,0,0,0,0,0,0,1,0,0,0,0,0,0,0,0
CORPORATE PROJECT MANAGER,2024-04-12,2024,0,0,0,0,0,0,0,0,0,0,0,0,0,0,0,0,0,0,0,0,0
INGENIERO/A CÁLCULO FEM,2024-04-12,2024,0,0,0,0,0,0,0,0,0,0,0,0,0,0,0,0,0,0,0,0,0
OPERARIO/A CORTE METÁLICO,2024-04-12,2024,0,0,0,0,0,0,0,0,0,0,0,0,0,0,0,0,0,0,0,0,0
ADJUNTO/A DIRECCIÓN - SECTOR INMOBILIARIO / CONSTRUCCIÓN,2024-04-12,2024,0,0,0,0,0,0,0,0,0,0,0,0,1,0,0,0,0,0,0,0,0
ENCARGADA/O DE TIENDA,2024-04-12,2024,0,0,0,0,0,0,0,0,0,0,0,1,1,0,0,0,0,0,0,0,0
OPERARIO/A PULIDO DE CHAPA,2024-04-12,2024,0,0,0,0,0,0,0,0,0,0,0,0,0,0,0,0,0,0,0,0,0
OPERARIO/A DE MECANIZADO,2024-04-12,2024,0,0,0,0,0,0,0,0,0,0,0,0,0,0,0,0,0,0,0,0,0
DEPENDIENTE/A FLORISTERÍA,2024-04-12,2024,0,0,0,0,0,0,0,0,0,0,0,0,0,0,0,0,0,0,0,0,0
AUX. ADMINSITRATIVO/A. BACK OFFICE,2024-04-12,2024,0,0,0,0,0,0,0,0,0,0,0,0,0,0,0,0,0,0,0,0,0
INGENIERO/A INDUSTRIAL,2024-04-12,2024,0,0,0,0,0,0,0,0,0,0,0,0,0,0,0,0,0,0,0,0,0
TÉCNICO/A DE MANTENIMIENTO,2024-04-12,2024,0,0,0,0,0,0,0,0,0,0,0,0,0,0,0,0,0,0,0,0,0
SOLDADOR/A CON SEMIAUTOMÁTICA,2024-04-12,2024,0,0,0,0,0,0,0,0,0,0,0,0,0,0,0,0,0,0,0,0,0
AYTE. COCINA Y LIMPIEZA,2024-04-12,2024,0,0,0,0,0,0,0,0,0,0,0,1,0,0,0,0,0,0,0,0,0
ATENCIÓN AL PÚBLICO EN ESTACIÓN DE SERVICIO,2024-04-12,2024,0,0,0,0,0,0,0,0,0,0,0,0,1,0,0,0,0,0,0,0,0
ELECTROMECÁNICO/A DE VEHÍCULOS Y ASESOR/A DE SERVICIOS,2024-04-12,2024,0,0,0,0,0,0,0,0,0,0,0,0,0,0,0,0,0,0,0,0,0
CONSULTOR/A DE RECURSOS HUMANOS,2024-04-12,2024,0,0,0,0,0,0,0,0,0,0,0,0,0,0,0,0,0,0,0,0,0
COCINERO/A,2024-04-12,2024,0,0,0,0,0,0,0,0,0,0,0,1,0,0,0,0,0,0,0,0,0
REBARBADOR/A (AJUSTADOR/A),2024-04-12,2024,0,0,0,0,0,0,0,0,0,0,0,0,0,0,0,0,0,0,0,0,0
OPERARIO/A DE MANDRINADORA,2024-04-12,2024,0,0,0,0,0,0,0,0,0,0,0,0,0,0,0,0,0,0,0,0,0
OPERARIO/A DE PRODUCCIÓN,2024-04-12,2024,0,0,0,0,0,0,0,0,0,0,0,0,0,0,0,0,0,0,0,0,0
COORDINADOR/A TÉCNICO DE REFORMAS EN VIVIENDAS,2024-04-12,2024,0,0,0,0,0,0,0,0,0,0,0,0,0,0,0,0,0,0,0,0,0
TELEOPERADOR/A,2024-04-12,2024,0,0,0,0,0,0,0,0,1,0,0,0,0,1,0,0,0,0,0,0,0
ANALISTA PROGRAMADOR/A ANGULAR,2024-04-12,2024,1,0,0,1,0,0,0,0,0,0,0,0,0,0,0,0,0,0,0,0,0
BUSINESS DEVELOPMENT,2024-04-12,2024,0,0,0,0,0,0,0,0,0,0,0,0,1,0,0,0,0,0,1,0,0
CAMARERO/A DE PISO HOTEL,2024-04-12,2024,0,0,0,0,0,0,0,0,0,0,0,1,0,0,0,0,0,0,0,0,0
OFICIAL/A 1ª OBRA / RESPONSABLE DE OBRA,2024-04-12,2024,0,0,0,0,0,0,0,0,0,0,0,0,0,0,0,0,0,0,0,0,0
COMERCIAL PRÓTESIS DENTALES,2024-04-12,2024,0,0,0,0,0,0,0,0,0,0,0,0,0,0,0,0,0,0,0,0,0
FARMACÉUTICO/A,2024-04-12,2024,0,0,0,0,0,0,0,0,0,0,0,0,0,0,0,0,0,0,0,0,0
REPARTIDOR/A MEDIA JORNADA,2024-04-12,2024,0,0,0,0,0,0,0,0,0,0,0,0,0,0,0,0,0,0,0,0,0
COCINERO/A,2024-04-12,2024,0,0,0,0,0,0,0,0,0,0,0,0,0,0,0,0,0,0,0,0,0
TÉCNICO/A DE REDES N1,2024-04-12,2024,0,0,0,0,0,0,0,0,1,0,0,1,0,0,0,0,0,0,0,0,0
PROGRAMADOR/A ELECTRÓNICO,2024-04-12,2024,1,0,0,0,0,0,0,0,0,0,0,0,0,0,0,0,0,0,0,0,0
CARPINTERO/A EN PVC,2024-04-12,2024,0,0,0,0,0,0,0,0,0,0,0,0,0,0,0,0,0,0,0,0,0
AYUDANTE DE OBRA CIVIL,2024-04-12,2024,0,0,0,0,0,0,0,0,0,0,0,0,0,0,0,0,0,0,0,0,0
MANTENIMIENTO ELECTROMECÁNICO,2024-04-12,2024,0,0,0,0,0,0,0,0,0,0,0,0,0,0,0,0,0,0,0,0,0
JEFA/E DE MANTENIMIENTO,2024-04-12,2024,0,0,0,0,0,0,0,0,0,0,0,1,0,1,0,1,0,0,0,0,0
JEFE/A MANTENIMIENTO DE INSTALACIONES,2024-04-12,2024,0,0,0,0,0,0,0,0,0,0,0,0,0,0,0,0,0,0,0,0,0
INGENIERO/A MECÁNICO/A (TRATAMIENTOS DE AGUAS) (N),2024-04-12,2024,0,0,0,0,0,0,0,0,0,0,0,0,0,0,0,0,0,0,0,0,0
GEROCULTORES/AS,2024-04-12,2024,0,0,0,0,0,0,0,0,0,0,0,0,0,0,0,0,0,0,0,0,0
MONTADOR/A ELECTROMECÁNICO,2024-04-12,2024,0,0,0,0,0,0,0,0,0,0,0,0,0,0,0,0,0,0,0,0,0
INGENIERO/A DE PRODUCTO (AUTOMOCIÓN),2024-04-12,2024,0,0,0,0,0,0,0,0,0,0,0,0,0,0,0,0,0,0,0,0,0
TÉCNICO/A DE MONTAJE ELECTROMECÁNICO,2024-04-12,2024,0,0,0,0,0,0,0,0,0,0,0,0,0,0,0,0,0,0,0,0,0
MOZO/A DE ALMACÉN,2024-04-12,2024,0,0,0,0,0,0,0,0,0,0,0,0,0,0,0,0,0,0,0,0,0
ALMACENERO/A Y SOPORTE PARA DEPARTAMENTO COMERCIAL DE SUCURSAL,2024-04-12,2024,0,0,0,0,0,0,0,0,0,0,0,0,1,0,0,0,0,0,0,0,0
VENDEDOR/A MUEBLES,2024-04-12,2024,0,0,0,0,0,0,0,0,0,0,0,0,1,0,0,0,0,0,0,0,0
MECÁNICO/A DE VEHÍCULOS OFICIAL DE 1ª,2024-04-12,2024,0,0,0,0,0,0,0,0,0,0,0,0,1,0,0,0,0,0,0,0,0
"CAMAREROS/AS DE SALA, BAR Y TERRAZA",2024-04-12,2024,0,0,0,0,0,0,0,0,0,0,0,0,0,0,0,0,0,0,0,0,0
RESPONSABLE DE CENTRO/TALLER- SECTOR AUTOMOCIÓN,2024-04-12,2024,0,0,0,0,0,0,0,0,0,0,0,0,0,0,0,0,0,0,0,0,0
INGENIERO/A CALIDAD PROCESOS LOGÍSTICOS,2024-04-12,2024,0,0,0,0,0,0,0,0,0,0,0,0,0,0,0,0,0,0,0,0,0
TÉCNICO/A ATENCIÓN AL USUARIO,2024-04-12,2024,0,0,0,0,0,0,0,0,0,0,0,1,1,0,0,0,0,0,0,0,0
RESPONSABLE DE MANTENIMIENTO / CLIENTE FINAL-MULTINACIONAL,2024-04-12,2024,0,0,0,0,0,0,0,0,0,0,0,0,1,0,0,0,0,0,0,0,0
LIMPIADOR/A INDUSTRIAL,2024-04-12,2024,0,0,0,0,0,0,0,0,0,0,0,0,0,0,0,0,0,0,0,0,0
AUXILIAR ADMINISTRATIVO/A - OFERTAS TÉCNICAS,2024-04-12,2024,0,0,0,0,0,0,0,0,0,0,0,0,0,0,0,0,0,0,0,0,0
MONITOR/A COMEDOR ESCOLAR,2024-04-12,2024,0,0,0,0,0,0,0,0,0,0,0,0,0,0,0,0,0,0,0,0,0
CONDUCTOR/A CAMIÓN,2024-04-12,2024,0,0,0,0,0,0,0,0,0,0,0,0,0,0,0,0,0,0,0,0,0
REPARTIDOR/A CON OFIMÁTICA,2024-04-12,2024,0,0,0,0,0,0,0,0,0,0,0,0,0,0,0,0,0,0,0,0,0
CAMARERA/O PISOS,2024-04-12,2024,0,0,0,0,0,0,0,0,0,0,0,0,0,0,0,0,0,0,0,0,0
OPERADOR/A DE PLANTA - SECTOR QUÍMICO,2024-04-12,2024,0,0,0,0,0,0,0,0,0,0,0,0,0,0,0,0,0,0,0,0,0
ADMINISTRATIVO/A ATENCION AL CLIENTE - INGLÉS,2024-04-12,2024,0,0,0,0,0,0,0,0,0,0,0,0,1,0,0,1,0,0,0,0,0
OPERARIO/A PRODUCCIÓN,2024-04-12,2024,0,0,0,0,0,0,0,0,0,0,0,0,0,0,0,0,0,0,0,0,0
OPERARIO/A DE 1º,2024-04-12,2024,0,0,0,0,0,0,0,0,0,0,0,0,0,0,0,0,0,0,0,0,0
TÉCNICO/A DE MANTENIMIENTO ELECTROMECÁNICO,2024-04-12,2024,0,0,0,0,0,0,0,0,0,0,0,1,1,0,0,0,0,0,0,0,0
PLANIFICADOR/A PRODUCCIÓN,2024-04-12,2024,0,0,0,0,0,0,0,0,0,0,0,0,0,0,0,0,0,0,0,0,0
OPERARIOS/AS INDUSTRIALES,2024-04-12,2024,0,0,0,0,0,0,0,0,0,0,0,1,0,0,1,0,0,0,0,0,0
TECNICA/O INFORMATICA/O HELP DESK PARA DTIC,2024-04-12,2024,1,0,0,0,0,0,0,0,0,0,0,1,0,1,0,0,0,0,0,0,0
CARRETILLERO/A,2024-04-12,2024,0,0,0,0,0,0,0,0,0,0,0,0,0,0,0,0,0,0,0,0,0
TÉCNICO/A COMERCIAL ZONA NORTE,2024-04-12,2024,0,0,0,0,0,0,0,0,0,0,0,0,1,0,0,0,0,0,0,0,0
CARRETILLEROS/AS,2024-04-12,2024,0,0,0,0,0,0,0,0,0,0,0,0,0,0,0,0,0,0,0,0,0
ESPECIALISTA MECANIZADO,2024-04-12,2024,0,0,0,0,0,0,0,0,0,0,0,0,0,0,0,0,0,0,0,0,0
JEFE/A DE OBRA EDIFICACIÓN,2024-04-12,2024,0,0,0,0,0,0,0,0,0,0,0,0,1,0,0,0,0,0,0,0,0
LIJADOR/A DE BARNIZ Y LACADOS,2024-04-12,2024,0,0,0,0,0,0,0,0,0,0,0,0,0,0,0,0,0,0,0,0,0
MECATRONICO JUNIOR (REFORMAS ASCENSORES),2024-04-12,2024,0,0,0,0,0,0,0,0,0,0,0,1,0,0,0,0,0,0,0,0,0
VENDEDOR/A,2024-04-12,2024,0,0,0,0,0,0,0,0,0,0,0,0,1,0,0,0,0,0,0,0,0
TÉCNICO/A DE SUBCONTRATACIÓN,2024-04-10,2024,0,0,0,0,0,0,0,0,0,0,0,0,0,0,0,0,0,0,0,0,0
RECEPCIONISTA-AUXILIAR EMPRESA ASEGURADORA,2024-04-10,2024,0,0,0,0,0,0,0,0,0,0,0,1,1,0,0,0,0,0,0,0,0
COMERCIAL VENTA DE COCHES,2024-04-10,2024,0,0,0,0,0,0,0,0,0,0,0,0,1,0,0,0,0,0,0,0,0
MOZO/A DE DESCARGA,2024-04-10,2024,0,0,0,0,0,0,0,0,0,0,0,0,0,0,0,0,0,0,0,0,0
TÉCNICO/A DE MANTENIMIENTO MECÁNICO,2024-04-10,2024,0,0,0,0,0,0,0,0,0,0,0,0,0,0,0,0,0,0,0,0,0
TÉCNICO/A DE MICROINFORMÁTICA - SOPORTE ON SITE,2024-04-10,2024,0,0,0,0,0,0,0,0,0,0,0,1,1,0,0,0,0,0,0,0,0
ENFERMERO/A,2024-04-10,2024,0,0,0,0,0,0,0,0,0,0,0,0,0,0,0,0,0,0,0,0,0
TORNERO/A,2024-04-10,2024,0,0,0,0,0,0,0,0,0,0,0,0,0,0,0,0,0,0,0,0,0
ADMINISTRATIVO/A LABORAL.,2024-04-10,2024,0,0,0,0,0,0,0,0,0,0,0,0,0,0,0,0,0,0,0,0,0
TÉCNICO/A PROCESOS - ( PERFIL ELÉCTRICO ),2024-04-10,2024,0,0,0,0,0,0,0,0,0,0,0,1,1,0,0,0,0,0,0,0,0
GERENTE COMERCIAL TELECOMUNICACIONES,2024-04-10,2024,0,0,0,0,0,0,0,0,1,0,0,1,0,1,0,0,0,0,0,0,0
GESTOR/A COMERCIAL,2024-04-10,2024,0,0,0,0,0,0,0,0,0,0,0,0,1,0,0,0,0,0,0,0,0
TÉCNICO/A COMERCIAL - MULTINACIONAL INDUSTRIAL,2024-04-10,2024,0,0,0,0,0,0,0,0,0,0,0,0,1,0,0,0,0,0,0,0,0
INGENIERO/A DE I+D ELECTRÓNICA,2024-04-10,2024,0,0,0,0,0,0,0,0,0,0,0,0,0,0,0,1,0,0,0,0,0
MOZO/A EQUIPAJES 5 * APARCACOCHES,2024-04-10,2024,0,0,0,0,0,0,0,0,0,0,0,0,0,0,0,0,0,0,0,0,0
OPERARIO/A CORTE LÁSER,2024-04-10,2024,0,0,0,0,0,0,0,0,0,0,0,0,1,0,0,0,0,0,0,0,0
COMERCIAL INTERNO ALMACEN ELECTRICO,2024-04-10,2024,0,0,0,0,0,0,0,0,1,0,0,0,1,1,0,0,0,0,0,0,0
ASISTENTE ADMINISTRACIÓN - BBDD,2024-04-10,2024,1,0,1,0,0,0,0,0,0,0,0,0,0,0,0,0,0,0,0,0,0
CALCULISTA DE ESTRUCTURAS,2024-04-10,2024,0,0,0,0,0,0,0,0,0,0,0,1,0,0,0,0,0,0,0,0,0
SEGUNDO/A DE COCINA,2024-04-10,2024,0,0,0,0,0,0,0,0,0,0,0,0,0,0,0,0,0,0,0,0,0
DIRECTOR/A DE PRODUCCIÓN,2024-04-10,2024,0,0,0,0,0,0,0,0,0,0,0,0,0,0,0,0,0,0,0,0,0
LIMPIADOR/A,2024-04-10,2024,0,0,0,0,0,0,0,0,0,0,0,0,0,0,0,0,0,0,0,0,0
ADMINISTRATIVO/A COMERCIAL - FRANCÉS - AUTOMOCIÓN,2024-04-10,2024,0,0,0,0,0,0,0,0,0,0,0,0,1,0,0,0,0,0,0,0,0
TORNERO/A,2024-04-10,2024,0,0,0,0,0,0,0,0,0,0,0,0,0,0,0,0,0,0,0,0,0
SALES EXPORT AREA MANAGER,2024-04-10,2024,0,0,0,0,0,0,0,0,0,0,0,0,0,0,0,0,0,0,0,0,0
RESPONSABLE DEL AREA JURÍDICA,2024-04-10,2024,0,0,0,0,0,0,0,0,0,0,0,0,0,0,0,0,0,0,0,0,0
MOZO/A CONDUCTOR,2024-04-10,2024,0,0,0,0,0,0,0,0,0,0,0,0,0,0,0,0,0,0,0,0,0
INGENIERIA ÁREA MANTENIMIENTO.,2024-04-10,2024,0,0,0,0,0,0,0,0,0,0,0,0,0,0,0,0,0,0,0,0,0
TÉCNICOS/AS DE MANTENIMIENTO,2024-04-10,2024,0,0,0,0,0,0,0,0,0,0,0,1,0,0,0,0,0,0,0,0,0
INGENIRO/A ÁREA CALIDAD,2024-04-10,2024,0,0,0,0,0,0,0,0,0,0,0,0,0,0,0,0,0,0,0,0,0
OPERARIO/A MECANIZADO CNC,2024-04-10,2024,0,0,0,0,0,0,0,0,0,0,0,0,0,0,0,0,0,0,0,0,0
RESPONSABLE PROCESOS INDUSTRIALES Y MEJORA CONTINUA,2024-04-10,2024,0,0,0,0,0,0,0,0,0,0,0,0,0,0,0,0,1,0,0,0,0
CONTROLLER,2024-04-10,2024,0,0,0,0,0,0,0,0,0,0,0,0,0,0,0,1,0,0,0,0,0
JEFE/A DE OBRA,2024-04-10,2024,0,0,0,0,0,0,0,0,0,0,0,0,1,0,0,0,0,0,0,0,0
OPERARIO/A INDUSTRIAL,2024-04-10,2024,0,0,0,0,0,0,0,0,0,0,0,0,0,0,0,0,0,0,0,0,0
ADMINISTRATIVO/A CONTABLE FINANCIERO,2024-04-10,2024,0,0,0,0,0,0,0,0,0,0,0,0,1,0,0,0,0,0,0,0,0
COCINERO/A,2024-04-10,2024,0,0,0,0,0,0,0,0,0,0,0,0,0,0,0,0,0,0,0,0,0
TÉCNICO/A DE MECANIZADO (CENTRO DE 5 EJES),2024-04-10,2024,0,0,0,0,0,0,0,0,0,0,0,0,0,0,0,0,0,0,0,0,0
LIMPIADOR/A RESTAURANTE,2024-04-10,2024,0,0,0,0,0,0,0,0,0,0,0,0,0,0,0,0,0,0,0,0,0
PERSONAL AUXILIAR ADMINISTRATIVO/A,2024-04-10,2024,0,0,0,0,0,0,0,0,0,0,0,0,1,0,0,0,0,0,0,0,0
MICROINFORMÁTICO/A / HELPDESK CLIENTE FINAL,2024-04-10,2024,1,0,0,0,0,0,0,0,1,0,0,0,1,0,0,0,0,0,0,0,0
GESTOR/A DE COMPRAS DE ACTIVOS INFORMÁTICOS,2024-04-10,2024,0,0,0,0,0,0,0,0,0,0,0,1,1,0,0,0,0,0,0,0,0
CONDUCTOR/A DE TRÁILER,2024-04-10,2024,0,0,0,0,0,0,0,0,0,0,0,0,0,0,0,0,0,0,0,0,0
TÉCNICO/A MEDIO AMBIENTAL - PROYECTOS ENERGÍA RENOVABLE,2024-04-10,2024,0,0,0,0,0,0,0,0,0,0,0,1,0,0,0,0,0,0,0,0,0
DELEGADO/A DE VISITA MÉDICA,2024-04-10,2024,0,0,0,0,0,0,0,0,0,0,0,1,0,0,0,0,0,0,0,0,0
OPERARIO/A DE MECANIZADO.,2024-04-10,2024,0,0,0,0,0,0,0,0,0,0,0,0,0,0,0,0,0,0,0,0,0
OPERARIO/A LIMPIEZA DE OFICINAS CON DISCAPACIDAD +33% O IPT,2024-04-10,2024,0,0,0,0,0,0,0,0,0,0,0,0,1,0,0,0,0,0,0,0,0
CONDUCTOR O CONDUCTORA CARNET C+E + BAÑERA BASCULANTE,2024-04-10,2024,0,0,0,0,0,0,0,0,0,0,0,0,0,0,0,0,0,0,0,0,0
ENTRENADOR/A PERSONAL,2024-04-10,2024,0,0,0,0,0,0,0,0,0,0,0,0,0,0,0,0,0,0,0,0,0
CONDUCTOR/A POR HORAS,2024-04-10,2024,0,0,0,0,0,0,0,0,0,0,0,0,0,0,0,0,0,0,0,0,0
RECEPCIONISTA,2024-04-10,2024,0,0,0,0,0,0,0,0,0,0,0,0,0,0,0,0,0,0,0,0,0
DELINEANTE CON REVIT,2024-04-10,2024,0,0,0,0,0,0,0,0,0,0,0,0,1,0,0,0,0,0,0,0,0
JEFE/A CALIDAD DE PROYECTO,2024-04-10,2024,0,0,0,0,0,0,0,0,0,0,0,0,1,0,0,0,0,0,0,0,0
JEFE/A DE OBRA (PLANTAS FOTOVOLTAICA EPC),2024-04-10,2024,0,0,0,0,0,0,0,0,0,0,0,0,0,0,0,0,0,1,0,0,0
AUXILIAR ADMINISTRATIVO/A,2024-04-10,2024,0,0,0,0,0,0,0,0,0,0,0,0,0,0,0,0,0,0,0,0,0
RESPONSABLE EXPEDICIONES,2024-04-10,2024,0,0,0,0,0,0,0,0,0,0,0,1,0,0,0,0,0,0,0,0,0
ADMINISTRATIVO/A CON SAP,2024-04-10,2024,0,0,0,0,0,0,0,0,0,0,0,0,0,0,0,1,0,0,0,0,0
DISEÑADOR/A OFICINA TÉCNICA DE PRODUCCIÓN // CLIENTE FINAL,2024-04-10,2024,0,0,0,0,0,0,0,0,0,0,0,0,1,0,0,0,0,0,0,0,0
PROGRAMADOR/A PLC,2024-04-10,2024,1,0,0,0,0,0,0,0,0,0,0,0,1,0,0,0,0,0,0,0,0
OPERARIO/A MONTAJE,2024-04-10,2024,0,0,0,0,0,0,0,0,0,0,0,0,0,0,0,0,0,0,0,0,0
TÉCN. DE SOPORTE Y COMPRAS DE MAQUINARIA,2024-04-10,2024,0,0,0,0,0,0,0,0,0,0,0,0,0,0,0,0,0,0,0,0,0
ASISTENTE COMERCIAL,2024-04-10,2024,0,0,0,0,0,0,0,0,0,0,0,0,1,1,0,0,0,0,0,0,0
OPERARIO/A DE PRODUCCIÓN,2024-04-10,2024,0,0,0,0,0,0,0,0,0,0,0,0,0,0,0,0,0,0,0,0,0
COMERCIAL SECTOR ALIMENTACIÓN Y BEBIDAS,2024-04-10,2024,0,0,0,0,0,0,0,0,0,0,0,1,0,0,0,0,0,0,0,0,0
ELECTRICISTA,2024-04-10,2024,0,0,0,0,0,0,0,0,0,0,0,0,0,0,0,0,0,0,0,0,0
INGENIERO/A DE DISEÑO Y FABRICACIÓN (PROJECT MANAGER JUNIOR),2024-04-10,2024,0,0,0,0,0,0,0,0,0,0,0,0,0,0,0,0,0,0,0,0,0
RESPONSABLE DE MANTENIMIENTO ADJUNTO,2024-04-10,2024,0,0,0,0,0,0,0,0,0,0,0,0,0,0,0,0,0,0,0,0,0
COMERCIAL,2024-04-10,2024,0,0,0,0,0,0,0,0,0,0,0,0,1,0,0,0,0,0,0,0,0
DEPENDIENTE/A DE 20H,2024-04-10,2024,0,0,0,0,0,0,0,0,0,0,0,0,0,0,0,0,0,0,0,0,0
OPERARIO/A CON DISCAPACIDAD,2024-04-10,2024,0,0,0,0,0,0,0,0,0,0,0,0,0,0,0,0,0,0,0,0,0
DEPENDIENTE/A DE 20H,2024-04-10,2024,0,0,0,0,0,0,0,0,0,0,0,0,0,0,0,0,0,0,0,0,0
CAMARERO/A,2024-04-10,2024,0,0,0,0,0,0,0,0,0,0,0,1,0,0,0,0,0,0,0,0,0
CAMARERO/A DE HOTEL,2024-04-10,2024,0,0,0,0,0,0,0,0,0,0,0,0,1,0,0,0,0,0,0,0,0
AGENTE ASESOR/A DE SEGUROS,2024-04-10,2024,0,0,0,0,0,0,0,0,0,0,0,0,1,0,1,0,0,0,0,0,0
DEPENDIENTE/A,2024-04-10,2024,0,0,0,0,0,0,0,0,0,0,0,0,0,0,1,0,0,0,0,0,0
RESPONSABLE DE SALA O CAMARERO/A,2024-04-10,2024,0,0,0,0,0,0,0,0,0,0,0,1,0,0,0,0,0,0,0,0,0
OFICIALES/AS DE PRIMERA Y SEGUNDA ELECTRICISTAS,2024-04-10,2024,0,0,0,0,0,0,0,0,0,0,0,0,0,0,0,0,0,0,0,0,0
COCINERO/A,2024-04-10,2024,0,0,0,0,0,0,0,0,0,0,0,0,0,0,0,0,0,0,0,0,0
CARNICERO/A,2024-04-10,2024,0,0,0,0,0,0,0,0,0,0,0,0,0,0,0,0,0,0,0,0,0
AUXILIAR BIBLIOTECA,2024-04-10,2024,0,0,0,0,0,0,0,0,0,0,0,0,0,0,0,0,0,0,0,0,0
CONTROLLER ECONÓMICO GESTIÓN DE PROGRAMAS,2024-04-10,2024,0,0,0,0,0,0,0,0,0,0,0,0,0,0,0,0,0,0,0,0,0
DIRECTOR/A DESARROLLO INTERNACIONAL,2024-04-10,2024,0,0,0,0,0,0,0,0,0,0,0,0,0,0,0,0,0,0,0,0,0
COORDINADOR /A TRÁFICO - TRANSPORTE DE PASAJEROS,2024-04-10,2024,0,0,0,0,0,0,0,0,0,0,0,1,0,0,0,0,0,0,0,0,0
HIGIENISTA BUCODENTAL TARDES,2024-04-10,2024,0,0,0,0,0,0,0,0,0,0,0,0,0,0,0,0,0,0,0,0,0
MOZO/A DE ACONDICIONAMIENTO DE VEHÍCULOS FINES DE SEMANA.,2024-04-10,2024,0,0,0,0,0,0,0,0,0,0,0,0,0,0,0,0,0,0,0,0,0
DEPENDIENTE/A DE PANADERIA,2024-04-10,2024,0,0,0,0,0,0,0,0,0,0,0,0,1,0,0,0,0,0,0,0,0
DESARROLLADOR DE SOFTWARE,2024-04-10,2024,1,0,0,0,0,0,0,0,0,0,0,0,0,0,0,0,0,0,0,0,0
COMERCIAL INTERNO (INGENIERO O CFGS),2024-04-10,2024,0,0,0,0,0,0,0,0,0,0,0,1,0,0,0,0,0,0,0,0,0
ELECTROMECÁNICO/A DE VEHÍCULOS,2024-04-10,2024,0,0,0,0,0,0,0,0,0,0,0,0,0,0,0,0,0,0,0,0,0
TÉCNICO/A SUPERIOR EN PRL Y MEDIOAMBIENTE,2024-04-10,2024,0,0,0,0,0,0,0,0,0,0,0,0,0,0,0,0,0,0,0,0,0
OPERARIO/A DE MECANIZADO,2024-04-10,2024,0,0,0,0,0,0,0,0,0,0,0,0,0,0,0,0,0,0,0,0,0
CONDUCTOR/A REPARTIDOR/A,2024-04-10,2024,0,0,0,0,0,0,0,0,0,0,0,0,0,0,0,0,0,0,0,0,0
AYUDANTE JEFE/A DE TURNO,2024-04-10,2024,0,0,0,0,0,0,0,0,0,0,0,0,0,0,0,0,0,0,0,0,0
OPERARIO/A DE PLANTA,2024-04-10,2024,0,0,0,0,0,0,0,0,0,0,0,0,0,0,0,0,0,0,0,0,0
OPERARIO/A DE MANTENIMIENTO FERROVIARIO.,2024-04-10,2024,0,0,0,0,0,0,0,0,0,0,0,0,0,0,0,0,0,0,0,0,0
ELECTRICISTA,2024-04-10,2024,0,0,0,0,0,0,0,0,0,0,0,0,0,0,0,0,0,0,0,0,0
DELINEANTE,2024-04-10,2024,0,0,0,0,0,0,0,0,0,0,0,0,0,0,0,0,0,0,0,0,0
CARRETILLERO/A,2024-04-10,2024,0,0,0,0,0,0,0,0,0,0,0,0,1,0,0,0,0,0,0,0,0
COCINERO/A PARA COLEGIO,2024-04-10,2024,0,0,0,0,0,0,0,0,0,0,0,0,0,0,0,0,0,0,0,0,0
SOLDADOR/A SEMIAUTOMATICA CHAPA FINA.,2024-04-10,2024,0,0,0,0,0,0,0,0,0,0,0,0,0,0,0,0,0,0,0,0,0
RESPONSABLE DE LIMPIEZA INDUSTRIAL,2024-04-10,2024,0,0,0,0,0,0,0,0,0,0,0,0,0,0,0,0,0,0,0,0,0
INSTALADOR/A MONTADOR/A ELÉCTRICO,2024-04-10,2024,0,0,0,0,0,0,0,0,0,0,0,0,0,0,0,0,0,0,0,0,0
PELUQUERO/A,2024-04-10,2024,0,0,0,0,0,0,0,0,0,0,0,0,0,0,0,0,0,0,0,0,0
JARDINERO/A CON CERTIFICADO DE DISCAPACIDAD +33% O IPT,2024-04-10,2024,0,0,0,0,0,0,0,0,0,0,0,0,1,0,0,0,0,0,0,0,0
ALMACENERO/A,2024-04-10,2024,0,0,0,0,0,0,0,0,0,0,0,0,0,0,0,0,0,0,0,0,0
MÉDICO/A,2024-04-10,2024,0,0,0,0,0,0,0,0,0,0,0,0,0,0,0,0,0,0,0,0,0
REPARTIDOR/A CON CARNET C + ADR,2024-04-10,2024,0,0,0,0,0,0,0,0,0,0,0,0,0,0,0,0,0,0,0,0,0
TORNERO/A - FRESADOR/A CNC,2024-04-10,2024,0,0,0,0,0,0,0,0,0,0,0,0,0,0,0,0,0,0,0,0,0
OPERARIO/A LABORATORIO,2024-04-10,2024,0,0,0,0,0,0,0,0,0,0,0,0,0,0,0,0,0,0,0,0,0
VENDEDOR/A DE RECAMBIOS DEL AUTOMOVIL,2024-04-10,2024,0,0,0,0,0,0,0,0,0,0,0,0,1,0,0,0,0,0,0,0,0
TÉCNICO-A DISEÑO INDUSTRIAL,2024-04-10,2024,0,0,0,0,0,0,0,0,0,0,0,0,0,0,0,0,0,0,0,0,0
PERSONAL DE LIMPIEZA BRIGADA EMERGENCIA (DISCAPACIDAD +33% O IPT),2024-04-10,2024,0,0,0,0,0,0,0,0,0,0,0,0,0,0,0,0,0,0,0,0,0
CONSULTOR/A COMERCIAL - FARMACIAS,2024-04-10,2024,0,0,0,0,0,0,0,0,0,0,0,0,0,0,0,0,0,0,0,0,0
TÉCNICO/A RECAUDADOR/A DE MAQUINAS RECREATIVAS,2024-04-10,2024,0,0,0,0,0,0,0,0,0,0,0,0,1,0,0,0,0,0,0,0,0
LIMPIADOR/A DE BARCO,2024-04-10,2024,0,0,0,0,0,0,0,0,0,0,0,1,1,0,0,0,0,0,0,0,0
OPERARIO/A DE PRODUCCIÓN,2024-04-10,2024,0,0,0,0,0,0,0,0,0,0,0,0,0,0,0,0,0,0,0,0,0
DECORADOR/A DE INTERIORES,2024-04-10,2024,0,0,0,0,0,0,0,0,0,0,0,0,0,0,0,0,0,0,0,0,0
RECAMBISTA ESPECIALISTA,2024-04-10,2024,0,0,0,0,0,0,0,0,0,0,0,0,0,0,0,0,0,0,0,0,0
CONTROLLER,2024-04-10,2024,0,0,0,0,0,0,0,0,0,0,0,0,0,0,0,0,0,0,0,0,0
MOZO/A,2024-04-10,2024,0,0,0,0,0,0,0,0,0,0,0,0,1,0,0,0,0,0,0,0,0
TORNERO/A CNC,2024-04-10,2024,0,0,0,0,0,0,0,0,0,0,0,0,0,0,0,0,0,0,0,0,0
ASESOR/A FISCAL,2024-04-10,2024,0,0,0,0,0,0,0,0,0,0,0,0,0,0,0,0,0,0,0,0,0
DEPENDIENTE/A CAMPAÑA MODA BAÑO,2024-04-10,2024,0,0,0,0,0,0,0,0,0,0,0,0,0,0,0,0,0,0,0,0,0
TECNICO/A DE ESTRUCTURAS METÁLICAS PARA OFICINA TÉCNICA,2024-04-10,2024,0,0,0,0,0,0,0,0,0,0,0,0,0,0,0,0,0,0,0,0,0
ELÉCTRICO O ELÉCTRICA CON FORMACIÓN PROFESIONAL,2024-04-10,2024,0,0,0,0,0,0,0,0,0,0,0,0,0,0,0,0,0,0,0,0,0
TÉCNICO/A DE SISTEMAS CON CONOCIMIENTO EN BBDD,2024-04-10,2024,1,0,1,0,1,0,0,0,0,0,0,1,0,0,0,0,0,0,0,0,0
CHAPISTA/A OFICIAL 1º AUTOMOCIÓN,2024-04-10,2024,0,0,0,0,0,0,0,0,0,0,0,0,0,0,0,0,0,0,0,0,0
AUXILIAR AYUDA A DOMICILIO,2024-04-10,2024,0,0,0,0,0,0,0,0,0,0,0,0,0,0,0,0,0,0,0,0,0
JEFE/A DE OBRA REHABILITACIÓN,2024-04-10,2024,0,0,0,0,0,0,0,0,0,0,0,0,1,0,0,0,0,0,0,0,0
MECÁNICO/A OFICIAL 1º DE VEHÍCULOS,2024-04-10,2024,0,0,0,0,0,0,0,0,0,0,0,0,0,0,0,0,0,0,0,0,0
AGENTE DE IGUALDAD,2024-04-10,2024,0,0,0,0,0,0,0,0,0,0,0,0,0,0,0,0,0,0,0,0,0
COMERCIAL HORECA,2024-04-10,2024,0,0,0,0,0,0,0,0,0,0,0,0,0,0,0,0,0,0,0,0,0
LIMPIADOR/A,2024-04-10,2024,0,0,0,0,0,0,0,0,0,0,0,0,0,0,0,0,0,0,0,0,0
PINTOR/A OFICIAL 1º AUTOMOCIÓN,2024-04-10,2024,0,0,0,0,0,0,0,0,0,0,0,0,0,0,0,0,0,0,0,0,0
AGENTE DE VIAJES,2024-04-10,2024,0,0,0,0,0,0,0,0,0,0,0,0,1,0,0,0,0,0,0,0,0
CARRETILLEROS/AS RETRACTIL Y PICKING,2024-04-10,2024,0,0,0,0,0,0,0,0,0,0,0,0,0,0,0,0,0,0,0,0,0
TÉCNICO/A SENIOR CONTABLE Y FISCAL,2024-04-10,2024,0,0,0,0,0,0,0,0,0,0,0,0,1,0,0,1,0,0,0,0,0
VISITADOR/A MEDICO,2024-04-10,2024,0,0,0,0,0,0,0,0,0,0,0,0,0,0,0,0,0,0,0,0,0
RESPONSABLE DE SUBCONTRATACCIÓN,2024-04-10,2024,0,0,0,0,0,0,0,0,0,0,0,0,0,0,0,0,0,0,0,0,0
VISITADOR/A MEDICO,2024-04-10,2024,0,0,0,0,0,0,0,0,0,0,0,0,0,0,0,0,0,0,0,0,0
OFICIAL 1ª INSTALADOR/A - PROY. ACRISTALAMIENTO,2024-04-10,2024,0,0,0,0,0,0,0,0,0,0,0,1,1,0,0,0,0,0,0,0,0
OPERARIO/A DE PRODUCCIÓN,2024-04-10,2024,0,0,0,0,0,0,0,0,0,0,0,0,0,0,0,0,0,0,0,0,0
OPERARIO/A MOLDEO DE FIBRA,2024-04-10,2024,0,0,0,0,0,0,0,0,0,0,0,0,0,0,0,0,0,0,0,0,0
OPERARIO/A LOGÍSTICA,2024-04-10,2024,0,0,0,0,0,0,0,0,0,0,0,0,0,0,0,0,0,0,0,0,0
LIMPIADOR/A CON CERTIFICADO DE DISCAPACIDAD,2024-04-10,2024,0,0,0,0,0,0,0,0,0,0,0,0,0,0,0,0,0,0,0,0,0
PROJECT MANAGER,2024-04-10,2024,0,0,0,0,0,0,0,0,0,0,0,0,0,0,0,0,0,0,0,0,0
ADMINISTRATIVO/A DEPARTAMENTO CLIENTES (FRANCÉS ALTO),2024-04-10,2024,1,0,0,0,0,0,0,0,0,0,0,0,1,0,0,0,0,0,0,0,0
DIRECTOR/A COMERCIAL,2024-04-10,2024,0,0,0,0,0,0,0,0,0,0,0,0,0,0,0,0,0,0,0,0,0
INGENIERO/A MECÁNICO,2024-04-10,2024,0,0,0,0,0,0,0,0,0,0,0,0,0,0,0,0,0,0,0,0,0
ENCARGADO/A DE TURNO. TIENDA,2024-04-10,2024,0,0,0,0,0,0,0,0,0,0,0,1,0,0,1,0,1,0,0,0,0
TÉCNICO /A ELECTROMECÁNICO /A,2024-04-10,2024,0,0,0,0,0,0,0,0,0,0,0,1,1,0,0,0,0,0,0,0,0
DESARROLLADOR/A .NET,2024-04-10,2024,1,0,0,1,0,0,0,0,0,0,0,1,0,0,0,1,0,0,0,0,0
SOLDADOR/A ACERO INOXIDABLE,2024-04-10,2024,0,0,0,0,0,0,0,0,0,0,0,0,0,0,0,0,0,0,0,0,0
RECEPCIONISTA DE HOTEL TURNO DE NOCHE,2024-04-10,2024,0,0,0,0,0,0,0,0,0,0,0,0,1,0,0,0,0,0,0,0,0
RESPONSABLE TURNO DE PRODUCCIÓN,2024-04-10,2024,0,0,0,0,0,0,0,0,0,0,0,0,0,0,0,0,0,0,0,0,0
PERSONAL TÉCNICO/A VETERINARIO,2024-04-10,2024,0,0,0,0,0,0,0,0,0,0,0,0,0,0,0,0,0,0,0,0,0
PINTOR/A INDUSTRIAL,2024-04-10,2024,0,0,0,0,0,0,0,0,0,0,0,0,0,0,0,0,0,0,0,0,0
MECÁNICOS O MECÁNICAS DE MONTAJE INDUSTRIAL,2024-04-10,2024,0,0,0,0,0,0,0,0,0,0,0,0,0,0,0,0,0,0,0,0,0
ADMINISTRATIVO ATENCIÓN AL PROFESORADO,2024-04-10,2024,0,0,0,0,0,0,0,0,0,0,0,0,1,0,0,0,0,0,0,0,0
CHÓFER DE CAMIÓN,2024-04-10,2024,0,0,0,0,0,0,0,0,0,0,0,0,0,0,0,0,0,0,0,0,0
INGENIERO/A ELÉCTRICO CON EXPERIENCIA EN INSTALACIONES ALTA TENSIÓN (> 66 KV),2024-04-10,2024,0,0,0,0,0,0,0,0,0,0,0,0,1,0,0,0,0,0,0,0,0
CARRETILLERO/A FRONTAL,2024-04-10,2024,0,0,0,0,0,0,0,0,0,0,0,0,0,0,0,0,0,0,0,0,0
TÉCNICO/A DE ATENCIÓN AL USUARIO,2024-04-10,2024,0,0,0,0,0,0,0,0,0,0,0,1,1,0,0,0,0,0,0,0,0
TÉCNICO/A DE GESTIÓN DE PERSONAS JUNIOR,2024-04-10,2024,0,0,0,0,0,0,0,0,0,0,0,1,0,0,0,0,0,0,0,0,0
TÉCNICO/A DE COMPRAS,2024-04-10,2024,0,0,0,0,0,0,0,0,0,0,0,0,0,0,0,0,0,0,0,0,0
TÉCNICO/A MANTENIMIENTO VEHÍCULOS DE RECOGIDA DE RESIDUOS,2024-04-10,2024,1,0,0,0,0,0,0,0,0,0,0,0,0,0,0,0,0,0,0,0,0
OPERARIOS/AS DE MONTAJE,2024-04-10,2024,0,0,0,0,0,0,0,0,0,0,0,0,0,0,0,0,0,0,0,0,0
"OPERARIO/A DE MÁQUINA, CON CERTIFICADO DE DISCAPACIDAD",2024-04-10,2024,0,0,0,0,0,0,0,0,0,0,0,0,0,0,0,0,0,0,0,0,0
PRENSISTA,2024-04-10,2024,0,0,0,0,0,0,0,0,0,0,0,0,0,0,0,0,0,0,0,0,0
COORDINADOR/A TÉCNICO CSIRT,2024-04-10,2024,1,0,0,0,0,0,1,0,0,0,0,1,0,0,0,0,0,0,0,0,0
ALMACEN Y ATENCION A CLIENTES,2024-04-10,2024,0,0,0,0,0,0,0,0,0,0,0,0,1,0,0,0,0,0,0,0,0
AUXILIAR ADMINISTRATIVO/A,2024-04-10,2024,0,0,0,0,0,0,0,0,0,0,0,0,0,0,0,0,0,0,0,0,0
MECÁNICO/A DE VEHÍCULOS,2024-04-10,2024,0,0,0,0,0,0,0,0,0,0,0,0,0,0,0,0,0,0,0,0,0
OPERARIOS/AS DE PRODUCCION EMPRESA DE MADERA,2024-04-10,2024,0,0,0,0,0,0,0,0,0,0,0,0,0,0,0,0,0,0,0,0,0
RECEPCIONISTA,2024-04-10,2024,1,0,0,0,0,0,0,0,0,0,0,0,1,0,0,0,0,0,1,0,0
ELECTRICISTA,2024-04-09,2024,0,0,0,0,0,0,0,0,0,0,0,1,0,0,0,0,0,0,0,0,0
TÉCNICO/A SOPORTE ESPECIALISTA MS365,2024-04-09,2024,0,0,0,0,0,0,0,0,0,0,0,0,1,0,0,0,0,0,0,0,0
RESPONSABLE DE MANTENIMIENTO DE INSTALACIONES,2024-04-09,2024,0,0,0,0,0,0,0,0,0,0,0,0,0,0,0,0,0,0,0,0,0
JEFE/A DE TURNO,2024-04-09,2024,0,0,0,0,0,0,0,0,0,0,0,0,0,0,0,0,0,0,0,0,0
ADMINISTRATIVO/A DE VENTAS,2024-04-09,2024,0,0,0,0,0,0,0,0,0,0,0,0,0,0,0,0,0,0,0,0,0
TÉCNICO/A DE SOPORTE TIC ¿ CAU,2024-04-09,2024,0,0,0,0,0,0,0,0,0,0,0,0,0,0,0,0,0,0,0,0,0
CAMARERO-A,2024-04-09,2024,0,0,0,0,0,0,0,0,0,0,0,0,0,0,0,0,0,0,0,0,0
DELEGADO/A COMERCIAL - CANAL FARMACIA,2024-04-09,2024,0,0,0,0,0,0,0,0,0,0,0,1,0,0,0,0,0,0,0,0,0
MECANICO/A OFICIAL DE 1ª,2024-04-09,2024,0,0,0,0,0,0,0,0,0,0,0,0,0,0,0,0,0,0,0,0,0
INGENIERO/A TÉCNICO/A INDUSTRIAL,2024-04-09,2024,0,0,0,0,0,0,0,0,0,0,0,1,0,0,0,0,0,0,0,0,0
TÉCNICO/A NETWORKING,2024-04-09,2024,1,0,0,0,0,0,0,0,1,0,0,0,0,0,0,0,0,0,0,0,0
DOCUMENT CONTROLLER (INGLÉS) - SECTOR INDUSTRIAL/INGENIERÍA,2024-04-09,2024,0,0,0,0,0,0,0,0,0,0,0,0,0,0,0,0,0,0,0,0,0
RESP. TRANSFORMACIÓN PLANIFICACIÓN DE SUPPLY CHAIN,2024-04-09,2024,0,0,0,0,0,0,0,0,0,0,0,0,0,0,0,0,0,0,0,0,0
TÉCNICO/A COMERCIAL,2024-04-09,2024,0,0,0,0,0,0,0,0,0,0,0,0,0,0,0,0,0,0,0,0,0
TÉCNICO/A ELÉCTRICO/A - INSTALACIONES,2024-04-09,2024,0,0,0,0,0,0,0,0,0,0,0,0,0,0,0,0,0,0,0,0,0
TRACTORISTA - OPERARIO/A DE CAMPO,2024-04-09,2024,0,0,0,0,0,0,0,0,0,0,0,0,0,0,0,0,0,0,0,0,0
SOLDADOR/A TUBERO/A,2024-04-09,2024,0,0,0,0,0,0,0,0,0,0,0,0,0,0,0,0,0,0,0,0,0
DELINEANTE AUTOCAD - TUBERÍAS/ DISEÑO P&IDS,2024-04-09,2024,0,0,0,0,0,0,0,0,0,0,0,0,0,0,0,0,0,0,0,0,0
PROJECT MANAGER CON FRANCÉS,2024-04-09,2024,0,0,0,0,0,0,0,0,0,0,0,0,0,0,0,0,0,0,0,0,0
TÉCNICO/A DE SISTEMAS,2024-04-09,2024,1,0,0,0,0,0,0,0,0,0,0,1,0,0,0,0,0,0,0,0,0
PROGRAMADORES/AS PLC SERVICE (*),2024-04-09,2024,1,0,0,0,0,0,0,0,0,0,0,1,1,0,0,0,0,0,0,0,0
MONITOR-A,2024-04-09,2024,0,0,0,0,0,0,0,0,0,0,0,0,0,0,0,0,0,0,0,0,0
DELINEANTE AUTOCAD 2D - OBRA CIVIL / EDIFICACIÓN,2024-04-09,2024,0,0,0,0,0,0,0,0,0,0,0,0,0,0,0,0,0,0,0,0,0
RESPONSABLE DE ADMINISTRACIÓN DE PERSONAL,2024-04-09,2024,0,0,0,0,0,0,0,0,0,0,0,0,0,0,0,0,0,0,0,0,0
COORDINADOR/A DE PROYECTO EDUCATIVO,2024-04-09,2024,0,0,0,0,0,0,0,0,0,0,0,0,0,0,0,0,0,0,0,0,0
TÉCNICO/A COMERCIAL - FLUIDOS Y LUBRICANTES,2024-04-09,2024,0,0,0,0,0,0,0,0,0,0,0,1,1,0,0,0,0,0,0,0,0
TÉCNICO/A SAT ¿ ESPECIALIDAD ELÉCTRICA Y/O ELECTRÓNICA,2024-04-09,2024,1,0,0,0,0,0,0,0,0,0,0,0,1,0,0,0,0,0,0,0,0
TÉCNICO/A PARA DEPARTAMENTO DE MARKETING,2024-04-09,2024,0,0,0,0,0,0,0,0,0,0,0,0,0,0,0,1,0,0,0,0,0
OPERARIO/A DE ALMACÉN EMPRESA AGRICOLA,2024-04-09,2024,0,0,0,0,0,0,0,0,0,0,0,0,0,0,0,0,0,0,0,0,0
INGENIERO/A ELÉCTRICO SIMULACIONES Y MODELOS,2024-04-09,2024,0,0,0,0,0,0,0,0,0,0,0,0,0,0,0,0,0,0,0,0,0
CARRETILLERO/A Y MOZO/A ALMACEN,2024-04-09,2024,0,0,0,0,0,0,0,0,0,0,0,0,0,0,0,0,0,0,0,0,0
ELECTROMECANICO/A INSTALADOR/A AUTOMOCION,2024-04-09,2024,0,0,0,0,0,0,0,0,0,0,0,0,0,0,0,0,0,0,0,0,0
PINCHE DE COCINA PARA RESIDENCIA,2024-04-09,2024,0,0,0,0,0,0,0,0,0,0,0,0,0,0,0,0,0,0,0,0,0
"OPERARIO/A DE LIMPIEZA (OFICINAS, COLEGIOS, OBRAS, SOLERAS, ETC)",2024-04-09,2024,0,0,0,0,0,0,0,0,0,0,0,0,0,0,0,0,0,0,0,0,0
TÉCNICO-A ERP SAP PLM,2024-04-09,2024,0,0,0,0,0,0,0,0,0,0,0,0,0,0,0,0,0,0,0,0,0
TÉCNICO/A CALIDAD CORPORATIVO,2024-04-09,2024,0,0,0,0,0,0,0,0,0,0,0,0,0,0,0,0,0,0,0,0,0
LAVACOCHES CONCESIONARIO OFICIAL,2024-04-09,2024,0,0,0,0,0,0,0,0,0,0,0,0,0,0,0,0,0,0,0,0,0
MECÁNICO/A PARA CONCESIONARIO OFICIAL.,2024-04-09,2024,0,0,0,0,0,0,0,0,0,0,0,0,0,0,0,0,0,0,0,0,0
JEFE/A DE EQUIPO COMERCIAL,2024-04-09,2024,0,0,0,0,0,0,0,0,0,0,0,1,0,0,0,0,1,0,0,0,0
TECNICO/A DE MANTENIMIENTO MECANICO,2024-04-09,2024,0,0,0,0,0,0,0,0,0,0,0,0,0,0,0,0,0,0,0,0,0
MAQUINISTA DE RODILLO,2024-04-09,2024,0,0,0,0,0,0,0,0,0,0,0,0,0,0,0,0,0,0,0,0,0
PROGRAMADORES/AS PYTHON,2024-04-09,2024,1,1,0,0,0,0,0,0,0,0,0,0,1,0,0,0,0,0,0,0,0
TÉCNICO/A MANTENIMIENTO ELECTROMECÁNICO,2024-04-09,2024,0,0,0,0,0,0,0,0,0,0,0,0,0,0,0,0,0,0,0,0,0
RESPONSABLE DE ASESORÍA,2024-04-09,2024,0,0,0,0,0,0,0,0,0,0,0,1,0,0,0,0,0,0,0,0,0
DOCENTE ESPECIALIZADO HIGIENE ALIMENTARIA,2024-04-09,2024,0,0,0,0,0,0,0,0,0,0,0,0,0,0,0,0,0,0,0,0,0
ADMINISTRATIVO/A CON INGLÉS,2024-04-09,2024,0,0,0,0,0,0,0,0,0,0,0,0,0,0,0,0,0,0,0,0,0
CONTROLADOR/A DE ACCESOS,2024-04-09,2024,0,0,0,0,0,0,0,0,0,0,0,0,0,0,0,0,0,0,0,0,0
GEROCULTOR/A RESIDENCIA,2024-04-09,2024,0,0,0,0,0,0,0,0,0,0,0,0,0,0,0,0,0,0,0,0,0
TÉCNICO/A MANTENIMIENTO ELÉCTRICO,2024-04-09,2024,0,0,0,0,0,0,0,0,0,0,0,0,1,0,0,0,0,0,0,0,0
OPERARIOS/AS SECTOR ALIMENTACION,2024-04-09,2024,0,0,0,0,0,0,0,0,0,0,0,0,0,0,0,0,0,0,0,0,0
ANALISTA PROGRAMADOR/A JAVA,2024-04-09,2024,1,0,0,1,0,0,0,0,0,0,0,0,0,0,0,0,0,0,0,0,0
RESPONSABLE COMPRAS Y APROVISIONAMIENTOS,2024-04-09,2024,0,0,0,0,0,0,0,0,0,0,0,0,0,0,0,0,0,0,0,0,0
DEPENDIENTE/A,2024-04-09,2024,0,0,0,0,0,0,0,0,0,0,0,0,0,0,0,0,0,0,0,0,0
ELECTRICISTA INDUSTRIAL,2024-04-09,2024,0,0,0,0,0,0,0,0,0,0,0,0,1,0,0,0,0,0,0,0,0
PROYECTISTA DE INSTALACIONES. SECTOR INDUSTRIAL,2024-04-09,2024,0,0,0,0,0,0,0,0,0,0,0,0,0,0,0,0,0,0,0,0,0
INGENIERO/A DE OFERTAS,2024-04-09,2024,0,0,0,0,0,0,0,0,0,0,0,0,0,0,0,0,0,0,0,0,0
LIMPIADOR/A,2024-04-09,2024,0,0,0,0,0,0,0,0,0,0,0,0,0,0,0,0,0,0,0,0,0
ADMINISTRATIVO/A COMERCIAL CON INGLÉS,2024-04-09,2024,0,0,0,0,0,0,0,0,0,0,0,0,0,0,0,0,0,0,0,0,0
ADMINISTRATIVO/A CONTABLE,2024-04-09,2024,0,0,0,0,0,0,0,0,0,0,0,0,0,0,0,0,0,0,0,0,0
ASSISTANTS DE COMPRAS,2024-04-09,2024,0,0,0,0,0,0,0,0,0,0,0,0,0,0,0,0,0,0,0,0,0
OFICIAL/A DE ELECTRICIDAD INDUSTRIAL,2024-04-09,2024,0,0,0,0,0,0,0,0,0,0,0,0,0,0,0,0,0,0,0,0,0
JARDINERO/A,2024-04-09,2024,0,0,0,0,0,0,0,0,0,0,0,0,0,0,0,0,0,0,0,0,0
COMMUNITY MANAGER,2024-04-09,2024,0,0,0,0,0,0,0,0,1,0,0,0,0,0,0,0,0,0,0,0,0
RESPONSABLE DE SERVICIO DE ASISTENCIA TÉCNICA,2024-04-09,2024,0,0,0,0,0,0,0,0,0,0,0,0,0,0,0,0,0,0,0,0,0
TÉCNICO-A DE OFERTAS / PROYECTOS,2024-04-09,2024,0,0,0,0,0,0,0,0,0,0,0,0,0,0,0,0,0,0,0,0,0
MANTENIMIENTO ELECTROMECÁNICO/A INDUSTRIAL,2024-04-09,2024,0,0,0,0,0,0,0,0,0,0,0,0,0,0,0,0,0,0,0,0,0
JEFE/A DE COCINA,2024-04-09,2024,0,0,0,0,0,0,0,0,0,0,0,0,0,0,0,0,0,0,0,0,0
INGENIERO/A PROYECTOS INSTALACIONES,2024-04-09,2024,0,0,0,0,0,0,0,0,0,0,0,0,0,0,0,0,0,0,0,0,0
RESPONSABLE CARROCERIA,2024-04-09,2024,0,0,0,0,0,0,0,0,0,0,0,1,0,0,0,0,0,0,0,0,0
GESTOR/A DE COMPRAS,2024-04-09,2024,0,0,0,0,0,0,0,0,0,0,0,0,0,0,0,0,0,0,0,0,0
MONTADOR/A DE PLACAS ELECTRÓNICAS,2024-04-09,2024,0,0,0,0,0,0,0,0,0,0,0,0,0,0,0,0,0,0,0,0,0
MOZO/A DE ALMACEN (5 A 13 H),2024-04-09,2024,0,0,0,0,0,0,0,0,0,0,0,0,0,0,0,0,0,0,0,0,0
ELECTRICISTA,2024-04-09,2024,0,0,0,0,0,0,0,0,0,0,0,0,0,0,0,0,0,0,0,0,0
COMERCIAL- SECTOR INDUSTRIAL,2024-04-09,2024,0,0,0,0,0,0,0,0,0,0,0,1,1,0,0,1,0,0,0,0,0
OPERATIVO/A DE TRÁFICO,2024-04-09,2024,0,0,0,0,0,0,0,0,0,0,0,0,0,0,0,0,0,0,0,0,0
ENCARGADO/A DE OBRA,2024-04-09,2024,0,0,0,0,0,0,0,0,0,0,0,1,0,0,1,0,0,0,0,0,0
JEFE/A SECCIÓN,2024-04-09,2024,0,0,0,0,0,0,0,0,0,0,0,1,1,0,0,0,0,0,0,0,0
COCINERO/A COMIDA RAPIDA,2024-04-09,2024,0,0,0,0,0,0,0,0,0,0,0,0,0,0,0,0,0,0,0,0,0
RESPONSABLE DE APARCAMIENTO,2024-04-09,2024,0,0,0,0,0,0,0,0,0,0,0,0,0,0,0,0,0,0,0,0,0
DELINEANTE - PROYECTISTA / MICROSTATION,2024-04-09,2024,0,0,0,0,0,0,0,0,0,0,0,0,0,0,0,0,0,0,0,0,0
RESPONSABLE DE EXPEDICIONES/LOGÍSTICA,2024-04-09,2024,0,0,0,0,0,0,0,0,0,0,0,0,0,0,0,0,0,0,0,0,0
COMERCIAL JUNIOR CON EUSKERA,2024-04-09,2024,0,0,0,0,0,0,0,0,0,0,0,0,0,0,0,0,0,0,0,0,0
OPERARIOS/AS PLANTA,2024-04-09,2024,0,0,0,0,0,0,0,0,0,0,0,0,0,0,0,0,0,0,0,0,0
OFICIAL/A DE 1ª,2024-04-09,2024,0,0,0,0,0,0,0,0,0,0,0,1,0,1,0,0,0,0,0,0,0
DIRECTOR/A INDUSTRIALIZACIÓN,2024-04-09,2024,0,0,0,0,0,0,0,0,0,0,0,0,1,0,0,0,0,0,0,0,0
TÉCNICO/A CALIDAD,2024-04-09,2024,0,0,0,0,0,0,0,0,0,0,0,0,0,0,0,1,0,0,0,0,0
MOZO/A DE ALMACÉN,2024-04-09,2024,0,0,0,0,0,0,0,0,0,0,0,0,0,0,0,0,0,0,0,0,0
GESTOR/A DE SERVICIOS DE LIMPIEZA,2024-04-09,2024,0,0,0,0,0,0,0,0,0,0,0,1,0,0,0,0,0,0,0,0,0
TÉCNICO/A CALIDAD (INDUSTRIAL),2024-04-09,2024,0,0,0,0,0,0,0,0,0,0,0,0,0,0,0,0,0,0,0,0,0
AUXILIAR ADMINISTRATIVO/A DE TALLER,2024-04-09,2024,0,0,0,0,0,0,0,0,0,0,0,0,0,0,0,0,0,0,0,0,0
DIRECTOR/A TERRITORIAL,2024-04-09,2024,0,0,0,0,0,0,0,0,0,0,0,0,0,0,0,0,0,0,0,0,0
AYUDANTE/A DE COCINA,2024-04-09,2024,0,0,0,0,0,0,0,0,0,0,0,0,0,0,0,0,0,0,0,0,0
SOLDADOR/A,2024-04-09,2024,0,0,0,0,0,0,0,0,0,0,0,0,0,0,0,0,0,0,0,0,0
TELEOPERADOR/A,2024-04-09,2024,0,0,0,0,0,0,0,0,0,0,0,0,1,0,0,0,0,0,0,0,0
AUXILIAR DE ENFERMERÍA,2024-04-09,2024,0,0,0,0,0,0,0,0,0,0,0,0,0,0,0,0,0,0,0,0,0
LIMPIADOR/A INDUSTRIAL,2024-04-09,2024,0,0,0,0,0,0,0,0,0,0,0,0,0,0,0,0,0,0,0,0,0
TÉCNICO/A INFORMÁTICO/A,2024-04-09,2024,0,0,0,0,0,0,0,0,0,0,0,1,0,0,0,0,0,0,0,0,0
SOLDADOR/A OFICIAL 1ª,2024-04-09,2024,0,0,0,0,0,0,0,0,0,0,0,0,0,0,0,0,0,0,0,0,0
CARRETILLERO/A,2024-04-09,2024,0,0,0,0,0,0,0,0,0,0,0,0,0,0,0,0,0,0,0,0,0
COCINERO/A DE COLECTIVIDADES,2024-04-09,2024,0,0,0,0,0,0,0,0,0,0,0,0,0,0,0,0,0,0,0,0,0
MECANICO/A CARRETILLAS ELEVADORAS,2024-04-09,2024,0,0,0,0,0,0,0,0,0,0,0,0,1,0,0,0,0,0,0,0,0
MONTADOR/A ELÉCTRICO / MECÁNICO/A,2024-04-09,2024,0,0,0,0,0,0,0,0,0,0,0,0,0,0,0,0,0,0,0,0,0
RECURSO PREVENTIVO ( IMPRESCINDIBLE FORMACIÓN PROFESIONAL EN PRL),2024-04-09,2024,0,0,0,0,0,0,0,0,0,0,0,1,0,0,0,0,0,0,0,0,0
ODONTOLOGO/A,2024-04-09,2024,0,0,0,0,0,0,0,0,0,0,0,1,0,0,0,0,0,0,0,0,0
GESTIÓN DE SERVICIOS,2024-04-09,2024,0,0,0,0,0,0,0,0,0,0,0,1,0,0,0,0,0,0,0,0,0
CONSULTOR/A FUNCIONAL EN ADMINISTRACIÓN ELECTRÓNICA EN AAPP LOCALES,2024-04-09,2024,0,0,0,0,0,0,0,0,0,0,0,1,0,0,0,0,0,0,0,0,0
CONDUCTOR/A FURGONETA,2024-04-09,2024,0,0,0,0,0,0,0,0,0,0,0,0,0,0,0,0,0,0,0,0,0
JEFE/A DE SECTOR,2024-04-09,2024,0,0,0,0,0,0,0,0,0,0,0,0,0,0,0,0,0,0,0,0,0
TÉCNICO/A DE MONTAJE,2024-04-09,2024,0,0,0,0,0,0,0,0,0,0,0,0,0,0,0,0,0,0,0,0,0
OPERARIO/A INDUSTRIAL,2024-04-09,2024,0,0,0,0,0,0,0,0,0,0,0,0,1,0,0,0,0,0,0,0,0
SOLDADOR/A DE MANO,2024-04-09,2024,0,0,0,0,0,0,0,0,0,0,0,0,0,0,0,0,0,0,0,0,0
SOLDADOR/A DE ARCO SUMERGIDO/A (SAW),2024-04-09,2024,0,0,0,0,0,0,0,0,0,0,0,1,0,0,0,0,0,0,0,0,0
RECTIFICADOR/A,2024-04-09,2024,0,0,0,0,0,0,0,0,0,0,0,0,0,0,0,0,0,0,0,0,0
DESARROLLO DE NEGOCIO - COMERCIAL EN EMPRESA DE INGENIERÍA,2024-04-09,2024,0,0,0,0,0,0,0,0,0,0,0,0,0,0,0,0,0,0,0,0,0
TECNICO/A DE CONTROL DE PLAGAS,2024-04-09,2024,0,0,0,0,0,0,0,0,0,0,0,0,1,0,0,0,0,0,0,0,0
CARRETILLERO/A,2024-04-09,2024,0,0,0,0,0,0,0,0,0,0,0,0,0,0,0,0,0,0,0,0,0
PROGRAMADOR/A SENIOR .NET.,2024-04-09,2024,1,0,0,0,0,0,0,0,0,0,0,0,0,0,0,0,0,0,0,0,0
REPARTIDOR/A CON CARNET C + ADR,2024-04-09,2024,0,0,0,0,0,0,0,0,0,0,0,0,0,0,0,0,0,0,0,0,0
CAMARERO/A (EXTRAS CONTINUADOS),2024-04-09,2024,0,0,0,0,0,0,0,0,0,0,0,0,0,0,0,0,0,0,0,0,0
TÉCNICO/A DE LOGÍSTICA,2024-04-09,2024,0,0,0,0,0,0,0,0,0,0,0,0,0,0,0,0,0,0,0,0,0
INGENIERO/A DE PROYECTOS,2024-04-09,2024,0,0,0,0,0,0,0,0,0,0,0,0,0,0,0,0,0,0,0,0,0
ELECTRICISTA,2024-04-09,2024,0,0,0,0,0,0,0,0,0,0,0,0,0,0,0,0,0,0,0,0,0
SEGUNDO/A DE COCINA,2024-04-09,2024,0,0,0,0,0,0,0,0,0,0,0,0,0,0,0,0,0,0,0,0,0
OPERARIO/A PRODUCCION ALIMENTACION,2024-04-09,2024,0,0,0,0,0,0,0,0,0,0,0,0,0,0,0,0,0,0,0,0,0
OPERARIO/A FUNDICIÓN (SECTOR AERONÁUTICO),2024-04-09,2024,0,0,0,0,0,0,0,0,0,0,0,0,0,0,0,0,0,0,0,0,0
INGENIERO/A ELÉCTRICO - INSTALACIONES ALTA TENSIÓN,2024-04-09,2024,0,0,0,0,0,0,0,0,0,0,0,0,0,0,0,0,0,0,0,0,0
COCINERO/A - HOTEL,2024-04-09,2024,0,0,0,0,0,0,0,0,0,0,0,1,0,0,0,0,0,0,0,0,0
COCINERO/A,2024-04-09,2024,0,0,0,0,0,0,0,0,0,0,0,1,0,0,1,0,0,0,0,0,0
JEFE/A DE OBRA,2024-04-09,2024,0,0,0,0,0,0,0,0,0,0,0,0,0,0,0,0,0,0,0,0,0
AYUDANTE DE DEPENDIENTE/A,2024-04-09,2024,0,0,0,0,0,0,0,0,0,0,0,0,0,0,0,0,0,0,0,0,0
ENCARGADO/A DE EQUIPO DE LIMPIEZA,2024-04-09,2024,0,0,0,0,0,0,0,0,0,0,0,1,0,0,0,0,0,0,0,0,0
TECNICO/A DE CALIDAD,2024-04-09,2024,0,0,0,0,0,0,0,0,0,0,0,0,0,0,0,0,0,0,0,0,0
FONTANERO/A CON CONOCIMIENTOS DE ALBAÑILERIA,2024-04-09,2024,0,0,0,0,0,0,0,0,0,0,0,0,0,0,0,0,0,0,0,0,0
PANADERO/A,2024-04-09,2024,0,0,0,0,0,0,0,0,0,0,0,0,0,0,0,0,0,0,0,0,0
INGENIERO/A ELECTROMECÁNICO,2024-04-09,2024,0,0,0,0,0,0,0,0,0,0,0,0,0,0,0,0,0,0,0,0,0
JEFE/A DE ADMINISTRACIÓN,2024-04-09,2024,0,0,0,0,0,0,0,0,0,0,0,0,0,0,0,0,0,0,0,0,0
LIMPIADOR/A DOMÉSTICO,2024-04-09,2024,0,0,0,0,0,0,0,0,0,0,0,0,0,0,0,0,0,0,0,0,0
TÉCNICO/A ELECTRICISTA,2024-04-09,2024,1,0,0,0,0,0,0,0,0,0,0,0,0,0,0,0,0,0,0,0,0
LIMPIADOR/A,2024-04-09,2024,0,0,0,0,0,0,0,0,0,0,0,0,0,0,0,0,0,0,0,0,0
CARRETILLERO/A DE ALMACÉN,2024-04-09,2024,0,0,0,0,0,0,0,0,0,0,0,0,0,0,0,0,0,0,0,0,0
TÉCNICO/A MANTENIMIENTO MECÁNICO (CUARTO EQUIPO),2024-04-09,2024,0,0,0,0,0,0,0,0,0,0,0,1,0,0,0,0,0,0,0,0,0
PINTOR/A DEPARTAMENTO CARROCERÍA DE VEHÍCULOS,2024-04-09,2024,0,0,0,0,0,0,0,0,0,0,0,0,1,0,0,0,0,0,0,0,0
COMERCIAL CON EXPERIENCIA EN CONSTRUCCIÓN,2024-04-09,2024,0,0,0,0,0,0,0,0,0,0,0,0,0,0,0,0,0,0,0,0,0
OPERARIO/AS DE PRODUCCIÓN,2024-04-09,2024,0,0,0,0,0,0,0,0,0,0,0,0,0,0,0,0,0,0,0,0,0
OPERARIO/A MECANIZADO.,2024-04-09,2024,0,0,0,0,0,0,0,0,0,0,0,0,0,0,0,0,0,0,0,0,0
TORNERO/A CNC + TORNERO/A CONVENCIONAL,2024-04-09,2024,0,0,0,0,0,0,0,0,0,0,0,0,0,0,0,0,0,0,0,0,0
JEFE/A DE OBRA ACTIVOS INMOBILIARIOS,2024-04-09,2024,0,0,0,0,0,0,0,0,0,0,0,0,0,0,0,0,0,0,0,0,0
AUXILIAR ADMINISTRATIVO/A,2024-04-09,2024,0,0,0,0,0,0,0,0,0,0,0,0,0,0,0,0,0,0,0,0,0
COMERCIAL CENTRO EUROPA,2024-04-09,2024,0,0,0,0,0,0,0,0,0,0,0,0,0,0,0,0,0,0,0,0,0
TÉCNICO/A COMERCIAL,2024-04-09,2024,0,0,0,0,0,0,0,0,0,0,0,1,1,1,0,0,0,0,0,0,0
ASESOR/A DE VEHÍCULOS,2024-04-09,2024,0,0,0,0,0,0,0,0,0,0,0,0,1,0,0,0,0,0,0,0,0
MONTADOR/A DE ESTRUCTURAS METÁLICAS,2024-04-09,2024,0,0,0,0,0,0,0,0,0,0,0,0,0,0,0,0,0,0,0,0,0
ALMACENERO/A,2024-04-09,2024,0,0,0,0,0,0,0,0,0,0,0,0,0,0,0,0,0,0,0,0,0
TÉCNICO/A EXPORTACIÓN,2024-04-09,2024,0,0,0,0,0,0,0,0,0,0,0,0,1,0,0,0,0,0,0,0,0
TÉCNICO/A CALIBRACIONES IN SITU (JUNIOR),2024-04-09,2024,0,0,0,0,0,0,0,0,0,0,0,0,0,0,0,0,0,0,0,0,0
ADMINISTRATIVO/A LOGÍSTICA,2024-04-09,2024,0,0,0,0,0,0,0,0,0,0,0,0,1,0,0,0,0,0,0,0,0
TÉCNICO/A - INSTALADOR/A DE SISTEMAS DE SEGURIDAD,2024-04-09,2024,1,0,0,0,0,0,0,0,0,0,0,0,0,0,0,0,0,0,0,0,0
INGENIERO/A MECANICO-PLANTAS TRATAMIENTO DE AGUAS (S),2024-04-09,2024,0,0,0,0,0,0,0,0,0,0,0,1,0,0,0,0,0,0,1,0,0
ADMINISTRATIVO/A,2024-04-09,2024,0,0,0,0,0,0,0,0,0,0,0,0,1,0,0,0,0,0,0,0,0
CAMARERO/A DE PISOS - AYUNDANTES DE COCINA,2024-04-09,2024,0,0,0,0,0,0,0,0,0,0,0,0,0,0,0,0,0,0,0,0,0
CONDUCTOR/A GRÚA CARNET C,2024-04-09,2024,0,0,0,0,0,0,0,0,0,0,0,0,0,0,0,0,0,0,0,0,0
JEFE/A DE TURNO,2024-04-09,2024,0,0,0,0,0,0,0,0,0,0,0,1,0,0,0,0,0,0,0,0,0
CAMARERA/O PISOS,2024-04-09,2024,0,0,0,0,0,0,0,0,0,0,0,0,0,0,0,0,0,0,0,0,0
AYUDANTE DE OBRADOR,2024-04-09,2024,0,0,0,0,0,0,0,0,0,0,0,0,0,0,0,0,0,0,0,0,0
TÉCNICO/A DE MANTENIMIENTO EN RUTA,2024-04-09,2024,0,0,0,0,0,0,0,0,0,0,0,0,0,0,0,0,0,0,0,0,0
INGENIERO/A OFICINA TÉCNICA,2024-04-09,2024,0,0,0,0,0,0,0,0,0,0,0,0,0,0,0,0,0,0,0,0,0
ENCARGADO/A MANTENIMIENTO INDUSTRIAL,2024-04-09,2024,0,0,0,0,0,0,0,0,0,0,0,1,0,0,0,0,0,0,0,0,0
JEFE/A DE OBRA JUNIOR FERROVIARIA (S),2024-04-09,2024,0,0,0,0,0,0,0,0,0,0,0,0,0,0,0,0,0,0,0,0,0
DISEÑO-PROYECTISTA -OFICINA TÉCNICA,2024-04-09,2024,0,0,0,0,0,0,0,0,0,0,0,0,0,0,0,1,0,0,1,0,0
CARRETILLERO/A FRONTAL,2024-04-09,2024,0,0,0,0,0,0,0,0,0,0,0,0,0,0,0,0,0,0,0,0,0
PERSONAL DE FABRICACIÓN PARA INDUSTRIA ALIMENTARIA,2024-04-09,2024,0,0,0,0,0,0,0,0,0,0,0,0,0,0,0,0,0,0,0,0,0
ENCUADERNADOR/A,2024-04-09,2024,0,0,0,0,0,0,0,0,0,0,0,0,0,0,0,0,0,0,0,0,0
LIMPIADOR/A ESPECIALISTA.,2024-04-09,2024,0,0,0,0,0,0,0,0,0,0,0,0,1,0,0,0,0,0,0,0,0
CUSTOMER SERVICE CON NIVEL ALTO DE FRANCÉS,2024-04-09,2024,0,0,0,0,0,0,0,0,0,0,0,0,1,0,0,0,0,0,0,0,0
OPERARIO/A MONTAJE MECÁNICO,2024-04-09,2024,0,0,0,0,0,0,0,0,0,0,0,0,0,0,0,0,0,0,0,0,0
TECNICO/A PRL,2024-04-09,2024,0,0,0,0,0,0,0,0,0,0,0,0,0,0,0,0,0,0,0,0,0
TELEOPERADOR/A CON EUSKERA,2024-04-09,2024,0,0,0,0,0,0,0,0,0,0,0,0,1,0,0,0,0,0,0,0,0
MANTENIMIENTO ELÉCTRICO - OFICIAL/A DE 1ª,2024-04-09,2024,0,0,0,0,0,0,0,0,0,0,0,1,1,0,0,0,0,0,0,0,0
RECEPCIONISTA RENT A CAR,2024-04-09,2024,0,0,0,0,0,0,0,0,0,0,0,0,1,0,0,0,0,0,0,0,0
JEFE/A EQUIPO (CALIDAD CALDERERÍA),2024-04-09,2024,0,0,0,0,0,0,0,0,0,0,0,1,1,0,0,0,0,1,0,0,0
OPERARIO/A DE MANTENIMIENTO,2024-04-09,2024,0,0,0,0,0,0,0,0,0,0,0,0,0,0,0,0,0,0,0,0,0
CONDUCTOR/A RENT A CAR,2024-04-09,2024,0,0,0,0,0,0,0,0,0,0,0,0,1,0,0,0,0,0,0,0,0
COORDINADOR/A DE FORMACIÓN,2024-04-09,2024,0,0,0,0,0,0,0,0,0,0,0,0,0,0,0,0,0,0,0,0,0
AUX. DEPENDIENTE/A. 30H SEMANALES,2024-04-09,2024,0,0,0,0,0,0,0,0,0,0,0,0,1,0,0,0,0,0,0,0,0
AYUDANTE DE RECEPCIÓN,2024-04-09,2024,0,0,0,0,0,0,0,0,0,0,0,0,1,0,0,0,0,0,0,0,0
TECNICO/A AREA SOCIAL CON DISCAPACIDAD,2024-04-09,2024,0,0,0,0,0,0,0,0,0,0,0,0,0,0,0,0,0,0,0,0,0
DEPENDIENTE/A - 20H/S,2024-04-09,2024,0,0,0,0,0,0,0,0,0,0,0,1,0,0,0,0,0,0,0,0,0
TÉCNICO/A DE CONTABILIDAD,2024-04-09,2024,0,0,0,0,0,0,0,0,0,0,0,0,1,0,0,0,0,0,0,0,0
MECÁNICO/A DE COCHE,2024-04-09,2024,0,0,0,0,0,0,0,0,0,0,0,0,0,0,0,0,0,0,0,0,0
CHÓFER,2024-04-09,2024,0,0,0,0,0,0,0,0,0,0,0,0,0,0,0,0,0,0,0,0,0
CAMARERO/A,2024-04-09,2024,0,0,0,0,0,0,0,0,0,0,0,0,0,0,0,0,0,0,0,0,0
DEPENDIENTE/A,2024-04-09,2024,0,0,0,0,0,0,0,0,0,0,0,0,0,0,0,0,0,0,0,0,0
CONDUCTOR/A CAMIÓN,2024-04-09,2024,0,0,0,0,0,0,0,0,0,0,0,0,0,0,0,0,0,0,0,0,0
CONDUCTOR/A DE TRAILER,2024-04-09,2024,0,0,0,0,0,0,0,0,0,0,0,0,0,0,0,0,0,0,0,0,0
AUXILIAR DE MEDICINA ESTÉTICA,2024-04-09,2024,0,0,0,0,0,0,0,0,0,0,0,0,0,0,0,0,0,0,0,0,0
SUBJEFE/A DE TRÁFICO,2024-04-09,2024,0,0,0,0,0,0,0,0,0,0,0,1,0,0,0,0,0,0,0,0,0
TERAPEUTA OCUPACIONAL,2024-04-08,2024,0,0,0,0,0,0,0,0,0,0,0,0,0,0,0,0,0,0,0,0,0
ARQUITECTOS/AS - ARQUITECTOS/AS TÉCNICOS/AS - INGENIEROS/AS OBRA CIVIL,2024-04-08,2024,0,0,0,0,0,0,0,0,0,0,0,0,0,0,0,0,0,0,0,0,0
ASESOR/A FISCAL,2024-04-08,2024,0,0,0,0,0,0,0,0,0,0,0,1,0,0,0,0,0,0,0,0,0
LIMPIADOR/A,2024-04-08,2024,0,0,0,0,0,0,0,0,0,0,0,0,0,0,0,0,0,0,0,0,0
TÉCNICO/A DE MANTENIMIENTO,2024-04-08,2024,0,0,0,0,0,0,0,0,0,0,0,0,0,0,0,0,0,0,0,0,0
OPERARIOS/AS MECANIZADO,2024-04-08,2024,0,0,0,0,0,0,0,0,0,0,0,0,0,0,0,0,0,0,0,0,0
TÉCNICO/A DE CALIDAD Y MEDIOAMBIENTE JUNIOR,2024-04-08,2024,0,0,0,0,0,0,0,0,0,0,0,0,0,0,0,0,0,0,0,0,0
GPV GESTOR/A PUNTO DE VENTA - PERFUMERÍAS,2024-04-08,2024,0,0,0,0,0,0,0,0,0,0,0,0,0,0,0,0,0,0,0,0,0
ESTETICISTA,2024-04-08,2024,0,0,0,0,0,0,0,0,0,0,0,0,0,0,0,0,0,0,0,0,0
TÉCNICO/A DE SUPPLY CHAIN (SECTOR ENERGÍA),2024-04-08,2024,0,0,0,0,0,0,0,0,0,0,0,0,0,0,0,0,0,0,0,0,0
OPERARIO/A DE ALMACÉN,2024-04-08,2024,0,0,0,0,0,0,0,0,0,0,0,0,0,0,0,0,0,0,0,0,0
RESPONSABLE OPERACIONES,2024-04-08,2024,0,0,0,0,0,0,0,0,0,0,0,0,0,0,0,0,0,0,0,0,0
TECNICO/A DE PRODUCCION,2024-04-08,2024,0,0,0,0,0,0,0,0,0,0,0,0,0,0,0,0,0,0,0,0,0
ENCARGADO/A DE MANTENIMIENTO,2024-04-08,2024,0,0,0,0,0,0,0,0,0,0,0,1,1,1,0,0,1,0,0,0,0
OPERARIO/A EMPRESA DE METAL,2024-04-08,2024,0,0,0,0,0,0,0,0,0,0,0,0,0,0,0,0,0,0,0,0,0
OPERARIO/A DE PRODUCCIÓN,2024-04-08,2024,0,0,0,0,0,0,0,0,0,0,0,0,0,0,0,0,0,0,0,0,0
REBABADOR/A,2024-04-08,2024,0,0,0,0,0,0,0,0,0,0,0,0,1,0,0,0,0,0,0,0,0
TÉCNICO/A DE SOPORTE N1 CAU,2024-04-08,2024,1,0,0,0,0,0,1,0,0,0,0,0,0,0,0,0,0,0,0,0,0
PROFESOR/A DE IDIOMAS,2024-04-08,2024,0,0,0,0,0,0,0,0,0,0,0,0,0,0,0,0,0,0,0,0,0
ANALISTA FUNCIONAL .NET,2024-04-08,2024,1,0,0,1,0,0,0,0,0,0,0,1,0,0,0,0,0,0,0,0,0
CONTROLLER (JUNIOR),2024-04-08,2024,0,0,0,0,0,0,0,0,0,0,0,0,0,0,0,0,0,0,0,0,0
TÉCNICO/A DE I+D,2024-04-08,2024,0,0,0,0,0,0,0,0,0,0,0,0,0,0,0,0,0,0,0,0,0
OPERARIO/A MANUAL PRODUCCIÓN,2024-04-08,2024,0,0,0,0,0,0,0,0,0,0,0,0,0,0,0,0,0,0,0,0,0
OPERARIO/A DE LIMPIEZA,2024-04-08,2024,0,0,0,0,0,0,0,0,0,0,0,0,0,0,0,0,0,0,0,0,0
OPERARIO/A VERIFICACIÓN,2024-04-08,2024,0,0,0,0,0,0,0,0,0,0,0,0,0,0,0,0,0,0,0,0,0
COMERCIAL SECTOR GRÁFICO,2024-04-08,2024,0,0,0,0,0,0,0,0,0,0,0,0,1,0,0,0,0,0,0,0,0
FRESADOR-A CONTROL NUMÉRICO,2024-04-08,2024,0,0,0,0,0,0,0,0,0,0,0,1,0,0,0,0,0,0,0,0,0
KEY ACCOUNT MANAGER,2024-04-08,2024,0,0,0,0,0,0,0,0,0,0,0,0,0,0,0,0,0,0,0,0,0
ADMINISTRATIVO/A CONTABLE,2024-04-08,2024,0,0,0,0,0,0,0,0,0,0,0,0,1,0,0,0,0,0,0,0,0
INGENIERO/A DE DESARROLLO DE PRODUCTO,2024-04-08,2024,0,0,0,0,0,0,0,0,0,0,0,0,0,0,0,0,0,0,0,0,0
TÉCNICO/A DE SELECCIÓN,2024-04-08,2024,0,0,0,0,0,0,0,0,0,0,0,0,0,0,0,0,0,0,0,0,0
PROGRAMADOR/A PLC,2024-04-08,2024,1,0,0,0,0,0,0,0,0,0,0,0,0,0,0,0,0,0,0,0,0
ADMINISTRATIVO/A COMERCIAL,2024-04-08,2024,0,0,0,0,0,0,0,0,0,0,0,0,0,0,0,0,0,0,0,0,0
TÉCNICO/A DE AUTOMATIZACIÓN (PLC¿S),2024-04-08,2024,1,0,0,0,0,0,0,0,0,0,0,0,0,0,0,0,0,0,0,0,0
INGENIERO/A MANUFACTURING Y PROCESOS,2024-04-08,2024,0,0,0,0,0,0,0,0,0,0,0,0,0,0,0,0,0,0,0,0,0
INGENIERO/A INDUSTRIAL / MECÁNICO,2024-04-08,2024,0,0,0,0,0,0,0,0,0,0,0,0,0,0,0,0,0,0,0,0,0
INGENIERO/A DE DISEÑO MECÁNICO,2024-04-08,2024,0,0,0,0,0,0,0,0,0,0,0,0,0,0,0,0,0,0,0,0,0
TÉCNICO/A DE CLIMATIZACIÓN,2024-04-08,2024,0,0,0,0,0,0,0,0,0,0,0,0,0,0,0,0,0,0,0,0,0
RESPONSABLE ADMINISTRACIÓN,2024-04-08,2024,0,0,0,0,0,0,0,0,0,0,0,1,0,0,0,0,0,0,0,0,0
ASESOR/A CONTABLE FISCAL,2024-04-08,2024,0,0,0,0,0,0,0,0,0,0,0,0,0,0,0,0,0,0,0,0,0
TÉCNICO/A DE MANTENIMIENTO ELÉCTRICO,2024-04-08,2024,0,0,0,0,0,0,0,0,0,0,0,0,0,0,0,0,0,0,0,0,0
DELINEANTE CIVIL CON AUTOCAD,2024-04-08,2024,0,0,0,0,0,0,0,0,0,0,0,0,0,0,0,0,0,0,0,0,0
OPERARIOS/AS DE RECICLAJE,2024-04-08,2024,0,0,0,0,0,0,0,0,0,0,0,0,0,0,0,0,0,0,0,0,0
COMERCIAL INTERNO SUMINISTROS INDUSTRIALES (BACK OFFICE),2024-04-08,2024,0,0,0,0,0,0,0,0,0,0,0,0,0,0,0,0,0,0,0,0,0
ENCARGADO/A DE OBRA,2024-04-08,2024,0,0,0,0,0,0,0,0,0,0,0,0,0,0,0,0,0,0,0,0,0
COCINERO/A RESTAURANTE,2024-04-08,2024,0,0,0,0,0,0,0,0,0,0,0,1,0,0,0,0,0,0,0,0,0
VIGILANTE DE SEGURIDAD SERVICIO ARMADO,2024-04-08,2024,0,0,0,0,0,0,0,0,0,0,0,0,0,0,0,0,0,0,0,0,0
OFICIAL/A ALBAÑIL,2024-04-08,2024,0,0,0,0,0,0,0,0,0,0,0,0,0,0,0,0,0,0,0,0,0
SUPERVISOR/A DE MONTAJE,2024-04-08,2024,0,0,0,0,0,0,0,0,0,0,0,0,1,0,0,0,0,0,0,0,0
GESTOR/A DE LIMPIEZA,2024-04-08,2024,0,0,0,0,0,0,0,0,0,0,0,0,0,0,0,0,0,0,0,0,0
DIRECTOR/A COMPRAS/APROVISIONAMIENTO,2024-04-08,2024,0,0,0,0,0,0,0,0,0,0,0,1,0,0,0,0,0,0,0,0,0
VIGILANTE DE SEGURIDAD PARA CLÍNICA,2024-04-08,2024,0,0,0,0,0,0,0,0,0,0,0,0,0,0,0,0,0,0,0,0,0
OPERARIO/A PRODUCCIÓN,2024-04-08,2024,0,0,0,0,0,0,0,0,0,0,0,0,0,0,0,0,0,0,0,0,0
PROJECT MANAGER DE DESARROLLO DE PRODUCTO,2024-04-08,2024,0,0,0,0,0,0,0,0,0,0,0,0,0,0,0,0,0,0,0,0,0
TÉCNICO/A SAT ZONA NORTE,2024-04-08,2024,0,0,0,0,0,0,0,0,0,0,0,0,0,0,0,0,0,0,0,0,0
CONTABLE Y AUXILIAR ADMINISTRATIVO/A,2024-04-08,2024,0,0,0,0,0,0,0,0,0,0,0,0,0,0,0,0,0,0,0,0,0
OFICIAL/A MECANIZADO TORNO/FRESADORA CNC,2024-04-08,2024,0,0,0,0,0,0,0,0,0,0,0,0,0,0,0,0,0,0,0,0,0
INGENIERO/A DE INSTALACIONES FERROVIARIAS,2024-04-08,2024,0,0,0,0,0,0,0,0,0,0,0,0,1,0,0,0,0,0,0,0,0
CARPINTERO/A METÁLICO,2024-04-08,2024,0,0,0,0,0,0,0,0,0,0,0,0,0,0,0,0,0,0,0,0,0
ADMINISTRATIVA/O COMERCIAL,2024-04-08,2024,0,0,0,0,0,0,0,0,0,0,0,0,1,0,0,0,0,0,0,0,0
TÉCNICO/A DE MANTENIMIENTO SAT,2024-04-08,2024,0,0,0,0,0,0,0,0,0,0,0,0,0,0,0,0,0,0,0,0,0
COMERCIAL DE SUMINISTROS PARA OFICINA,2024-04-08,2024,0,0,0,0,0,0,0,0,0,0,0,0,1,0,0,0,0,0,0,0,0
TECNICO/A ADMINISTRATIVO/A,2024-04-08,2024,0,0,0,0,0,0,0,0,0,0,0,0,0,0,0,0,0,0,0,0,0
CARRETILLERO/A,2024-04-08,2024,0,0,0,0,0,0,0,0,0,0,0,0,0,0,0,0,0,0,0,0,0
CADENA DE PRODUCCION PRODUCTOS ELECTRÓNICOS,2024-04-08,2024,0,0,0,0,0,0,0,0,0,0,0,0,0,0,0,0,0,0,0,0,0
ADMINISTRATIVO/A BANCARIO,2024-04-08,2024,0,0,0,0,0,0,0,0,0,0,0,0,0,0,0,0,0,0,0,0,0
TECNICO/A DE MANTENIMIENTO MECANICO,2024-04-08,2024,0,0,0,0,0,0,0,0,0,0,0,0,0,0,1,0,0,0,0,0,0
COMERCIAL DE PRODUCTO SOFTWARE (ZONA NORTE),2024-04-08,2024,1,0,0,0,0,0,0,0,0,0,0,0,0,0,0,0,0,0,0,0,0
TECNICO/A FINANCIERO Y CONTABLE,2024-04-08,2024,0,0,0,0,0,0,0,0,0,0,0,1,0,0,0,0,0,0,0,0,0
DEPENDIENTE/A,2024-04-08,2024,0,0,0,0,0,0,0,0,0,0,0,0,1,0,0,0,0,0,0,0,0
COMERCIAL EMPRESA INDUSTRIAL,2024-04-08,2024,0,0,0,0,0,0,0,0,0,0,0,0,1,0,0,0,0,0,0,0,0
OFICIAL/A DE MANTENIMIENTO,2024-04-08,2024,0,0,0,0,0,0,0,0,0,0,0,1,1,0,0,0,0,0,0,0,0
PREPARADORES/AS DE PEDIDOS,2024-04-08,2024,0,0,0,0,0,0,0,0,0,0,0,0,0,0,0,0,0,0,0,0,0
RESPONSABLE DE COMPRAS,2024-04-08,2024,0,0,0,0,0,0,0,0,0,0,0,0,0,0,0,0,0,0,0,0,0
TÉCNICO/A PLANIFICACIÓN DE PRODUCCIÓN (POWERBI),2024-04-08,2024,0,0,0,0,0,0,0,0,0,0,0,0,0,0,0,0,0,0,0,0,0
MECÁNICO/A OFICIAL DE 1ª AUTOMOCIÓN,2024-04-08,2024,0,0,0,0,0,0,0,0,0,0,0,0,0,0,0,0,0,0,0,0,0
COORDINADOR/A SERVICIO IT,2024-04-08,2024,0,0,0,0,0,0,0,0,0,0,0,1,1,0,0,0,0,0,0,0,0
ADMINISTRATIVO/A TIEMPO PARCIAL,2024-04-08,2024,0,0,0,0,0,0,0,0,0,0,0,0,0,0,0,0,0,0,0,0,0
COMERCIAL,2024-04-08,2024,0,0,0,0,0,0,0,0,0,0,0,0,0,0,0,0,0,0,0,0,0
RECURSO PREVENTIVO,2024-04-08,2024,0,0,0,0,0,0,0,0,0,0,0,0,0,0,0,0,0,0,0,0,0
OFICIAL/A CARPINTERÍA CON COCHE,2024-04-08,2024,0,0,0,0,0,0,0,0,0,0,0,0,0,0,0,0,0,0,0,0,0
DOCENTES PARA CAMPUS INFANTIL EN VERANO,2024-04-08,2024,0,0,0,0,0,0,0,0,0,0,0,0,0,0,0,0,0,0,0,0,0
CAMARERA/O DE PISOS,2024-04-08,2024,0,0,0,0,0,0,0,0,0,0,0,0,0,0,0,0,0,0,0,0,0
TÉCNICO/A DE SELECCIÓN,2024-04-08,2024,0,0,0,0,0,0,0,0,0,0,0,0,0,0,0,0,0,0,0,0,0
MONITOR/A COMEDOR ESCOLAR,2024-04-08,2024,0,0,0,0,0,0,0,0,0,0,0,0,0,0,0,0,0,0,0,0,0
GESTOR/GESTORA DE PUNTO DE VENTA - ALIMENTACIÓN,2024-04-08,2024,0,0,0,0,0,0,0,0,0,0,0,0,1,0,0,0,0,0,0,0,0
VISITAS GUIADAS SIDRERÍA,2024-04-08,2024,0,0,0,0,0,0,0,0,0,0,0,0,0,0,0,0,0,0,0,0,0
ASESOR/A COMERCIAL CANAL EMPRESAS - SECTOR AUTOMOCIÓN,2024-04-08,2024,0,0,0,0,0,0,0,0,0,0,0,0,0,0,0,0,0,0,0,0,0
ADMINISTRATIVO/A,2024-04-08,2024,0,0,0,0,0,0,0,0,0,0,0,0,0,0,0,0,0,0,0,0,0
INGENIERO/A ELÉCTRICO,2024-04-08,2024,0,0,0,0,0,0,0,0,0,0,0,0,0,0,0,0,0,0,0,0,0
ADMINISTRATIVA/O RRHH,2024-04-08,2024,0,0,0,0,0,0,0,0,0,0,0,0,1,1,0,0,0,0,0,0,0
CAMARERO/A Y AYUDANTE/A DE COCINA,2024-04-08,2024,0,0,0,0,0,0,0,0,0,0,0,0,0,0,0,0,0,0,0,0,0
JEFE/A OBRA TUNELES,2024-04-08,2024,0,0,0,0,0,0,0,0,0,0,0,0,0,0,0,0,0,0,0,0,0
DELINEANTE OBRA CIVIL,2024-04-08,2024,0,0,0,0,0,0,0,0,0,0,0,0,0,0,0,0,0,0,0,0,0
RESPONSABLE DE ADMINISTRACION / CONTROLLING / SISTEMAS IT,2024-04-08,2024,1,0,0,0,0,0,0,0,0,0,0,0,0,0,0,0,0,0,0,0,0
ELECTRICISTA,2024-04-08,2024,0,0,0,0,0,0,0,0,0,0,0,0,0,0,0,0,0,0,0,0,0
LABORATORIO,2024-04-08,2024,0,0,0,0,0,0,0,0,0,0,0,0,0,0,0,1,0,0,0,0,0
TÉCNICO/A SAP MANTENIMIENTO DE DATOS,2024-04-08,2024,0,0,0,0,0,0,0,0,0,0,0,0,0,0,0,0,0,0,0,0,0
NUTRICIONISTA,2024-04-08,2024,0,0,0,0,0,0,0,0,0,0,0,0,0,0,0,0,0,0,0,0,0
RECURSO PREVENTIVO,2024-04-08,2024,0,0,0,0,0,0,0,0,0,0,0,0,1,0,0,0,0,0,0,0,0
AUX. ADMINISTRATIVO/A,2024-04-08,2024,0,0,0,0,0,0,0,0,0,0,0,0,0,0,0,0,0,0,0,0,0
COORDINADOR/A SOPORTE TECNICO IT,2024-04-08,2024,0,0,0,0,0,0,0,0,0,0,0,1,1,0,0,0,0,0,0,0,0
TÉCNICO/A DE LABORATORIO,2024-04-08,2024,0,0,0,0,0,0,0,0,0,0,0,1,0,0,0,0,0,0,0,0,0
AYUDANTE/A DE COCINA,2024-04-08,2024,0,0,0,0,0,0,0,0,0,0,0,0,0,0,0,0,0,0,0,0,0
DEPENDIENTE/A,2024-04-08,2024,0,0,0,0,0,0,0,0,0,0,0,1,0,0,0,0,0,0,0,0,0
AUXILIAR ADMINISTRATIVA/O,2024-04-08,2024,0,0,0,0,0,0,0,0,0,0,0,0,0,0,0,0,0,0,0,0,0
CONDUCTOR/A MOZO/A MONTADOR MUDANZAS,2024-04-08,2024,0,0,0,0,0,0,0,0,0,0,0,0,0,0,0,0,0,0,0,0,0
ADMINISTRATIVO/A NIVEL ALTO DE INGLÉS,2024-04-08,2024,0,0,0,0,0,0,0,0,0,0,0,0,0,0,0,0,0,0,0,0,0
PEÓN/A MECANIZADO,2024-04-08,2024,0,0,0,0,0,0,0,0,0,0,0,0,0,0,0,0,0,0,0,0,0
ELECTRICISTA INDUSTRIAL,2024-04-08,2024,0,0,0,0,0,0,0,0,0,0,0,1,0,0,0,0,0,0,0,0,0
GESTOR/A COMERCIAL,2024-04-08,2024,0,0,0,0,0,0,0,0,0,0,0,0,1,0,0,0,0,0,0,0,0
TECHNICAL WRITER,2024-04-08,2024,0,0,0,0,0,0,0,0,0,0,0,0,1,0,0,0,0,0,0,0,0
ELECTRICISTA,2024-04-08,2024,0,0,0,0,0,0,0,0,0,0,0,0,1,0,0,0,0,0,0,0,0
PROGRAMADOR/A JAVA BACKEND,2024-04-08,2024,1,0,0,1,0,0,0,0,0,0,0,0,0,0,0,0,0,0,0,0,0
TECNICO/A SISTEMAS Y REDES IT,2024-04-08,2024,1,0,0,0,0,0,0,0,1,0,0,0,1,1,0,0,0,0,0,0,0
DEPENDIENTE/A PANADERIA,2024-04-08,2024,0,0,0,0,0,0,0,0,0,0,0,0,1,0,0,0,0,0,0,0,0
PREPARADOR/A DE PEDIDOS ALMACÉN,2024-04-08,2024,0,0,0,0,0,0,0,0,0,0,0,0,0,0,0,0,0,0,0,0,0
ADMINISTRATIVO/A CONTABLE,2024-04-08,2024,0,0,0,0,0,0,0,0,0,0,0,0,0,0,0,1,0,0,0,0,0
ENCARGADO/A DE LIMPIEZA,2024-04-08,2024,0,0,0,0,0,0,0,0,0,0,0,0,1,0,0,0,0,0,0,0,0
LIMPIADOR/A INDUSTRIAL,2024-04-08,2024,0,0,0,0,0,0,0,0,0,0,0,0,0,0,0,0,0,0,0,0,0
MECÁNICO/A DE COCHES (UNIDAD MÓVIL),2024-04-08,2024,0,0,0,0,0,0,0,0,0,0,0,0,0,0,0,0,0,0,0,0,0
SUPERVISOR/A DE MONTAJE,2024-04-08,2024,0,0,0,0,0,0,0,0,0,0,0,1,0,0,0,0,0,0,0,0,0
CONDUCTOR/A DE CAMIÓN,2024-04-08,2024,0,0,0,0,0,0,0,0,0,0,0,0,0,0,0,0,0,0,0,0,0
SALES ASSISTANT,2024-04-08,2024,0,0,0,0,0,0,0,0,0,0,0,0,1,0,0,0,0,0,0,0,0
TÉCNICO/A ADMINISTRATIVO CON INGLÉS,2024-04-08,2024,0,0,0,0,0,0,0,0,0,0,0,0,0,0,0,0,0,0,0,0,0
JEFATURA DE MANTENIMIENTO,2024-04-08,2024,0,0,0,0,0,0,0,0,0,0,0,0,0,0,0,0,0,0,0,0,0
ADMINISTRATIVO/A COMERCIAL,2024-04-08,2024,0,0,0,0,0,0,0,0,0,0,0,0,0,0,0,0,0,0,0,0,0
TÉCNICO/A CONTABLE,2024-04-08,2024,0,0,0,0,0,0,0,0,0,0,0,0,0,0,0,0,0,0,0,0,0
RESPONSABLE LOGÍSTICO,2024-04-08,2024,0,0,0,0,0,0,0,0,0,0,0,0,0,0,0,0,0,0,0,0,0
AUXILIAR ADMINISTRACIÓN,2024-04-08,2024,0,0,0,0,0,0,0,0,0,0,0,1,0,0,0,0,0,0,0,0,0
CONSULTOR/A CON CONOCIMIENTOS EN GESTIÓN DE EMPRESAS,2024-04-08,2024,0,0,0,0,0,0,0,0,0,0,0,0,0,0,0,0,0,0,0,0,0
TÉCNICO/A DE MANTENIMIENTO ELECTRICO,2024-04-08,2024,0,0,0,0,0,0,0,0,0,0,0,0,0,0,0,0,0,0,0,0,0
INGENIERO/A INDUSTRIALIZADOR/A,2024-04-08,2024,0,0,0,0,0,0,0,0,0,0,0,0,0,0,0,0,0,0,0,0,0
JEFE/A DE TRÁFICO - TRANSPORTE DE PASAJEROS,2024-04-08,2024,0,0,0,0,0,0,0,0,0,0,0,1,0,0,0,0,0,0,0,0,0
PODÓLOGO/A,2024-04-08,2024,0,0,0,0,0,0,0,0,0,0,0,0,0,0,0,0,0,0,0,0,0
TÉCNICO/A FINANCIERO,2024-04-08,2024,0,0,0,0,0,0,0,0,0,0,0,1,0,0,0,0,0,0,0,0,0
INGENIERO/A SUPERIOR (PLANIFICADOR/A DE SISTEMAS DE GESTIÓN DE PRODUCCIÓN),2024-04-08,2024,1,0,0,0,0,0,0,0,0,0,0,0,0,0,0,0,0,0,0,0,0
SOLDADOR/A DE MIG-MAG ESTAMPAC.,2024-04-08,2024,0,0,0,0,0,0,0,0,0,0,0,0,0,0,0,0,0,0,0,0,0
DEPENDIENTE/A,2024-04-08,2024,0,0,0,0,0,0,0,0,0,0,0,0,0,0,0,0,0,0,0,0,0
TÉCNICO/A DE MANTENIMIENTO SECTOR EÓLICO,2024-04-08,2024,0,0,0,0,0,0,0,0,0,0,0,0,0,0,0,0,0,0,0,0,0
RESPONSABLE DE PRODUCCIÓN,2024-04-08,2024,0,0,0,0,0,0,0,0,0,0,0,0,0,0,0,0,0,0,0,0,0
ASESOR/A INMOBILIARIO,2024-04-08,2024,0,0,0,0,0,0,0,0,0,0,0,0,1,0,0,0,0,0,0,0,0
ADMINISTRATIVO/A COMERCIAL CON INGLÉS Y FRANCÉS,2024-04-08,2024,0,0,0,0,0,0,0,0,0,0,0,0,0,0,0,0,0,0,0,0,0
AYUDANTE/A DE CAMARERO,2024-04-08,2024,0,0,0,0,0,0,0,0,0,0,0,0,1,0,0,0,0,0,0,0,0
TÉCNICO/A DE SOPORTE IT,2024-04-08,2024,1,0,0,0,0,0,0,0,1,0,0,0,1,0,0,1,0,0,0,0,0
ENFERMERAS/OS TITULADOS EN ENFERMERÍA,2024-04-08,2024,0,0,0,0,0,0,0,0,0,0,0,0,0,0,0,0,0,0,0,0,0
JEFE/A DE ALMACEN DE FERTILIZANTES,2024-04-08,2024,0,0,0,0,0,0,0,0,0,0,0,0,0,0,0,0,0,0,0,0,0
FISIOTERAPEUTA,2024-04-08,2024,0,0,0,0,0,0,0,0,0,0,0,0,0,0,0,0,0,0,0,0,0
AUXILIAR DE GERIATRÍA,2024-04-08,2024,0,0,0,0,0,0,0,0,0,0,0,0,0,0,0,0,0,0,0,0,0
MANUFACTURING AND PROCESS DEVELOPMENT ENGINEER (PHOTOLITHOGRAPHY & ELECTROPLATING),2024-04-08,2024,0,0,0,0,0,0,0,0,0,0,0,0,0,0,0,0,0,0,0,0,0
JEFE-A DE PRODUCCION,2024-04-08,2024,0,0,0,0,0,0,0,0,0,0,0,1,0,0,0,0,0,0,0,0,0
TÉCNICO/A DE SISTEMAS,2024-04-08,2024,1,0,0,0,0,0,0,0,0,0,0,0,0,0,0,0,0,0,0,0,0
INGENIERO/A ELECTRÓNICO/TELECOMUNICACIONES JUNIOR - DEPARTAMENTO DE PRUEBAS,2024-04-08,2024,0,0,0,0,0,0,0,0,1,0,0,0,1,1,0,0,0,0,0,0,0
VENDEDOR/A MUEBLES,2024-04-08,2024,0,0,0,0,0,0,0,0,0,0,0,0,1,0,0,0,0,0,0,0,0
CONDUCTOR/A CAMIÓN Y CARRETILLA,2024-04-08,2024,0,0,0,0,0,0,0,0,0,0,0,0,0,0,0,0,0,0,0,0,0
TÉCNICO/A DE COMPRAS (RETAIL),2024-04-08,2024,0,0,0,0,0,0,0,0,0,0,0,0,1,0,0,0,0,0,0,0,0
ADMINISTRADOR/A SENIOR EN TECNOLOGÍAS MICROSOFT,2024-04-08,2024,1,0,0,0,0,0,0,0,0,0,0,1,0,0,0,0,0,0,0,0,0
TÉCNICO/A PRL CALIDAD Y MMAA,2024-04-08,2024,0,0,0,0,0,0,0,0,0,0,0,0,0,0,0,0,0,0,0,0,0
VENDEDOR/A MUEBLES,2024-04-08,2024,0,0,0,0,0,0,0,0,0,0,0,0,1,0,0,0,0,0,0,0,0
CAMARERA/O DE PISO,2024-04-08,2024,0,0,0,0,0,0,0,0,0,0,0,1,0,0,0,0,0,0,0,0,0
VENDEDOR/A MUEBLES,2024-04-08,2024,0,0,0,0,0,0,0,0,0,0,0,0,1,0,0,0,0,0,0,0,0
COMERCIAL,2024-04-08,2024,0,0,0,0,0,0,0,0,0,0,0,0,1,0,0,0,0,0,0,0,0
RECEPCIONISTA - HOTEL,2024-04-08,2024,0,0,0,0,0,0,0,0,0,0,0,0,1,0,0,0,0,0,0,0,0
TÉCNICO/A DEPILACIÓN LÁSER,2024-04-08,2024,0,0,0,0,0,0,0,0,0,0,0,0,1,0,0,0,0,0,0,0,0
ARQUITECTO/A TÉCNICO/A,2024-04-08,2024,0,0,0,0,0,0,0,0,0,0,0,0,0,0,0,0,0,0,0,0,0
OPERARIO/A MANTENIMIENTO ELECTROMECÁNICO,2024-04-08,2024,0,0,0,0,0,0,0,0,0,0,0,0,0,0,0,0,0,0,0,0,0
CONSULTOR/A DE NEGOCIO,2024-04-08,2024,0,0,0,0,0,0,0,0,0,0,0,0,0,0,0,0,0,0,0,0,0
TÉCNICO/A DE MANTENIMIENTO,2024-04-08,2024,0,0,0,0,0,0,0,0,0,0,0,0,0,0,0,0,0,0,0,0,0
TÉCNICO/A DE PLANIFICACIÓN (POWERBI),2024-04-08,2024,0,0,0,0,0,0,0,0,0,0,0,0,0,0,0,0,0,0,0,0,0
ENCARGADO/A DE ALMACÉN,2024-04-08,2024,0,0,0,0,0,0,0,0,0,0,0,0,1,0,0,0,0,0,0,0,0
AYUDANTE/A DE COCINA,2024-04-08,2024,0,0,0,0,0,0,0,0,0,0,0,1,0,0,0,0,0,0,0,0,0
CONDUCTOR/A CAMIONES PESADOS,2024-04-08,2024,0,0,0,0,0,0,0,0,0,0,0,0,0,0,0,0,0,0,0,0,0
CONDUCTOR/A DE CAMIÓN,2024-04-08,2024,0,0,0,0,0,0,0,0,0,0,0,1,0,0,0,0,0,0,0,0,0
PROYECTISTA MECÁNICO // CLIENTE FINAL,2024-04-08,2024,0,0,0,0,0,0,0,0,0,0,0,0,1,0,0,0,0,0,0,0,0
BARISTA,2024-04-08,2024,0,0,0,0,0,0,0,0,0,0,0,0,0,0,0,0,0,0,0,0,0
RESPONSABLE DE CALIDAD PLANTA,2024-04-08,2024,0,0,0,0,0,0,0,0,0,0,0,0,0,0,0,0,0,0,0,0,0
CAMARERO/A,2024-04-08,2024,0,0,0,0,0,0,0,0,0,0,0,0,0,0,0,0,0,0,0,0,0
CAMARERO/A,2024-04-08,2024,0,0,0,0,0,0,0,0,0,0,0,1,0,0,0,0,0,0,0,0,0
INTEGRACIÓN SOCIAL,2024-04-08,2024,0,0,0,0,0,0,0,0,0,0,0,0,0,0,0,0,0,0,0,0,0
COMERCIAL PARA VENTA DE EQUIPOS PARA SECTOR DE LA LOGÍSTICA,2024-04-08,2024,0,0,0,0,0,0,0,0,0,0,0,1,0,0,0,0,0,0,0,0,0
SOFTWARE DEVELOPER PL/SQL,2024-04-08,2024,1,0,1,1,0,0,0,0,0,0,0,0,1,0,0,0,0,0,0,0,0
DECORADOR/A CON FRANCÉS,2024-04-08,2024,0,0,0,0,0,0,0,0,0,0,0,0,1,0,0,0,0,0,0,0,0
FRANTSESEKO IRAKASLEA,2024-04-04,2024,0,0,0,0,0,0,0,0,0,0,0,0,0,0,0,0,0,0,0,0,0
ETE-N KUDEATZAILEA,2024-04-04,2024,0,0,0,0,0,0,0,0,0,0,0,0,0,0,0,0,0,0,0,0,0
ELEKTRONIKA MANTENIMENDURAKO TEKNIKARIA,2024-04-04,2024,0,0,0,0,0,0,0,0,0,0,0,0,0,0,0,0,0,0,0,0,0
FISIOTERAPEUTA,2024-04-04,2024,0,0,0,0,0,0,0,0,0,0,0,1,0,0,0,0,0,0,0,0,0
COMERCIAL HOSTELERIA (MEDIA JORNADA),2024-04-04,2024,0,0,0,0,0,0,0,0,0,0,0,0,1,0,0,0,0,0,0,0,0
ASISTENTE DE LIMPIEZA Y PREPARACIÓN DE CAMPERS,2024-04-04,2024,0,0,0,0,0,0,0,0,0,0,0,0,1,0,0,0,0,0,0,0,0
INFORMÁTICO/A BUSINESS INTELIGENCE CONOCIMIENTOS POWER BI,2024-04-04,2024,0,0,0,0,0,0,0,0,0,0,0,0,0,0,0,0,0,0,0,0,0
RECEPCIONISTA DE HOTEL,2024-04-04,2024,0,0,0,0,0,0,0,0,0,0,0,0,1,0,0,0,0,0,0,0,0
EMPLEADO/A HOGAR (INTERNO/A),2024-04-04,2024,0,0,0,0,0,0,0,0,0,0,0,0,0,0,0,0,0,0,0,0,0
