source,extraction_timestamp,title,addressLocality,addressRegion,description,datePosted,offer_number,employmentType,collective,occupationalCategory,workday,age,employmentSituation,driverLicense,educationRequirements,experienceRequirements,contactinformation,numberPositions,participants
1,2024-04-14 10:34:56,VIGILANTE DE SEGURIDAD,Ribera Baja/Erribera Beitia,Araba/Álava,"persona con la TIP en vigor obligatorio, para la realización de funciones propias del puesto de vigilante de seguridad. Jornada completa a turnos.",12/04/2024,162024004047,LABORAL INDEFINIDO,,VIGILANTES DE SEGURIDAD,,,,,Conocimientos OTROS CONOCIMIENTOS Carnet: VIGILANTE DE SEGURIDAD (TIP),,,1,0
1,2024-04-14 10:34:56,LIMPIADOR/A,Vitoria-Gasteiz,Araba/Álava,Multinacional de residencia de ancianos necesita limpiador/a. Contrato temporal para sustituir vacaciones. Horario de mañana y tarde. Incorporación inmediata. IMPRESCINDIBLE: Carnet de conducir y vehículo,12/04/2024,162024004046,LABORAL TEMPORAL,,PERSONAL DE LIMPIEZA O LIMPIADORES EN GENERAL,,,,"B-AUTOMOVIL <= 3.500 KG, ASIENTOS <=9, CON REMOLQUE <= 750 KG, Y TRICICLOS Y CUATRICICLOS DE MOTOR",,,,3,5
1,2024-04-14 10:34:56,PEON,Arama,Gipuzkoa,Se necesita peón. Tareas: Limpieza de vías públicas. Trabajos de pintado. Trabajos de desbroce. Organización del almacén municipal. Requisitos imprescindibles: -Ser mayor de 16 años y menor de 30 años. -Estar empadronado en el Goierri. -La entidad local deberá cumplir los criterios de la primera tipología establecidos en la convocatoria de ayudas a la contratación de jóvenes FSE Plus 2024. -Experiencia en el uso de desbrozadora y trabajos similares. Se tendrá en cuenta residencia y empadronamiento en Arama. Duración del contrato: 8 meses.,12/04/2024,162024004045,LABORAL TEMPORAL,,"PEONES DE OBRAS PUBLICAS, EN GENERAL",Nº de puestos: 1,Hasta 29 años,DESEMPLEADO-A,,Conocimientos FORMACIÓN REGLADA - CERTIFICADOS DE PROFESIONALIDAD Se debe estar en posesión de alguno de los siguientes títulos o certificados: Graduado escolar,,,1,1
1,2024-04-14 10:34:56,MONITORES-COLONIAS ABIERTAS 2024 VERANO,Elduain,Gipuzkoa,Monitores para colonias abiertas de verano 2024. REQUISITOS: -Título de monitor -Euskara perfil 3 o equivalente -Estar de alta en Lanbide DURACIÓN CONTRATO: 1 mes HORARIO: 8:30-13:30 SALARIO MENSUAL APROX: 1.700¿ INCORPORACIÖN: 25 de junio,12/04/2024,162024004044,LABORAL TEMPORAL,,MONITORES DE EDUCACIÓN Y TIEMPO LIBRE,,,DESEMPLEADO-A,,Conocimientos OTROS CONOCIMIENTOS Carnet: MONITOR DE TIEMPO LIBRE,,,3,7
1,2024-04-14 10:34:56,PEÓN,Altzaga,Gipuzkoa,Se necesita peón. Tareas: Limpieza de vías públicas. Trabajos de pintado. Trabajos de desbroce. Organización del almacén municipal. Requisitos imprescindibles: . Ser mayor de 16 años y menor de 30 años.  Estar empadronado en el Goierri. . La entidad local deberá cumplir los criterios de la primera tipología establecidos en la convocatoria de ayudas a la contratación de jóvenes FSE Plus 2024. . Experiencia en el uso de desbrozadora y trabajos similares. Se tendrá en cuenta residencia y empadronamiento en Altzaga. Euskera: capacidad comunicativa mínima. Duración del contrato: 8 meses.,12/04/2024,162024004043,LABORAL TEMPORAL,,"PEONES DE OBRAS PUBLICAS, EN GENERAL",Nº de puestos: 1,Hasta 29 años,DESEMPLEADO-A,,Conocimientos FORMACIÓN REGLADA - CERTIFICADOS DE PROFESIONALIDAD Se debe estar en posesión de alguno de los siguientes títulos o certificados: Graduado escolar,,,1,0
1,2024-04-14 10:34:56,MECATRONICO - MANTENIMIENTO INDUSTRIAL EMPRESA DE ARRASATE,Arrasate/Mondragon,Gipuzkoa,"MECATRONICO MANTENIMIENTO INDUSTRIAL EMPRESA DE ARRASATE, OPERARIO DE MANTENIMIENTO INDUSTRIAL. REQUISITOS IMPRESCINDIBLES CICLO FORMATIVO DE GRADO SUPERIOR DE MECATRONICA, SE VALORARA CONOCIMIENTOS DE SOLDADURA, VIVIR EN ARRASATE O ALREDEDORES. SE OFRECE CONTRATO INDEFINIDO A JORNADA COMPLETA, INCORPORACIÓN INMEDIATA.",12/04/2024,162024004042,LABORAL INDEFINIDO,,ELECTROMECÁNICOS DE MANTENIMIENTO INDUSTRIAL (MANTENIMIENTO Y REPARACIÓN GENERAL),,,,,"Conocimientos FORMACIÓN REGLADA - CERTIFICADOS DE PROFESIONALIDAD Se debe estar en posesión de alguno de los siguientes títulos o certificados: Técnico Superior, enseñanzas de grado superior de FP",,,2,0
1,2024-04-14 10:34:56,GUÍA TURÍSTICO,Bergara,Gipuzkoa,"Se necesita una persona para realizar las tareas de recepción y guía de la oficina de turismo. IMPRESCINDIBLE: Alto nivel de euskera y castellano. Requisitos a valorar: Tener estudios de Historia, Bellas artes y Turismo. Dominio de lenguas extranjeras, especialmente inglés. Tipo de contrato: indefinido. Fecha prevista de inicio: 01/05/2024.",12/04/2024,162024004041,LABORAL INDEFINIDO,,GUÍAS DE TURISMO,,,,,Conocimientos FORMACIÓN REGLADA - CERTIFICADOS DE PROFESIONALIDAD Se debe estar en posesión de alguno de los siguientes títulos o certificados: DIPLOMATURA en turismo GRADO en Turismo,,,1,7
1,2024-04-14 10:34:56,ADMINISTRATIVO/A IMPORTACIÓN,Oiartzun,Gipuzkoa,"Análisis de tráficos de importación, recepción de documentación, centralizar información, recepción de facturas, contacto con transitarios etc. Imprescindible experiencia en comercio internacional y nivel de inglés alto. Valorable formación específica en comercio internacional. Se ofrece contrato por sustitución de duración indeterminada, salario de 27.000 euros brutos/años e incorporación inmediata",12/04/2024,162024004038,LABORAL TEMPORAL,,"EMPLEADOS ADMINISTRATIVOS DE LOS SERVICIOS DE TRANSPORTE, EN GENERAL",,,,,Idiomas requeridos INGLES Lectura SUPERIOR Escritura SUPERIOR Hablado SUPERIOR,,,1,9
1,2024-04-14 10:34:56,LIMPIADOR/A,Donostia/San Sebastián,Gipuzkoa,"Se necesita limpiador/a en Donostia-San Sebastián para limpieza de portales, garaje. SE REQUIERE: Experiencia en limpieza. SE VALORARÁ: Vehículo propio. SE OFRECE: contrato de sustitución maternidad, 15 horas semanales. Salario bruto aproximado: 650-700 euros. Fecha prevista de incorporación: 22/04/2024.",12/04/2024,162024004037,LABORAL TEMPORAL,,PERSONAL DE LIMPIEZA O LIMPIADORES EN GENERAL,,,,,Experiencia mínima: 4 años,4 años,,1,17
1,2024-04-14 10:34:56,DEPENDIENTES/AS HELADERÍA,Donostia/San Sebastián,Gipuzkoa,"SE PRECISA: Dependientes/as para heladería. Persona seria, comprometida y puntual.  Disponibilidad para trabajar en turnos de tarde-noche hasta la 12:30h de la noche, incluidos fines de semana. Temporada de verano: hasta las 2:30h de la mañana Disponibilidad para trabajar durante todo el año.  REQUISITOS IMPRESCINDIBLES: Nivel medio de ingles  VALORABLE: Conocimientos de diferentes idiomas. Residencia en Donostialdea o carnet de conducir.  SE OFRECE: Contrato indefinido. De lunes a domingo (40 h semanales) Salario mensual bruto aproximado: 1600 euros.",12/04/2024,162024004036,LABORAL INDEFINIDO,,"DEPENDIENTES DE COMERCIO, EN GENERAL",,,,,Idiomas requeridos INGLES Lectura MEDIO Escritura MEDIO Hablado MEDIO,,,4,12
1,2024-04-14 10:34:56,LCIENCIADO / GRADO EN MEDICINA GENERAL,Bilbao,Bizkaia,Se necesita licenciado o grado en Medicina General para la realización de certificados médicos y psicotécnico,12/04/2024,162024004035,LABORAL INDEFINIDO,,"MÉDICOS, MEDICINA GENERAL",,,,,"NIVELES FORMATIVOS REQUERIDOS Desde Enseñanzas universitarias de primer y segundo ciclo, de sólo segundo ciclo, y equivalentes (licenciados) Hasta Doctorado universitario",,,1,0
1,2024-04-14 10:34:56,CANTERO/CANTERA,Ea,Bizkaia,"Tareas: tallar y labrar piedras y colocarlas en edificios antiguos a rehabilitar. IMPRESCINDIBLE: manejo de herramientas manuales para labrar y tallar piedras, tales como, bujarda, maza, gradina, cincel... VALORABLE: carnet de conducir y disponibilidad para trabajar fines de semana. CONTRATO: indefinido. Jornada: de 08:00 a 15:00 horas.",12/04/2024,162024004034,LABORAL INDEFINIDO,,CANTEROS DE CONSTRUCCIÓN,,,,,,,,1,6
1,2024-04-14 10:34:56,"ASISTENTE DOMICILIARIO, RÉGIMEN INTERNO.",Tolosa,Gipuzkoa,Cuidado y atención de un matrimonio de ancianos y realización de tareas domésticas. REQUISITOS IMPRESCINDIBLES: certificado profesional de atención sociosanitaria o habilitación. TIPO DE CONTRATO: Indefinido. SALARIO: 1.600 euros brutos.,12/04/2024,162024004032,LABORAL INDEFINIDO,,ASISTENTES DOMICILIARIOS,,,,,,,,1,10
1,2024-04-14 10:34:56,PROFESOR/PROFESORA DE EUSKALTEGI,Erandio,Bizkaia,"IMPRESCINDIBLE: estudios universitarios y C2 de euskera. A VALORAR: Filologia Vasca (10 puntos), Magisterio Educación primaria (6 puntos), Master del Profesorado (8 puntos), experiencia como profesor/a en Euskaltegi (0,5 puntos/mes), experiencia docente (0,25 puntos/mes). SE OFRECE: contrato laboral de 2 meses, aproximadamente. HORARIO: 9:00 -13:00 y de 16:00 19:00 h, de lunes a jueves y de 8:00 14:00, los viernes. INCORPORACIÓN: 16 abril. SALARIO: 41557,79 euros brutos/año.",12/04/2024,162024004031,LABORAL INDEFINIDO,,PROFESORES DEL ÁREA DE LENGUAS EXTRANJERAS (ENSEÑANZA SECUNDARIA),,,,,NIVELES FORMATIVOS REQUERIDOS Desde Enseñanzas universitarias de primer ciclo y equivalentes o personas que han aprobado 3 cursos completos de una licenciatura o créditos equivalentes (diplomaturas) Hasta Doctorado universitario,,,1,3
1,2024-04-14 10:34:56,AUXILIAR FLORISTA/DEPENDIENTE-A,Donostia/San Sebastián,Gipuzkoa,"Se necesita dependiente/a para floristería en San Sebastián. SE REQUIERE: Euskera e informática a nivel usuario. SE VALORARÁ: Experiencia en comercio y en creación de ramos, centros, coronas y más arte floral. SE OFRECE: Contrato indefinido, jornada a convenir, salario bruto según convenio.",12/04/2024,162024004029,LABORAL INDEFINIDO,,DEPENDIENTES DE FLORISTERÍA,,,,,Experiencia mínima: 2 meses,2 meses,,1,13
1,2024-04-14 10:34:56,CHOFER,Donostia/San Sebastián,Gipuzkoa,Chofer para camión rígido paquetería. REQUISITO IMPRESCINDIBLE: carnet de conducir C (transporte mercancías pesado). A VALORAR: experiencia en el sector. SE OFRECE: contrato laboral indefinido previa prueba. Horario laboral: de 08:00 a 13:00 horas y de 15:00 a 18:30 horas aproximadamente. Remuneración según convenio.,12/04/2024,162024004028,LABORAL INDEFINIDO,,"CONDUCTORES DE CAMIÓN, EN GENERAL",,,,"C - AUTOMÓVIL MASA MÁXIMA AUTORIZADA > 3.500 KG, ASIENTOS <=9",Experiencia mínima: 1 año,1 año,,1,6
1,2024-04-14 10:34:56,DINAMIZADOR DE GAZTEGUNE,Alonsotegi,Bizkaia,"Se precisa contratar a una persona para el puesto de dinamizador de Gaztegune (local juvenil) en un municipio de las Encartaciones. Requisitos imprescindibles_Formación universitaria en Educación Social o formación profesional en Integración Social, título EGA o equivalente, título de monitor/a de tiempo libre y 3 meses de experiencia como monitor/a en trabajos similares con menores. Se ofrece contrato inicial de 1 año prorrogable, a tiempo parcial (viernes, sábados y domingos de 18h a 22h), salario 950 euros brutos mensuales, incorporación prevista 31/05/2024",12/04/2024,162024004026,LABORAL TEMPORAL,,ANIMADORES SOCIOCULTURALES,,,,,Experiencia mínima: 3 meses,3 meses,,1,5
1,2024-04-14 10:34:56,PERSONAL DE LIMPIEZA,Ea,Bizkaia,Limpieza de apartamentos en casa rural. IMPRESCINDIBLE: carnet de conducir y disponibilidad de coche. Experiencia de al menos 12 meses. CONTRATO: temporal de 12 meses. Media jornada de 12:00 a 16:00 horas. Incorporación inmediata.,12/04/2024,162024004025,LABORAL TEMPORAL,,PERSONAL DE LIMPIEZA O LIMPIADORES EN GENERAL,,,,"B-AUTOMOVIL <= 3.500 KG, ASIENTOS <=9, CON REMOLQUE <= 750 KG, Y TRICICLOS Y CUATRICICLOS DE MOTOR",Experiencia mínima: 1 año,1 año,,1,11
1,2024-04-14 10:34:56,AYUDANTE DE PEÓN DE LA CONSTRUCCIÓN,Amurrio,Araba/Álava,"Ayudante de peón en construcción. Imprescindible PRL de 20 horas de construcción. Se ofrece contrato de 2 meses a jornada completa, de 08:00 a 13:00 y de 14:00 a 17:00. Incorporación en mayo.",12/04/2024,162024004024,LABORAL TEMPORAL,,PEONES DE LA CONSTRUCCIÓN DE EDIFICIOS,,,,,Experiencia mínima: 3 meses,3 meses,,1,9
1,2024-04-14 10:34:56,PERSONAL DE LIMPIEZA DE OFICINAS,Arrasate/Mondragon,Gipuzkoa,"Limpieza de mobiliario, limpieza de aseos y vestuarios, área de descanso, barrido y fregado de suelos, limpieza de cristales.  REQUISITOS IMPRESNCINDIBLES:  Certificado de discapacidad mínima del 33%  TIPO DE JORNADA Y HORARIO: A determinar con la persona candidata  TIPO DE CONTRATO: Indefinido  Incorporación inmediata",12/04/2024,162024004022,LABORAL INDEFINIDO,Discapacitados/as,PERSONAL DE LIMPIEZA O LIMPIADORES EN GENERAL,,,,,,,,1,6
1,2024-04-14 10:34:56,ELECTRICISTA,Sestao,Bizkaia,"Electricista para instalación de porteros automáticos, video porteros y electricidad en general. REQUISITOS IMPRESCINDIBLES :Experiencia de 12 meses, permiso de conducir B y formación en PRL. Se realizará prueba. Se ofrece contrato indefinido. Jornada partida.",12/04/2024,162024004021,LABORAL INDEFINIDO,,"INSTALADORES ELECTRICISTAS, EN GENERAL",,,,"B-AUTOMOVIL <= 3.500 KG, ASIENTOS <=9, CON REMOLQUE <= 750 KG, Y TRICICLOS Y CUATRICICLOS DE MOTOR",Experiencia mínima: 1 año,1 año,,1,2
1,2024-04-14 10:34:56,MONTADOR DE ESTRUCTURAS PORTATILES LIJERAS,Bilbao,Bizkaia,PARTICIPARA EN EL MONTAJE DE ESTRUCTURAS LIJERAS E INSTALACIONES DE ELECTRICIDAD. IMPRESCIDIBLE CERTIFICADO DE PROFESIONALIDAD NIVEL 1 OPERACIONES AUXILIARESDE MONTAJE Y MANTENIMIENTO DE EQUIPOS ELECTRICOS Y ELECTRONICOS Y PRL DE LA CONSTRUCCION 60 HORAS. IMPRESCINDIBLE PERSONA EN RIESGO DE EXCLUSION.,12/04/2024,162024004019,LABORAL TEMPORAL,,"MONTADORES DE GRANDES ESTRUCTURAS METÁLICAS, EN GENERAL",Duración: 12 meses,,DESEMPLEADO-A,,"Conocimientos FORMACIÓN REGLADA - CERTIFICADOS DE PROFESIONALIDAD Se debe estar en posesión de alguno de los siguientes títulos o certificados: Certificado profesionalidad ELEQ0111 - OPERACIONES AUXILIARES DE MONTAJE Y MANTENIMIENTO DE EQUIPOS ELÉCTRICOS Y ELECTRÓNICOS Y, además, también se debe estar en posesión de alguno de los siguientes títulos o certificados: Programas sobre el entorno de trabajo, prevención de riesgos",,,1,9
1,2024-04-14 10:34:56,ELECTROMECÁNICO,Zizurkil,Gipuzkoa,"Instalaciones en Kanper/Autocaravanas:  Eléctricos, agua, gas, baterías...  Instalaciones necesarias para una camperización  Se valorará la mecánica rápida y la automoción REQUISITOS:  Experiencia en mecánica, eléctrica o carpintería.  Estudios medios o superiores VALORABLE: -Idiomas Se ofrece desarrollo profesional en la empresa.",12/04/2024,162024004018,LABORAL INDEFINIDO,,"MECÁNICOS DE MANTENIMIENTO Y REPARACIÓN DE AUTOMOCIÓN, EN GENERAL",,,,,"NIVELES FORMATIVOS REQUERIDOS Desde Enseñanzas de grado medio de formación profesional específica, artes plásticas y diseño, y deportivas. Hasta Enseñanzas de grado superior de formación profesional específica y equivalentes, artes plásticas y diseño, y deportivas.",,,1,4
1,2024-04-14 10:34:56,CARNICERO OFICIAL DE PRIMERA,Arrasate/Mondragon,Gipuzkoa,-Imprescindibles: .Experiencia como oficial de carnicería ( mínimo 36 meses ) .Nivel alto de español -Se valora euskera -Se ofrece: .Contrato indefinido .Jornada completa y partida .Salario según convenio .Incorporación inmediata,12/04/2024,162024004017,LABORAL INDEFINIDO,,CARNICEROS PARA LA VENTA EN COMERCIO,,,,,Experiencia mínima: 3 años,3 años,,1,1
1,2024-04-14 10:34:56,REPARTIDOR/A,Durango,Bizkaia,"Empresa dedicada al suministro de ropa de trabajo y EPIS precisa persona para reparto.  Funciones: reparto y recarga de máquinas de vending.  Requisitos: experiencia laboral de 12 meses en almacén y reparto.  Se ofrece contrato temporal de 12 meses de duración, jornada completa.",12/04/2024,162024004015,LABORAL TEMPORAL,,"MOZOS DE CARGA Y DESCARGA, ALMACÉN Y/O MERCADO DE ABASTOS",,,,,Experiencia mínima: 1 año,1 año,,1,20
1,2024-04-14 10:34:56,DEPENDIENTE/A,Bedia,Bizkaia,"Se necesita dependiente/a para tienda de productos y servicios de mascotas.  Imprescindible conocimientos básicos de informática.  Se valorará el dominio del euskera, el gusto por los animales y la proximidad de residencia.  Se ofrece contrato a media jornada para sustitución de baja.",12/04/2024,162024004013,LABORAL TEMPORAL,,"DEPENDIENTES DE COMERCIO, EN GENERAL",,,,,Experiencia mínima: 3 meses,3 meses,,1,14
1,2024-04-14 10:34:56,PERSONAL TÉCNICO CONTROL DE PLAGAS,Vitoria-Gasteiz,Araba/Álava,"Personal técnico en Control de Plagas (Nivel 2) para realizar tareas de tratamiento de interiores, vía pública y desinfecciones en Vitoria-Gasteiz. REQUISITOS IMPRESCINDIBLES: Certificado Profesionalidad Servicios para el control de plagas. Experiencia mínima de un año en puesto ofertado. Carnet de conducir B. SE VALORARÁ: Títulos formativos relacionados con el sector (Legionella, TP8, CMR). SE OFRECE: Entorno de trabajo amistoso y profesional, formación continua, buen horario laboral e incorporación inmediata. Resto de condiciones a tratar con las personas seleccionadas.",12/04/2024,162024004012,LABORAL TEMPORAL,,APLICADORES DE PLAGUICIDAS,,,,"B-AUTOMOVIL <= 3.500 KG, ASIENTOS <=9, CON REMOLQUE <= 750 KG, Y TRICICLOS Y CUATRICICLOS DE MOTOR",Experiencia mínima: 1 año,1 año,,2,0
1,2024-04-14 10:34:56,ELECTRICISTA,Mungia,Bizkaia,Peón en electricidad con experiencia en instalaciones eléctricas en viviendas.,12/04/2024,162024004011,LABORAL TEMPORAL,,"INSTALADORES ELECTRICISTAS, EN GENERAL",Nº de puestos: 1,,,,Experiencia mínima: 1 año,1 año,,1,9
1,2024-04-14 10:34:56,PEÓN,Atxondo,Bizkaia,Se precisa PEÓN para puesto de trabajo en Atxondo (Bizkaia). TAREAS: Verificación y montaje de piezas. REQUISITOS: Experiencia en puestos similares. Se valorará contar con permiso de conducir B1. Persona proactiva. SE OFRECE: Contrato indefinido. Salario según convenio.,12/04/2024,162024004010,LABORAL INDEFINIDO,,"PEONES DE LA INDUSTRIA MANUFACTURERA, EN GENERAL",,,,,,,,1,20
1,2024-04-14 10:34:56,PEÓN CONDUCTOR LIMPIEZA VIARIA,Oñati,Gipuzkoa,Requisitos imprescindibles: Titulación: Certificado de escolarización. Permiso de conducir clase C Tarjeta de cualificación de conductores actualizada. Perfil lingüístico: nivel 1. Las personas que no tengan acreditado el nivel realizarán una prueba de nivel. Condiciones a valorar: Formación básica en la aplicación de fitosanitarios y documento que capacite para su utilización. Experiencia profesional.,12/04/2024,162024004009,LABORAL TEMPORAL,,"CONDUCTORES DE CAMIÓN, EN GENERAL",,,,,Conocimientos FORMACIÓN REGLADA - CERTIFICADOS DE PROFESIONALIDAD Se debe estar en posesión de alguno de los siguientes títulos o certificados: Estudios primarios completos OTROS CONOCIMIENTOS Carnet: TARJETA CUALIFICACIÓN DEL CONDUCTOR (CAP MERCANCÍAS),,,1,15
1,2024-04-14 10:34:56,AYUDANTE DE COCINA,Ibarra,Gipuzkoa,"Se ofrece puesto de ayudante de cocina para bar en Ibarra, Contrato indefinido a jornada completa. REQUISITOS: -Experiencia mínima de 6 meses en puesto similar.",12/04/2024,162024004008,LABORAL INDEFINIDO,,"COCINEROS, EN GENERAL",,,,,"EXPERIENCIA Ocupación: COCINEROS, EN GENERAL (6 Meses )",,,1,3
1,2024-04-14 10:34:56,TÉCNICO/A DE OBRAS Y SERVICIOS,Bergara,Gipuzkoa,"Técnico/a de obras y servicios.  Requisitos imprescindibles:  Estudios: Arquitecto Técnico o Ingeniería en Construcción.  Euskera: PL4 y si no hubiera nadie PL3. Se realizará la prueba a los aspirantes que carezcan de titulación.  Un año de experiencia como arquitecto técnico o ingeniero de la construcción.  Aprobar el examen teórico (10 puntos). El temario se publicará en la página web del Ayuntamiento de Bergara.  Aprobar el test psicotécnico (10 puntos).  Condiciones a valorar:  Experiencia: se valorará 0,009 puntos por día y hasta un máximo de 5 puntos.  Estar en posesión del carnet B de conducir se valorará con 3 puntos.  El tipo de contrato será de sustitución, de lunes a viernes jornada completa de 6 a 12 meses. Salario bruto anual: 42.667,17 euros.",12/04/2024,162024004007,LABORAL TEMPORAL,,ARQUITECTOS TÉCNICOS,,,,,NIVELES FORMATIVOS REQUERIDOS Desde Enseñanzas universitarias de primer ciclo y equivalentes o personas que han aprobado 3 cursos completos de una licenciatura o créditos equivalentes (diplomaturas) Hasta ENSEÑANZAS UNIVERSITARIAS OFICIALES DE MÁSTER,,,1,0
1,2024-04-14 10:34:56,OPERARIO/A DE CARGA,Eskoriatza,Gipuzkoa,"Colocar piezas en bastidores, según las instrucciones dadas por el jefe/a de línea. Colocar bastidores en el porta cargas. Ayudar en la realización de las labores propias del puesto de control.Tipo de contrato: temporal. Requisitos imprescindibles: Experiencia previa ocupando puestos similares. Requisitos a valorar: Capacidad de resolución de problemas y proactiviadad. Salario mensual: Convenio metal Gipuzkoa.",12/04/2024,162024004006,LABORAL TEMPORAL,,"PEONES DE LA INDUSTRIA MANUFACTURERA, EN GENERAL",,,,,,,,1,18
1,2024-04-14 10:34:56,FUNERARIA/O,Vitoria-Gasteiz,Araba/Álava,"Funerario/a para trabajar de lunes a domingo, con descansos de día y medio. El horario es de 08:00 a 12:00 horas y de 14:30 a 18:30 horas. Se realizan guardias.",12/04/2024,162024004003,LABORAL TEMPORAL,,EMPLEADOS DE SERVICIOS FUNERARIOS EN GENERAL,,,,"B-AUTOMOVIL <= 3.500 KG, ASIENTOS <=9, CON REMOLQUE <= 750 KG, Y TRICICLOS Y CUATRICICLOS DE MOTOR",,,,1,11
1,2024-04-14 10:34:56,AYUDANTE CAMARERO/A,Vitoria-Gasteiz,Araba/Álava,"Contrato de 20 horas, jueves, viernes y sábado por la tarde y domingo por la mañana. Horario de tarde 19:00/23:00 y de mañana 12:00/16:00 aprox. 1 domingo libre al mes. Salario según convenio. Contrato indefinido. Incorporación 25/04/202. IMPRESCINDIBLE: Experiencia en barra. Manejo de la TPV y datáfono.Nivel alto de castellano. VALORABLE: Conocimientos de cocina.",12/04/2024,162024004002,LABORAL INDEFINIDO,,"CAMAREROS, EN GENERAL",,,,,Experiencia mínima: 6 meses,6 meses,,1,4
1,2024-04-14 10:34:56,AUXILIAR ADMINISTRATIVO,Itsasondo,Gipuzkoa,"El trabajo a realizar consistiría en identificar, documentar e incluir todos los derechos y bienes actuales del Ayuntamiento de Itsasondo en el módulo de Inbentario de la aplicación SARE dentro de la clasificación legal. REQUSITOS IMPRESCINDIBLES: -Nivel de cualificación: Formación profesional básica, Certificados de Profesionalidad, Graduado Eso  Ser mayor de 16 y menor de 30 años  Estar empadronado en el Goierri  Conocimientos de informática.  No padecer discapacidad física o psíquica para el correcto desempeño de sus funciones.  Desde el punto de vista de género, se priorizará la contratación de mujeres. -Capacidad de comunicarse en euskera REQUISITOS VALORABLES:  Se valorará tener estudios de carácter administrativo, la experiencia administrativa, Euskera C1 o equivalente, empadronamiento en Itsasondo CONTRATO: jornada completa, 8 meses de duración, salario: 1728,33¿brutos/mes. Fecha de incorporación: 10/05/2024",12/04/2024,162024004001,LABORAL TEMPORAL,,"EMPLEADOS ADMINISTRATIVOS, EN GENERAL",Nº de puestos: 1,Hasta 29 años,DESEMPLEADO-A,,"Conocimientos FORMACIÓN REGLADA - CERTIFICADOS DE PROFESIONALIDAD Se debe estar en posesión de alguno de los siguientes títulos o certificados: Certificado profesionalidad ADGA10 - EMPLEADO DE OFICINA Certificado profesionalidad ADGD0308 - ACTIVIDADES DE GESTIÓN ADMINISTRATIVA Certificado profesionalidad ADGG0208 - ACTIVIDADES ADMINISTRATIVAS EN LA RELACIÓN CON EL CLIENTE Certificado profesionalidad ADGG0508 - OPERACIONES DE GRABACIÓN Y TRATAMIENTO DE DATOS Y DOCUMENTOS Estudios de administración, trabajo de oficina TÍTULO PROFESIONAL BÁSICO en Servicios Administrativos OTROS CONOCIMIENTOS MICROSOFT OFFICE",,,1,5
1,2024-04-14 10:34:56,COCINERA O COCINERO,Bakio,Bizkaia,Cocinera o cocinero con experiencia.,12/04/2024,162024004000,LABORAL TEMPORAL,,"COCINEROS, EN GENERAL",Nº de puestos: 1,,,,,,,1,2
1,2024-04-14 10:34:56,AYUDANTE DEPENDIENTE/A CON DISCAPACIDAD,Vitoria-Gasteiz,Araba/Álava,"Se necesita AYUDANTE DEPENDIENTE/A CON DISCAPACIDAD (de al menos 33%) para realizar tareas de atención al cliente (en TIENDA y ALMACEN) para trabajar a jornada completa (de lunes a viernes). Se valora experiencia previa en puesto similar. Vehículo propio. Manejo de terminales de punto de venta (TPV) e inventario. Habilidades comunicativas y capacidad de trabajo en equipo. INCORPORACION INMEDIATA. Contrato indefinido. Jornada completa. Salario mensual bruto aproximado 1484,40¿ 12 pagas mensuales. IMPRESCINDIBLE: Certificado de discapacidad. Experiencia en puesto similar al menos de 6 meses. Carnet de conducir y vehículo.",12/04/2024,162024003999,LABORAL INDEFINIDO,Discapacitados/as,"DEPENDIENTES DE COMERCIO, EN GENERAL",,,,"B-AUTOMOVIL <= 3.500 KG, ASIENTOS <=9, CON REMOLQUE <= 750 KG, Y TRICICLOS Y CUATRICICLOS DE MOTOR",Experiencia mínima: 6 meses,6 meses,,1,4
1,2024-04-14 10:34:56,LIMPIADOR/A,Vitoria-Gasteiz,Araba/Álava,"Persona con carnet de conducir para realizar trabajos de limpieza en horario de 09:00 a 13:00 y de 15:00 a 19:00 horas de lunes a viernes existiendo la posibilidad de escoger o bien el horario de mañana, de tarde u horario completo. Imprescindible CARNET DE CONDUCIR",12/04/2024,162024003997,LABORAL INDEFINIDO,,PERSONAL DE LIMPIEZA O LIMPIADORES EN GENERAL,,,,"B-AUTOMOVIL <= 3.500 KG, ASIENTOS <=9, CON REMOLQUE <= 750 KG, Y TRICICLOS Y CUATRICICLOS DE MOTOR",,,,1,16
1,2024-04-14 10:34:56,TECNICO-A EUSKERA,Aulesti,Bizkaia,"Ejecución del proyecto de UEMA en los ayuntamientos de Lea-Artibai: planes de uso, proyecto educativo, proyecto intercultural, formación, traducciones... Requisitos obligatorios: Título Universitario de Filología Vasca, Perfil 4 o C2 de euskera, Permiso de conducir B y coche. Valorable: Experiencia en trabajos similares. Duración del contrato: Hasta el final de la baja del titular, al menos dos meses.",12/04/2024,162024003996,LABORAL TEMPORAL,,FILÓLOGOS,,,,"B-AUTOMOVIL <= 3.500 KG, ASIENTOS <=9, CON REMOLQUE <= 750 KG, Y TRICICLOS Y CUATRICICLOS DE MOTOR",Conocimientos FORMACIÓN REGLADA - CERTIFICADOS DE PROFESIONALIDAD Se debe estar en posesión de alguno de los siguientes títulos o certificados: Filología Vasca,,,1,4
1,2024-04-14 10:34:56,REPARTIDOR/A,Bedia,Bizkaia,"Se necesita repartidor/a para empresa ubicada en Bedia.  Funciones del puesto: asegurar la entrega de sus productos a los clientes del País Vasco en sus instalaciones y abastecer a sus tiendas situadas en Bizkaia y Gipuzkoa, así como dar apoyo al personal de almacén. Manipulación manual de cargas.  Competencias transversales: responsabilidad voluntariedad y espíritu de trabajo.  Requisitos: carnet de conducir tipo B  Se valorará el carnet de carretilla.",12/04/2024,162024003995,LABORAL TEMPORAL,,"MOZOS DE CARGA Y DESCARGA, ALMACÉN Y/O MERCADO DE ABASTOS",Nº de puestos: 1,,,"B-AUTOMOVIL <= 3.500 KG, ASIENTOS <=9, CON REMOLQUE <= 750 KG, Y TRICICLOS Y CUATRICICLOS DE MOTOR",Experiencia mínima: 3 meses,3 meses,,1,24
1,2024-04-14 10:34:56,ALMACENERO/A,Deba,Gipuzkoa,"Carga y descarga de camiones con carretilla elevadora, preparación de pedidos, recepción y colocación de pedidos, realizar inventarios y mantener el orden y limpieza del almacén. Imprescindible carnet de carretillero. Se valorará carnet de conducir B y euskera. Se ofrece contrato temporal, aproximadamente 6 meses, a jornada completa. Incorporación inmediata. La empresa está ubicada en Itziar.",12/04/2024,162024003994,LABORAL TEMPORAL,,TÉCNICOS EN GESTIÓN DE STOCKS Y/O ALMACÉN,,,,"B-AUTOMOVIL <= 3.500 KG, ASIENTOS <=9, CON REMOLQUE <= 750 KG, Y TRICICLOS Y CUATRICICLOS DE MOTOR",Conocimientos OTROS CONOCIMIENTOS OPERADOR-CONDUCTOR DE CARRETILLA ELEVADORA,,,2,5
1,2024-04-14 10:34:56,ASISTENTE DOMICILIARIO (REGIMEN INTERNO),Elduain,Gipuzkoa,"Se necesita personal a jornada completa para cocinar, limpiar la casa, arreglos y cuidar a una pareja. Es imprescindible: Certificado profesional y paciencia. Salario: según convenio. Se libraría los fines de semana.",12/04/2024,162024003987,LABORAL TEMPORAL,,ASISTENTES DOMICILIARIOS,,,,,,,,1,4
1,2024-04-14 10:34:56,ARCHIVERO/A,Balmaseda,Bizkaia,"Tareas relacionadas con el archivo municipal, como: Inventariar, catalogar y clasificar toda la documentación municipal que no haya sido tratada archivísticamente Mejorar el funcionamiento del Sistema de Archivo Propio Aplicación informática adecuada para el tratamiento archivístico de los documentos tanto en papel como electrónicos Etc. REQUISITOS IMPRESCINDIBLES: Se debe estar en posesión de alguno de los siguientes títulos universitarios: Grado en historia, Grado en Informática y Documentación, Diplomatura/grado en Biblioteconomía y Documentación O cualquier otro grado universitario relacionado con la archivística. Cumplir cualquiera de los requisitos establecidos en la convocatoria de Lanbide de Ayudas para la contratación de personas jóvenes(BOPV de 04-12-23). Estar en desempleo e inscrita en el sistema de Garantía Juvenil. Mayor de 16 y menor de 30 años. REQUISITOS A VALORAR: Nivel de euskera y Formación complementaria.",12/04/2024,162024003920,LABORAL TEMPORAL,,ARCHIVEROS,Nº de puestos: 1,Hasta 29 años,DESEMPLEADO-A,,Conocimientos FORMACIÓN REGLADA - CERTIFICADOS DE PROFESIONALIDAD Se debe estar en posesión de alguno de los siguientes títulos o certificados: LICENCIATURA en historia GRADO en Historia GRADO en Información y Documentación DIPLOMATURA en biblioteconomía y documentación,,,1,3
1,2024-04-14 10:34:56,TECNIC@ SUPERIOR EN ORGANIZACIÓN Y ADMINISTRACIÓN DE EMPRESAS,Balmaseda,Bizkaia,"Un puesto de trabajo para Balmaseda realizando las funciones de apoyo en el diseño, puesto en marcha y coordinación de los nuevos proyectos transversales entre las diferentes áreas del Ayuntamiento. Requisitos imprescindibles: Se debe tener titulo universitario de Grado Administración y dirección empresas ó Grado Gestión de Negocios ó Grado en Derecho ó Grado en Economía ó cualquier otro grado relacionado con los anteriores. Tener el PLE3 Euskera. Estar en desempleo e inscrita en el SNGJ. Mayor de 16 y menor de 30 años. Cumplir cualquiera de los requisitos establecidos en la convocatoria de Lanbide para Ayudas para contratación de jóvenes (BOPV 04/12/2023). Se valorará tener formación complementaria.",12/04/2024,162024003919,LABORAL TEMPORAL,,"TÉCNICOS SUPERIORES EN ORGANIZACIÓN Y ADMINISTRACIÓN DE EMPRESAS, EN GENERAL",Nº de puestos: 1,Hasta 29 años,DESEMPLEADO-A,,Conocimientos FORMACIÓN REGLADA - CERTIFICADOS DE PROFESIONALIDAD Se debe estar en posesión de alguno de los siguientes títulos o certificados: GRADO en Administración y Dirección de Empresas LICENCIATURA en administración y dirección de empresas GRADO en Gestión de Negocios LICENCIATURA en derecho GRADO en Derecho LICENCIATURA en economía GRADO en Economía,,,1,9
1,2024-04-14 10:34:56,ENVASADOR/A,Asparrena,Araba/Álava,"Funciones: elaboración y/o envasado de helados en máquina. Estuchado, marcado, precintado. embalado y envio a cámara. Imprescindible: ESO. A valorar: Formación grado o FP. Experiencia como operario de línea de al menos 1 años. Carné de carretilla elevadora en vigor. Experiencia al menos 1 año. Tipo de contrato: temporal (2meses) Trabajo a 3 turnos. Fecha incorporación: 2 de mayo. Salario mensual bruto aprox: 27.299,85¿/año",12/04/2024,162024003784,LABORAL TEMPORAL,,"PEONES DE LA INDUSTRIA DE LA ALIMENTACIÓN, BEBIDAS Y TABACO",,,,,Experiencia mínima: 1 año,1 año,,10,20
1,2024-04-14 10:34:56,FONTANERO/A - SOLDADOR/A,Abadiño,Bizkaia,Se precisa FONTANERO/A SOLDADOR/A para instalaciones industriales. Montaje de tubería industrial y soldadura. REQUISITOS: Se pide al menos 2 años de experiencia en tareas similares. Disponibilidad horaria para trabajar ocasionalmente en fin de semana. Permiso de conducir B1. Persona responsable y con buena actitud.,12/04/2024,162024002878,LABORAL TEMPORAL,,FONTANEROS,Nº de puestos: 1,,,"B-AUTOMOVIL <= 3.500 KG, ASIENTOS <=9, CON REMOLQUE <= 750 KG, Y TRICICLOS Y CUATRICICLOS DE MOTOR",EXPERIENCIA Ocupación: SOLDADORES DE TUBERÍAS Y RECIPIENTES DE ALTA PRESIÓN,,,1,10
1,2024-04-14 10:34:56,LIMPIADOR/A,Irun,Gipuzkoa,"Se busca persona para realizar tareas de limpieza de cristales, garajes, comunidades, oficinas y comercios. Será imprescindible tener experiencia previa mínima de 3 meses, ser una persona responsable, con compromiso y con carnet de conducir B. La jornada será completa de lunes a viernes. Se ofrece contrato laboral temporal de 3 a 6 meses. La incorporación será inmediata. El salario bruto mensual ascenderá a 1580,00 euros.",12/04/2024,162024002859,LABORAL TEMPORAL,,PERSONAL DE LIMPIEZA O LIMPIADORES EN GENERAL,,,,"B-AUTOMOVIL <= 3.500 KG, ASIENTOS <=9, CON REMOLQUE <= 750 KG, Y TRICICLOS Y CUATRICICLOS DE MOTOR",Experiencia mínima: 3 meses,3 meses,,1,13
1,2024-04-14 10:34:56,TEC. CONTABLE,Muskiz,Bizkaia,"¿ Gestión de contabilidad, nóminas, contratos y liquidación de impuestos: 303, 390, 115, 180, etc.. ¿ Manejo de algún programa de contabilidad y nóminas. ¿ contratos, nóminas, manejo del sistema red de la Seguridad Social, etc. ¿ Carrera universitaria o CFGS ¿ Gestión de contabilidad, nóminas, contratos y liquidación de impuestos: 303, 390, 115, 180, etc.. ¿ Manejo de algún programa de contabilidad y nóminas. ¿ Ofimática nivel alto (Word, Excel, power point, etc). ¿ Experiencia profesional en departamentos contables.",12/04/2024,162024002644,LABORAL TEMPORAL,,"TÉCNICOS SUPERIORES EN CONTABILIDAD Y/O FINANZAS, EN GENERAL",,,,,Experiencia mínima: 5 años,5 años,,1,7
1,2024-04-14 10:34:56,CLASIFICADOR/A Y PREPARADOR/A DE PRODUCTO TEXTIL,Mungia,Bizkaia,"Empresa de inserción precisa contratar personas para clasificar residuo textil (según estado, calidad, marca y tendencia), emperchar, etiquetar y valorar prendas para su posterior reutilización y venta. IMPRESCINDIBLE: estar en desempleo, experiencia en el puesto ( industria y/o comercio textil...) y estar en disposición de suscribir un contrato de fomento de empleo para empresas de inserción por pertenencia a alguno de los colectivos especificados en la Ley 44/2007 de 13 de diciembre(código 452), con las ampliaciones contenidas en el Decreto 162/2023, de 31 de octubre. A VALORAR: vehiculo propio. SE OFRECE: contrato de un año de duración, a jornada completa en horario de mañana (5: 45-13:45 h) o de tarde (13:45-21:45 h). SALARIO: 1180 euros brutos aprox. en 14 pagas",12/04/2024,162024002116,LABORAL TEMPORAL,,PEONES DE LA INDUSTRIA TEXTIL,,,DESEMPLEADO-A,,Experiencia mínima: 1 mes,1 mes,,7,29
1,2024-04-14 10:34:56,CONDUCTOR/A TRAILER,Irun,Gipuzkoa,"Se necesitan conductores de trailer basculante para rutas País Vasco/Francia. Imprescindible: CAP mercancías, carnet de conducir C+E, tarjeta tacógrafo digital. A valorar tener coche o moto. Tipo de contrato indefinido, incorporación inmediata.",12/04/2024,162024000422,LABORAL INDEFINIDO,,CONDUCTORES-OPERADORES DE CAMIÓN VOLQUETE,,,,"C+E-AUTOMÓVIL CLASE C, CON REMOLQUE > 750 KG",Conocimientos OTROS CONOCIMIENTOS Carnet: TARJETA CUALIFICACIÓN DEL CONDUCTOR (CAP MERCANCÍAS) Carnet: TARJETA DE CONDUCTOR (TACÓGRAFO DIGITAL),,,2,2
1,2024-04-14 10:34:56,PEÓN,Barrundia,Araba/Álava,Desempeñará labores de montaje de componentes y producto final. Imprescindible: permiso de conducir B y vehículo propio. Disponibilidad inmediata. Duración del contrato: 2 meses Salario: según convenio química Tipo de jornada: completa de 6h a 14h de lunes a viernes.,11/04/2024,162024003986,LABORAL TEMPORAL,,PEONES DE LA INDUSTRIA QUÍMICA,,,,"B-AUTOMOVIL <= 3.500 KG, ASIENTOS <=9, CON REMOLQUE <= 750 KG, Y TRICICLOS Y CUATRICICLOS DE MOTOR",,,,1,12
1,2024-04-14 10:34:56,AYUDANTE DE COCINA,Lekeitio,Bizkaia,ATENCION Y APOYO A LA COCINA EN EL TRINKETE ATERPETXEA Y EN TRINKETE TABERNA. IMPRESCINDIBLE: SUSCEPTIBLE DE TENER UN CONTRATO DE INSERCION LABORAL. SE VALORARA: FORMACION EN EL AMBITO Y EXPERIENCIA EN PUESTO SIMILAR,11/04/2024,162024003985,LABORAL TEMPORAL,,PINCHES DE COCINA,,,,,,,,1,8
1,2024-04-14 10:34:56,PEÓN/A DE JARDINERÍA(OPERARIO/A SERVICIOS MULTIPLES),Trucios-Turtzioz,Bizkaia,"Se ofrecen 2 puestos de trabajo de peón para Trucios con los siguientes requisitos imprescindibles: Experiencia mínima de 1 año en jardinería, limpieza, desbroce de caminos, conocimiento de maquinaria forestal, con carnet de conducir B1. Se valorara tener experiencia profesional en puesto similar y formación complementaria. Se ofrece jornada completa de 8:00 a 15:00",11/04/2024,162024003984,LABORAL TEMPORAL,,"PEONES DE HORTICULTURA, JARDINERÍA",Duración: 6 meses,,,"B-AUTOMOVIL <= 3.500 KG, ASIENTOS <=9, CON REMOLQUE <= 750 KG, Y TRICICLOS Y CUATRICICLOS DE MOTOR",Experiencia mínima: 1 año,1 año,,2,20
1,2024-04-14 10:34:56,MECANICO AUTOMOCION,Olaberria,Gipuzkoa,Buscamos MECÁNICO AUTOMOCIÓN que quiera superarse ante los retos de los nuevos motores y características de los vehículos. Que sea capaz de realizar diagnósticos y que tenga la experiencia para realizar reparaciones de cierta complejidad siempre con el más alto estándar de calidad. Imprescindible:  Voluntad de superación continua tanto profesional como personal  Gusto por el trabajo en equipo · Conocimientos y experiencia como mecánico  Certificado de discapacidad mínima 33%  Imprescindible: Carnet de conducir Se valorarán nociones de Informática. Contrato indefinido y jornada partida. Salario aproximado: 27.000 + primas,11/04/2024,162024003981,LABORAL INDEFINIDO,Discapacitados/as,"MECÁNICOS-AJUSTADORES DEL AUTOMÓVIL, EN GENERAL (TURISMOS Y FURGONETAS)",,,,"B-AUTOMOVIL <= 3.500 KG, ASIENTOS <=9, CON REMOLQUE <= 750 KG, Y TRICICLOS Y CUATRICICLOS DE MOTOR",Experiencia mínima: 1 mes,1 mes,,1,0
1,2024-04-14 10:34:56,PLANCHADOR-A INDUSTRIAL,Durango,Bizkaia,Para empresa del Duranguesado se necesita planchador planchadora industrial con experiencia.,11/04/2024,162024003980,LABORAL TEMPORAL,,OPERADORES DE MÁQUINAS PLANCHADORAS DE PRENDAS (LAVANDERÍA Y SIMILARES),,,,,Experiencia mínima: 6 meses,6 meses,,1,4
1,2024-04-14 10:34:56,ANIMADOR DE HOTEL,Zestoa,Gipuzkoa,Planificar y ejecutar programa de animación del hotel.  Requisitos imprescindibles: Disponibilidad inmediata.  Requisitos valorables: Experiencia demostrable,11/04/2024,162024003979,LABORAL TEMPORAL,,ANIMADORES TURÍSTICOS,,,,,,,,1,6
1,2024-04-14 10:34:56,GEROCULTOR/A,Zuia,Araba/Álava,Se precisa personal con titulación oficial para la atención de usuarios/as en residencia de personas mayores  REQUISITOS OBLIGATORIOS   Titulación Oficial  REQUISTOS VALORABLES   Euskera  Experiencia previa  SE OFRECE   Contrato indefinido  Jornada completa  incorporación inmediata,11/04/2024,162024003978,LABORAL INDEFINIDO,,"CUIDADORES DE PERSONAS CON DISCAPACIDAD Y/O DEPENDENCIA, EN INSTITUCIONES",Nº de puestos: 1,,,,Conocimientos FORMACIÓN REGLADA - CERTIFICADOS DE PROFESIONALIDAD Se debe estar en posesión de alguno de los siguientes títulos o certificados: Certificado profesionalidad SSCS0208 - ATENCIÓN SOCIOSANITARIA A PERSONAS DEPENDIENTES EN INSTITUCIONES SOCIALES TÉCNICO cuidados auxiliares de enfermería,,,1,3
1,2024-04-14 10:34:56,REPARTIDOR/A,Amurrio,Araba/Álava,Para reparto en furgoneta por la zona de Aiara. Contrato parcial de 6 horas al día. Incorporación inmediata,11/04/2024,162024003977,LABORAL TEMPORAL,,"CONDUCTORES DE FURGONETA, HASTA 3,5 T.",,,,"B-AUTOMOVIL <= 3.500 KG, ASIENTOS <=9, CON REMOLQUE <= 750 KG, Y TRICICLOS Y CUATRICICLOS DE MOTOR",Experiencia mínima: 1 año,1 año,,1,16
1,2024-04-14 10:34:56,GEROCULTOR/A,Elburgo/Burguelu,Araba/Álava,"Residencia de personas mayores necesita gerocultor/a para tareas propias del puesto Imprescindible: Carnet B1. Vehículo Titulación Contrato indefinido a jornada completa ( Turnos de mañana, tarde y noche) Incorporación inmediata",11/04/2024,162024003976,LABORAL INDEFINIDO,,AUXILIARES DE ENFERMERÍA DE GERIATRÍA,,,,"B-AUTOMOVIL <= 3.500 KG, ASIENTOS <=9, CON REMOLQUE <= 750 KG, Y TRICICLOS Y CUATRICICLOS DE MOTOR",Conocimientos FORMACIÓN REGLADA - CERTIFICADOS DE PROFESIONALIDAD Se debe estar en posesión de alguno de los siguientes títulos o certificados: Certificado profesionalidad SSCS0208 - ATENCIÓN SOCIOSANITARIA A PERSONAS DEPENDIENTES EN INSTITUCIONES SOCIALES TÉCNICO en Atención a Personas en Situación de Dependencia TÉCNICO cuidados auxiliares de enfermería,,,1,1
1,2024-04-14 10:34:56,COCINERO/A,Donostia/San Sebastián,Gipuzkoa,"SE PRECISA Cocinero para restaurante asiático en Donostia. REQUISITOS IMPRESCINDIBLES: experiencia mínima de 12 meses. SE VALORARA: Nivel alto de conocimiento de cocina vietnamita Nivel medio de conocimiento de cocina vasca conocimientos de lengua vietnamita. SE OFRECE contrato jornada completa, de 12:00 a 16:00 20:00 a 23:00 sueldo bruto aproximado 1500 Euros brutos incorporación inmediata.",11/04/2024,162024003975,LABORAL INDEFINIDO,,"COCINEROS, EN GENERAL",,,,,Experiencia mínima: 1 año,1 año,,1,0
1,2024-04-14 10:34:56,HERRERO/A,Etxebarri,Bizkaia,Empresa de Etxebarri precisa cubrir tres puestos de herrero/a para su incorporación inmediata.  FUNCIONES Fabricación o montaje de estructuras metálicas o colocación y reparación de persianas y puertas metálicas.  REQUISITOS IMPRESCINDIBLES Experiencia como herrero/a de al menos un año.  REQUISITOS A VALORAR Haber realizado el curso de prevención de riesgos laborales.,11/04/2024,162024003973,LABORAL INDEFINIDO,,"HERREROS FORJADORES, EN GENERAL",Nº de puestos: 3,,,,,,,3,6
1,2024-04-14 10:34:56,AGENTE DE TURISMO,Errenteria,Gipuzkoa,"Para trabajar en la oficina de información del espacio natural Listorreta-Barrengoloia. Apoyo administrativo al Director y Técnico del Departamento y atención a las Oficinas de Turismo. Requisitos imprescindibles: Formación: Prioridad a estudios en información turística, gestión comercial o módulo superior similar o Diplomatura/Grado en turismo. Experiencia de 3 meses en puesto similar. Idiomas: euskera C1, inglés y francés medio. Carnet B. Jornada de 37 horas/semana: Del 31 de mayo al 15 de septiembre J (8:30-14:00)/V-S-D y festivos (8:30-14:00-15:00-18:30) Del 16 al 30 de septiembre L (9-13.30) /J (8:30-14:00)/V-S-D y festivos (8:30-14:00-15:00-18:30). Salario 2160.59 brutos/mes x 14 pagas",11/04/2024,162024003972,LABORAL TEMPORAL,,TÉCNICOS DE INFORMACIÓN TURÍSTICA,,,,"B-AUTOMOVIL <= 3.500 KG, ASIENTOS <=9, CON REMOLQUE <= 750 KG, Y TRICICLOS Y CUATRICICLOS DE MOTOR",Experiencia mínima: 3 meses,3 meses,,1,6
1,2024-04-14 10:34:56,DOCENTE CERTIFICADO DE PROFESIONALIDAD ACTIVIDADES ADMINISTRATIVAS EN LA RELACION CON EL CLIENTE,Zumarraga,Gipuzkoa,"Se requiere: Titulación académica: Titulación de Grado Superior o Universitaria relacionada con Administración y Gestión de Informática y comunicaciones. · Experiencia laboral: de 2 años en el ámbito. · Competencia docente: necesario cumplir al menos uno de estos tres requisitos: o Certificado de Profesionalidad de Formador Ocupacional, CAP, Máster en Formación del Profesorado de Secundaria. o Licenciatura en Pedagogía, Psicopedagogía o de Maestro en cualquiera de sus especialidades.",11/04/2024,162024003971,LABORAL TEMPORAL,,PROFESORES TÉCNICOS DE FORMACIÓN PROFESIONAL (ADMINISTRACIÓN Y GESTIÓN),,,,,"NIVELES FORMATIVOS REQUERIDOS Desde Enseñanzas de grado superior de formación profesional específica y equivalentes, artes plásticas y diseño, y deportivas. Hasta ENSEÑANZAS UNIVERSITARIAS OFICIALES DE MÁSTER",,,1,10
1,2024-04-14 10:34:56,AYUDA DOMICILIARIA,Ordizia,Gipuzkoa,"TAREAS: ayuda en el mantenimiento del hogar.  IMPRESCINDIBLE: titulación certificado de profesionalidad en domicilio o equivalente, disponibilidad horario media jornada, habilidades y aptitudes para el puesto.  VALORABLE: vehículo propio e idiomas castellano y euskera.  OFRECEN: contrato temporal fin de obra, salario según convenio.",11/04/2024,162024003969,LABORAL TEMPORAL,,ASISTENTES DOMICILIARIOS,,,,,Conocimientos FORMACIÓN REGLADA - CERTIFICADOS DE PROFESIONALIDAD Se debe estar en posesión de alguno de los siguientes títulos o certificados: Certificado profesionalidad SSCS0108 - ATENCIÓN SOCIOSANITARIA A PERSONAS EN EL DOMICILIO Certificado profesionalidad SSCS0208 - ATENCIÓN SOCIOSANITARIA A PERSONAS DEPENDIENTES EN INSTITUCIONES SOCIALES TÉCNICO en Atención a Personas en Situación de Dependencia TÉCNICO cuidados auxiliares de enfermería,,,1,3
1,2024-04-14 10:34:56,DOCENTE CP ATENCION SOCIOSANITARIA A PERSONAS DEPENDIENTES EN INSTITUCIONES SOCIALES,Zumarraga,Gipuzkoa,"Deberá impartir el Certificado de Profesionalidad SSCSA208 ATENCION SOCIOSANITARIA A PERSONAS DEPENDIENTES EN INSTITUCIONES SOCIALES. Se requiere: Titulación académica (cualquiera de las siguientes): Psicología, Medicina, Terapia Ocupacional, Trabajo Social, Enfermería, Técnico Superior en Integración Social o Certificado de Profesionalidad de nivel 3 de la familia profesional: Servicios socioculturales y a la comunidad en el área de asistencia social. · Experiencia laboral: de 1 a 3 años (dependiendo de la titulación que presente) en el sector sociosanitario. · Competencia docente: necesario cumplir al menos uno de estos tres requisitos: o Certificado de Profesionalidad de Formador Ocupacional, CAP, Máster en Formación del Profesorado de Secundaria. o Licenciatura en Pedagogía, Psicopedagogía o de Maestro en cualquiera de sus especialidades.",11/04/2024,162024003968,LABORAL TEMPORAL,,PROFESORES TÉCNICOS DE FORMACIÓN PROFESIONAL (SANIDAD),,,,,"NIVELES FORMATIVOS REQUERIDOS Desde Enseñanzas de grado superior de formación profesional específica y equivalentes, artes plásticas y diseño, y deportivas. Hasta ENSEÑANZAS UNIVERSITARIAS OFICIALES DE MÁSTER",,,1,25
1,2024-04-14 10:34:56,AYUDANTE DE PSICÓLOGO/A,Irun,Gipuzkoa,"Se ofrece un puesto de ayudante en consulta de psicología, en Irún y Rentería. TAREAS: tareas de neurofeedback, ayudante de psicóloga en consulta de psicología infantil de Irún y Rentería. EZINBESTEKOA: orientación cognitivo-conductual. Euskera nivel superior. A VALORAR: formación en neurofeedback. Máster en terapia cognitivo-conductual. SE OFRECE: contrato temporal a media jornada. SALARIO: 11850,84 euros anuales (14 pagas). INCORPORACIÓN: mayo de 2024.",11/04/2024,162024003967,LABORAL TEMPORAL,,"PSICÓLOGOS, EN GENERAL",,,,,Idiomas requeridos EUSKERA Lectura SUPERIOR Escritura SUPERIOR Hablado SUPERIOR,,,1,9
1,2024-04-14 10:34:56,AYUDANTE DE CATERING,Donostia/San Sebastián,Gipuzkoa,"Se precisa ayudante de catering para los días de 4 y 5 junio para realizar labores de fregar, servir comida y bebida y ayudar a las cocineras y los cocineros. Requisitos imprescindibles: buena actitud hacia el trabajo y experiencia previa en hostelera de al menos 3 meses. Se valorará tener la carnet de manipulador de alimentos. Se ofrece jornada completa/parcial en horario variable.",11/04/2024,162024003966,LABORAL TEMPORAL,,PINCHES DE COCINA,,,,,Experiencia mínima: 3 meses,3 meses,,10,13
1,2024-04-14 10:34:56,CUADRISTA E INSTALADOR ELÉCTRICO MAQUINA HERRAMIENTA PARA EMPRESA DE ARRASATE,Arrasate/Mondragon,Gipuzkoa,"Se precisa cuadrista e instalador eléctrico máquina herramienta en Arrasate. Realización de cuadros eléctricos para máquina herramienta así como para realizar la instalación eléctrica en máquina herramienta. Se ofrece: jornada completa y salario según convenio, contrato indefinido. Imprescindible: título técnico en instalaciones electricas y automáticas o técnico superior en automatización y robótica industrial. Se valorará: experiencia. Incorporación: inmediata.",11/04/2024,162024003965,LABORAL TEMPORAL,,INSTALADORES ELECTRICISTAS INDUSTRIALES,,,,,Conocimientos FORMACIÓN REGLADA - CERTIFICADOS DE PROFESIONALIDAD Se debe estar en posesión de alguno de los siguientes títulos o certificados: TÉCNICO en Instalaciones Eléctricas y Automáticas TÉCNICO SUPERIOR en Automatización y Robótica Industrial,,,1,3
1,2024-04-14 10:34:56,PINCHE DE COCINA,Amurrio,Araba/Álava,"Elaboración de pintxos, platos combinados y bocadillos. Contrato a media jornada, en turnos de mañana y tarde. Incorporación en mayo/junio.",11/04/2024,162024003964,LABORAL TEMPORAL,,PINCHES DE COCINA,,,,,Experiencia mínima: 1 año,1 año,,1,0
1,2024-04-14 10:34:56,CONDUCTOR -REPARTIDOR,Basauri,Bizkaia,"La conducción de un vehículo perteneciente a la Empresa, desempeñando las siguientes funciones: carga, limpieza, descarga, aparta género, preparación de género y reparto. Requisitos imprescindibles: carnet de conducir C y CAP. Se valorará experiencia en reparto. Fecha de incorporación inmediata.",11/04/2024,162024003963,LABORAL TEMPORAL,,"CONDUCTORES DE FURGONETA, HASTA 3,5 T.",,,,"C - AUTOMÓVIL MASA MÁXIMA AUTORIZADA > 3.500 KG, ASIENTOS <=9",Conocimientos OTROS CONOCIMIENTOS Carnet: TARJETA CUALIFICACIÓN DEL CONDUCTOR (CAP MERCANCÍAS),,,1,12
1,2024-04-14 10:34:56,ENCARGADO DE OBRA,Donostia/San Sebastián,Gipuzkoa,"Para empresa de construcción con obras en las provincias de Bizkaia y Gipuzkoa se necesita un ENCARGADO DE OBRA con experiencia para la provincia de Gipuzkoa. Se ofrece contrato indefinido. Funciones Planificación, y coordinación de las obras asignadas en los aspectos técnicos y económicos, coordinando los recursos materiales y las personas conforme a las directrices de la dirección técnica y las estrategias y políticas establecidas por la empresa. COMPETENCIAS IMPRESCINDIBLES * Formación Técnica (Arquitectura Técnica/ Ingeniería Industrial o similar) o al menos 5 años de experiencia como encargado * Capacidad en liderar, organizar y supervisar equipo de construcción * Visión global del proceso de edificación. COMPETENCIAS VALORABLES Se valorará positivamente otras competencias como técnicas avanzadas de gestión u otras posibles",11/04/2024,162024003962,LABORAL INDEFINIDO,,"ENCARGADOS DE OBRA DE EDIFICACIÓN, EN GENERAL",,,,,Experiencia mínima: 3 años,3 años,,1,3
1,2024-04-14 10:34:56,JEFE DE OBRA,Donostia/San Sebastián,Gipuzkoa,"Para empresa de construcción con obras en la CAPV se necesita un JEFE DE OBRA con experiencia para la provincia de Gipuzkoa. Se ofrece contrato indefinido. Funciones Planificación, y coordinación de las obras asignadas en los aspectos técnicos y económicos, coordinando los recursos materiales y las personas conforme a las directrices de la dirección técnica y las estrategias y políticas establecidas por la empresa. COMPETENCIAS IMPRESCINDIBLES: * Formación Técnica (Arquitectura Técnica/ Ingeniería Industrial o similar) * Capacidad en liderar, organizar y supervisar equipo de construcción * Visión global del proceso de edificación. COMPETENCIAS VALORABLES Se valorará positivamente otras competencias como técnicas avanzadas de gestión u otras posibles.",11/04/2024,162024003960,LABORAL INDEFINIDO,,JEFES DE EQUIPO DE OBRA,,,,,Experiencia mínima: 3 años,3 años,,1,1
1,2024-04-14 10:34:56,JEFE DE OBRA,Amorebieta-Etxano,Bizkaia,"Para empresa de construcción con obras en la CAPV se necesita un JEFE DE OBRA con experiencia para la provincia de Bizkaia. Se ofrece contrato indefinido. Funciones Planificación, y coordinación de las obras asignadas en los aspectos técnicos y económicos, coordinando los recursos materiales y las personas conforme a las directrices de la dirección técnica y las estrategias y políticas establecidas por la empresa. COMPETENCIAS IMPRESCINDIBLES: * Formación Técnica (Arquitectura Técnica/ Ingeniería Industrial o similar) * Capacidad en liderar, organizar y supervisar equipo de construcción * Visión global del proceso de edificación. COMPETENCIAS VALORABLES Se valorará positivamente otras competencias como técnicas avanzadas de gestión u otras posibles.",11/04/2024,162024003959,LABORAL INDEFINIDO,,JEFES DE EQUIPO DE OBRA,,,,,Experiencia mínima: 3 años,3 años,,1,1
1,2024-04-14 10:34:56,ENFERMERO / ENFERMERA,Eibar,Gipuzkoa,"Enfermero / enfermera para sustituir una situación de baja maternal (jornada laboral al 100%) y posteriormente, hacer frente a las necesidades que puedan surgir en los puestos de enfermería de la residencia: vacaciones, incapacidades temporales, licencias... REQUISITO: Grado en Enfermería o equivalente. SE VALORARÁ: Euskera PL3 y experiencia laboral y formación en residencias de mayores. SE OFRECE: contrato de sustitución, horario de lunes a domingo, 1592 horas anuales. Salario bruto mensual aproximado: 2.420 euros.",11/04/2024,162024003958,LABORAL TEMPORAL,,ENFERMEROS DE CUIDADOS GENERALES,,,,,Conocimientos FORMACIÓN REGLADA - CERTIFICADOS DE PROFESIONALIDAD Se debe estar en posesión de alguno de los siguientes títulos o certificados: DIPLOMATURA en enfermería ENFERMERO ESPECIALISTA en Enfermería de CuidadosMédico-Quirúrgicos ENFERMERO ESPECIALISTA en Enfermería Familiar y Comunitaria ENFERMERO ESPECIALISTA en Enfermería Geriátrica ENFERMERO ESPECIALISTA en Enfermería Obstétrico-Ginecológica(Matrona) ENFERMERO ESPECIALISTA en Enfermería Pediátrica ENFERMERO ESPECIALISTA en Enfermería de Salud Mental ENFERMERO ESPECIALISTA en Enfermería del Trabajo GRADO en Enfermería,,,1,0
1,2024-04-14 10:34:56,TÉCNICO/A ÁREA SOCIAL CON DISCAPACIDAD PARA LEMOA,Lemoa,Bizkaia,"Detectar las necesidades en las medidas de apoyo para el trabajador/a. Asistir a los trabajadores /as en la incorporación al trabajo, asignación y aprendizaje de tareas. Mediar en posibles conflictos laborales. REQUISITOS IMPRESCINDIBLES:  Licenciatura /Grado en Psicólogía, Pedagogía, Psicopedagogía , Trabajo social , Educación social.  3 meses de experiencia.  DISCAPACIDAD ACREDITADA DE AL MENOS EL 33% Y/O INCAPACIDAD LABORAL. Se ofrece contrato indefinido con jornada partida de lunes a viernes. Salario anual bruto aproximado 18.000 euros. Fecha prevista de incorporación el 15 de mayo 2024",11/04/2024,162024003957,LABORAL INDEFINIDO,Discapacitados/as,"PSICÓLOGOS, EN GENERAL",,,,,Experiencia mínima: 3 meses,3 meses,,1,3
1,2024-04-14 10:34:56,MANICURISTA/PEDICURISTA,Donostia/San Sebastián,Gipuzkoa,Realizar manicuras y pedicuras semipermanentes. Requisitos imprescindibles: 6 meses de experiencia en la ocupación. Requisitos a valorar: Experiencia en uñas esculpidas. Se ofrece: Contrato temporal de 6 meses. Jornada parcial entre 20 h y 30 h. (mañana y tarde rotativo). Fecha prevista incorporación: 02/05/2024,11/04/2024,162024003956,LABORAL TEMPORAL,,MANICUROS Y/O PEDICUROS,,,,,Experiencia mínima: 6 meses,6 meses,,1,1
1,2024-04-14 10:34:56,GRUISTA,Donostia/San Sebastián,Gipuzkoa,Para empresa de construcción con obras en la CAPV se necesita un GRUISTA DE GRUA TORRE con experiencia para la provincia de Gipuzkoa. COMPETENCIAS IMPRESCINDIBLES * Carnet profesional de GRUISTA DE GRUA TORRE en vigor * Al menos 3 años de experiencia como gruísta en obras de construcción,11/04/2024,162024003955,LABORAL INDEFINIDO,,CONDUCTORES-OPERADORES DE GRÚA TORRE,,,,,Experiencia mínima: 3 años,3 años,,1,2
1,2024-04-14 10:34:56,GRUISTA,Amorebieta-Etxano,Bizkaia,Para empresa de construcción con obras en la CAPV se necesita un GRUISTA DE GRUA TORRE con experiencia para la provincia de Bizkaia. COMPETENCIAS IMPRESCINDIBLES * Carnet profesional de GRUISTA DE GRUA TORRE en vigor * Al menos 3 años de experiencia como gruísta en obras de construcción,11/04/2024,162024003954,LABORAL INDEFINIDO,,CONDUCTORES-OPERADORES DE GRÚA TORRE,,,,,Experiencia mínima: 3 años,3 años,,1,1
1,2024-04-14 10:34:56,CAMARERO/A,Maruri-Jatabe,Bizkaia,"CAMARERO/A DE BARRA Y DE MESA. CONTRATO 30 HORAS SEMANALES, LIBRANDO LOS SABADOS. REQUISITO IMPRESCINDIBLE: DISPONER VEHICULO",11/04/2024,162024003953,LABORAL TEMPORAL,,"CAMAREROS, EN GENERAL",Nº de puestos: 1,,,"B-AUTOMOVIL <= 3.500 KG, ASIENTOS <=9, CON REMOLQUE <= 750 KG, Y TRICICLOS Y CUATRICICLOS DE MOTOR","EXPERIENCIA Ocupación: CAMAREROS, EN GENERAL (12 Meses )",,,1,4
1,2024-04-14 10:34:56,CRISTALERO DE AUTOMOVIL,Mungia,Bizkaia,Cristalero del automóvil a jornada completa 8 horas de lunes a viernes. Requisito imprescindible: carnet de conducir,11/04/2024,162024003952,LABORAL INDEFINIDO,,INSTALADORES DE LUNAS/CRISTALES EN VEHÍCULOS,Nº de puestos: 2,,,"B-AUTOMOVIL <= 3.500 KG, ASIENTOS <=9, CON REMOLQUE <= 750 KG, Y TRICICLOS Y CUATRICICLOS DE MOTOR",,,,2,1
1,2024-04-14 10:34:56,COMERCIAL,Zarautz,Gipuzkoa,"Se precisa comercial para trabajar en la comarca UROLA KOSTA (UROLAKO KOMUNIKAZIO TALDEA) en la oficina de Zarautz. Se requiere, además de ser una persona dinámica y con habilidades sociales, contar con experiencia en el área comercial, el C1 Euskera, Carnet de conducir y vehículo propio. Se valorará tener conocimientos en el área de marketing y tener conocimientos de la comarca. Se ofrece contrato de sustitución de jornada completa, 40 horas semanales, con un sueldo fijo y sin comisiones. Incorporación prevista para el 22 de Abril del 2024.",11/04/2024,162024003950,LABORAL TEMPORAL,,AGENTES COMERCIALES,,,,"B-AUTOMOVIL <= 3.500 KG, ASIENTOS <=9, CON REMOLQUE <= 750 KG, Y TRICICLOS Y CUATRICICLOS DE MOTOR",Idiomas requeridos EUSKERA Lectura C1 - DOMINIO EFICAZ Escritura C1 - DOMINIO EFICAZ Hablado C1 - DOMINIO EFICAZ,,,1,5
1,2024-04-14 10:34:56,ENFERMERO/A,Castro-Urdiales,Cantabria,PARA RESIDENCIA EN CASTRO URDIALES CONTRATO DE INTERINIDAD.,11/04/2024,162024003949,LABORAL TEMPORAL,,ENFERMEROS ESPECIALISTAS EN ENFERMERÍA GERIÁTRICA,,,,,Experiencia mínima: 2 años,2 años,,1,2
1,2024-04-14 10:34:56,AYUDANTE DE COCINA Y AYUDANTE DE CAMARERO,Vitoria-Gasteiz,Araba/Álava,SE PRECISA: Un ayudante de cocina Requisitos Imprescindibles: Experiencia 2 años. Requisitos a valorar: Ganas de trabajar. Se ofrece: Contrato Indefinido y Jornada de 40 horas semanales. Salario mensual bruto aproximado 1500¿ Incorporación inmediata.,11/04/2024,162024003947,LABORAL INDEFINIDO,,PINCHES DE COCINA,,,,,Experiencia mínima: 2 años,2 años,,1,8
1,2024-04-14 10:34:56,ENFERMERO/A,Bilbao,Bizkaia,"Se precisa ENFERMERO/A no especialista para apoyo en tareas sanitarias en Bilbao y otros centros de Bizkaia. En dependencia de la Responsable de V.S. de Bizkaia, y siguiendo las directrices y procedimientos establecidos, se encargará de: Labores Sanitarias, Registro Administrativo y Realizar formaciones. IMPRESCINDIBLE: Diplomatura o Grado en Enfermería, Dominio de Euskera SE VALORARA: Experiencia de al menos un año SE OFRECE: Contrato Indefinido, jornada de 7:30 a 14:30 de Lunes a Viernes, 1 día a la semana turno partido de 7:30 a 17:00, incorporación inmediata, salario muy competitivo.",11/04/2024,162024003946,LABORAL INDEFINIDO,,ENFERMEROS DE CUIDADOS GENERALES,,,,,Conocimientos FORMACIÓN REGLADA - CERTIFICADOS DE PROFESIONALIDAD Se debe estar en posesión de alguno de los siguientes títulos o certificados: DIPLOMATURA en enfermería GRADO en Enfermería,,,1,4
1,2024-04-14 10:34:56,CONDUCTOR/A MERCANCÍAS PELIGROSAS,Laudio/Llodio,Araba/Álava,"Conductor/a nacional de mercancías peligrosas. Carga de mercancías en la localidad de Areta (Llodio) Candidatos/as preferentemente con residencia en Álava y Bizkaia.  IMPRESCINDIBLE Carnet de conducir C. Carnet de conducir mercancías peligrosas ADR en Cisterna.  VALORABLE Disponiblidad inmediata. Experiencia en puesto similar.  CONTRATO Inicialmente temporal de 6 meses. Opción de continuidad en la empresa.  SALARIO Según Convenio de transporte de Álava, categoría Conductor/a Nacional.  INCORPORACIÓN Inmediata.",11/04/2024,162024003945,LABORAL TEMPORAL,,CONDUCTORES DE CAMIÓN DE MERCANCÍAS PELIGROSAS,,,,"C - AUTOMÓVIL MASA MÁXIMA AUTORIZADA > 3.500 KG, ASIENTOS <=9","Conocimientos OTROS CONOCIMIENTOS Carnet: A.T. / ADR MERCANCÍAS PELIGROSAS EN CISTERNA Y SIMILARES, EXCEPTO EXPLOSIVOS Y RADIACTIVOS",,,1,3
1,2024-04-14 10:34:56,MEDICO / A,Bilbao,Bizkaia,"Se precisa un médico/a para prestar servicio en Bilbao y centros de Bizkaia. FUNCIONES: Colaborar con unidades de Vigilancia de la Salud, Tareas de apoyo en la realización de exámenes y pruebas médicas REQUISITOS: Titulación en medicina, conocimientos ofimática nivel usuario, Orientación al cliente y capacidad organizativa, Carnet B1 y Vehículo propio. SE VALORARA: Nivel alto Euskera, Experiencia en servicios de prevención ajenos, Experiencia en impartir formación, Especialidad Medicina del Trabajo SE OFRECE: Contrato indefinido, Jornada intensiva mañana y 1 día semana partida, Incorporación inmediata, Salario muy competitivo",11/04/2024,162024003944,LABORAL INDEFINIDO,,"MÉDICOS, MEDICINA GENERAL",Nº de puestos: 1,,,"B-AUTOMOVIL <= 3.500 KG, ASIENTOS <=9, CON REMOLQUE <= 750 KG, Y TRICICLOS Y CUATRICICLOS DE MOTOR",,,,1,0
1,2024-04-14 10:34:56,DEPENDIENTE / DEPENDIENTA,Donostia/San Sebastián,Gipuzkoa,"Se necesita una persona para trabajar en una relojería de Donostia, únicamente los sábados y cubrir vacaciones de verano. SE VALORARÁ: conocimiento de Euskera e Inglés. SE OFRECE: contrato indefinido para jornada y horario de sábados de 10 a 14 horas y de 16 a 20 horas, así como jornada parcial para sustitución de personal en vacaciones de verano. Remuneración a convenir.",11/04/2024,162024003943,LABORAL INDEFINIDO,,"DEPENDIENTES DE COMERCIO, EN GENERAL",,,,,Experiencia mínima: 1 año,1 año,,1,16
1,2024-04-14 10:34:56,ELECTRICISTA MEDIA TENSIÓN,Mungia,Bizkaia,MOLDEO Y DESMOLDEO. ACABADOS Y REPARACIONES DE TRANSFORMADORES DE MEDIA TENSIÓN. Experiencia en el puesto de 1 año. Discapacidad mínimo 33%. Carnet Grúa Puente. Carnet Carretilla Elevadora. Traspaleta y traspaleta trilateral. Ciclo superior Mecanica/electricidad.,11/04/2024,162024003942,LABORAL TEMPORAL,Discapacitados/as,"ELECTRICISTAS DE MANTENIMIENTO Y REPARACIÓN DE MOTORES, DINAMOS Y TRANSFORMADORES",Nº de puestos: 2,,,,Experiencia mínima: 1 año,1 año,,2,3
1,2024-04-14 10:34:56,AYUDANTE DE COCINA Y DE RECEPCIÓN,Oiartzun,Gipuzkoa,"Se ofrece dos puestos de ayudante de cocina y tareas ocasionales en recepción, en Oiartzun. TAREAS: ayuda en labores de cocina, dar desayunos, atender el servicio, vajilla, cuidar el buffet y clientes, limpiar hall y desayunos. Ocasionalmente estar en recepción y responder al tléfono. IMPRESCINDIBLE: 6 meses de experiencia previa como ayudante de cocina. Certificado de discapacidad. Inglés y euskera: nivel oral y de comprensión medio, castellano nivel alto. A VALORAR: francés nivel medio. SE OFRECE: contrato temporal a media jornada o jornada completa, según necesidad. SALARIO: según convenio. INCORPORACIÓN: 15 de junio de 2024.",11/04/2024,162024003940,LABORAL TEMPORAL,Discapacitados/as,PINCHES DE COCINA,,,,,Experiencia mínima: 6 meses,6 meses,,2,0
1,2024-04-14 10:34:56,OPERARIO/A ELECTROMECÁNICO/A,Errenteria,Gipuzkoa,"Para empresa ubicada en Errenteria. Tareas:Mantenimiento y rehabilitación electromecánico para maquinaria eléctrica-rotativa. Aerogeneradores, máquinas de corriente continua y alterna. Lavado, desmontaje etc. Requisitos imprescindibles: Actitud positiva y responsabilidad hacia el trabajo. Ganas de trabajar en talleres mecánicos, industriales¿ Requisitos valorables: Experiencia en puestos similares en talleres mecánicos, industriales¿ Se ofrece: Contrato indefinido con periodo de prueba de 15 días. Incorporación inmediata. Horario: de 07:00 a 15:30. Posibilidad de turnos diurnos según carga de trabajo. Salario según convenio metal.",11/04/2024,162024003939,LABORAL INDEFINIDO,,MECÁNICOS DE MANTENIMIENTO INDUSTRIAL,Nº de puestos: 2,,,,,,,2,21
1,2024-04-14 10:34:56,EMPLEADO-A HOGAR INTERNO-A,Hernani,Gipuzkoa,Para cuidar a la mujer de edad. Aunque es autónoma hay que controlar las medicinas y los alimentos. IMPRESCINDIBLE: Debe haber realizado el curso socio-sanitario. Y estar documentada.,11/04/2024,162024003938,LABORAL TEMPORAL,,"ASISTENTES, ACOMPAÑANTES DE PERSONAS",,,,,,,,1,10
1,2024-04-14 10:34:56,ESPECIALISTA PARA MONTAJE ELECTROMECÁNICO,Vitoria-Gasteiz,Araba/Álava,"Empresa de Vitoria-Gasteiz. Contrato relevo. Horario de Lunes a Viernes: 8:00 a 16:00. Sueldo: 1460 euros brutos (14 pagas). TAREAS: Montaje en mesa de trabajo con uso de herramientas. Interpretación de planos y de esquemas eléctricos. REQUISITOS IMPRESCINDIBLES: Goi-mailako prestakuntza mekatronikan edo antzekoetan (mantentze industriala, elektrizitatea...). Planoak eta eskema elektrikoak interpretatzeko ezagutzak. VALORABLE: Experiencia en el puesto",11/04/2024,162024003937,LABORAL INDEFINIDO,,"MONTADORES ELECTROMECÁNICOS, EN GENERAL",Nº de puestos: 1,,,,Conocimientos FORMACIÓN REGLADA - CERTIFICADOS DE PROFESIONALIDAD Se debe estar en posesión de alguno de los siguientes títulos o certificados: TÉCNICO SUPERIOR en Mecatrónica Industrial TÉCNICO SUPERIOR en Mantenimiento Electrónico TÉCNICO SUPERIOR en Sistemas Electrotécnicos y Automatizados,,,1,3
1,2024-04-14 10:34:56,MÉDICO/A,Basauri,Bizkaia,Residencia de tercera edad en Basauri ofrece puesto de médico/a.  Requisitos imprescindibles: permiso de trabajo y poseer la titulación de medicina.  Requisitos a valorar: Experiencia en tercera edad.  Se ofrece contrato indefinido de 5 horas/semana y sueldo bruto mensual de 450 euros.  Fecha de incorporación prevista: 24 de abril,11/04/2024,162024003934,LABORAL INDEFINIDO,,"MÉDICOS, MEDICINA GENERAL",Nº de puestos: 1,,,,Conocimientos FORMACIÓN REGLADA - CERTIFICADOS DE PROFESIONALIDAD Se debe estar en posesión de alguno de los siguientes títulos o certificados: Licenciaturas oficiales ENSEÑANZAS UNIVERSITARIAS DE GRADO,,,1,0
1,2024-04-14 10:34:56,AYUDANTE/A DE CAMARERO,Azkoitia,Gipuzkoa,Para tareas propias en bar los fines de semana y festivos. Imprescindible: experiencia en el puesto. A valorar: residencia cercana y disponibilidad.Sueldo:convenio.,11/04/2024,162024003917,LABORAL TEMPORAL,,"CAMAREROS, EN GENERAL",,,,,,,,1,4
1,2024-04-14 10:34:56,AYUDANTE DE COCINA,Azkoitia,Gipuzkoa,"Para preparar pintxos, bocadillos, platos combinados en un bar. Imprescindible: experiencia en el puesto. A valorar: residencia cercana y disponibilidad. Horario a convenir con la empresa pero la idea es trabajar los jueves, viernes, sábados, domingos y festivos en horario de 18 horas a 23 horas. Sueldo:convenio.",11/04/2024,162024003915,LABORAL TEMPORAL,,PINCHES DE COCINA,,,,,,,,1,2
1,2024-04-14 10:34:56,ENMASILLADOR/A - YESISTA,Ribera Baja/Erribera Beitia,Araba/Álava,"Para integrarse en el equipo de pintura de centro para fabricación de trenes ubicado en Rivabellosa (Álava). Funciones: Preparar superficies: limpiar, empapelar y lijar. Enmasillar y alisar grandes superficies. Enfoscar, jaharrar, fratasar y enlucir paramentos verticales y horizontales. Enyesar y enlucir paramentos interiores. Interpretar planos.  IMPRESCINDIBLE Experiencia de dos años realizando trabajos de yesista Titulación de Formación Profesional de Grado Medio o Grado Superior, o bien Certificado de Profesionalidad con especialidad industrial o relacionada con el sector.  CONTRATO Indefinido.  JORNADA Completa. Turnos rotativos de mañana tarde y noche.  SALARIO 27.000 euros anuales.  INCORPORACIÓN Inmediata.",11/04/2024,162024003616,LABORAL INDEFINIDO,,ENLUCIDORES-YESISTAS,,,,,Experiencia mínima: 2 años,2 años,,5,5
1,2024-04-14 10:34:56,LIMPIADOR CARRETILLERO,Andoain,Gipuzkoa,"Se ofrecen dos puestos de limpiador carretillero en Andoain. TAREAS: retirada de residuos y organización de almacén. SE OFRECE: contrato de 1 ò 2 meses con posibilidad de indefinido según valía, con horario de mañana o de tarde (8:00-15:00 ó 15:00-22:00). IMPRESCINDIBLE: experiencia previa de mínimo 6 meses en el puesto. Carnet de operador-conductor de carretilla elevadora. A VALORAR: vehículo propio. SALARIO: 1282,08euros mensuales. INCORPORACIÓN: abril o mayo.",11/04/2024,162024003585,LABORAL TEMPORAL,,PERSONAL DE LIMPIEZA O LIMPIADORES EN GENERAL,,,,,Experiencia mínima: 6 meses,6 meses,,2,18
1,2024-04-14 10:34:56,AGENTE TELEFÓNICO COMERCIAL CON EUSKERA,Donostia/San Sebastián,Gipuzkoa,"IMPRESCINDIBLE: experiencia en ventas y nivel alto de euskera. SE OFRECE: contrato eventual de 6 meses. JORNADA: 30 horas, de lunes a viernes en turnos rotativos de mañana y tarde, de 8:00 a 22:00 y dos sábados al mes, de 9:00 a 14:00 ho. SALARIO: 12700,80 euros/año más incentivos.",11/04/2024,162024002950,LABORAL TEMPORAL,,AGENTES COMERCIALES,,,,,Experiencia mínima: 1 mes,1 mes,,2,7
1,2024-04-14 10:34:56,ARQUITECTO/A JUNIOR,Valle De Trapaga-Trapagaran,Bizkaia,Empresa ubicada en Trapagaran precisa incorporar graduado/a universitario en Arquitectura para la validación de expedientes energéticos. Imprescindible: Grado en Arquitectura y residencia en las cercanías. Valorable: Euskera: B2 o superior Se ofrece contrato indefinido a jornada intensiva de mañana.,11/04/2024,162024002868,LABORAL INDEFINIDO,,ARQUITECTOS,,,,,Conocimientos FORMACIÓN REGLADA - CERTIFICADOS DE PROFESIONALIDAD Se debe estar en posesión de alguno de los siguientes títulos o certificados: ARQUITECTURA arquitecto GRADO en Arquitectura,,,1,6
1,2024-04-14 10:34:56,SOLDADOR/A,Iurreta,Bizkaia,"Se precisa SOLDADOR/A para empresa en Iurreta (Bizkaia). REQUISITOS: Certificado de minusvalía mínimo 33%. Se valorará experiencia como SOLDADOR/A de TIG de Tubería fina de 0,6mm INOX y/o formación relacionada. Disponibilidad para trabajar a relevos y trabajo nocturno. Permiso de conducir B1.",11/04/2024,162024002772,LABORAL TEMPORAL,Discapacitados/as,SOLDADORES POR TIG,,,,"B-AUTOMOVIL <= 3.500 KG, ASIENTOS <=9, CON REMOLQUE <= 750 KG, Y TRICICLOS Y CUATRICICLOS DE MOTOR",Conocimientos FORMACIÓN REGLADA - CERTIFICADOS DE PROFESIONALIDAD Se debe estar en posesión de alguno de los siguientes títulos o certificados: TÉCNICO soldadura y calderería,,,1,3
1,2024-04-14 10:34:56,DOS CAMARERO/AS,Bilbao,Bizkaia,"Se necesitan DOS CAMARERO/AS para empresa ubicada en Txurdinaga (Bilbao).  Se requiere persona con experiencia en este ámbito . ES IMPRESCINDIBLE UNA BUENA ACTITUD RESPECTO A SU TRABAJO Y RESPONSABILIDAD .  Los contratos que se ofrecen son a media jornada y a jornada completa . Salario mensual bruto aprox: 1683,13 euros/845,50 euros",11/04/2024,162024001340,LABORAL TEMPORAL,,"CAMAREROS, EN GENERAL",,,,,Experiencia mínima: 3 meses,3 meses,,1,85
1,2024-04-14 10:34:56,REPARTIDOR.,Idiazabal,Gipuzkoa,Se necesita chófer con reparto a Navarra y Donostialdea. Imprescindibles: Permisos de conducir C1 y C2 Carnet de carretillero. Se valorará tener vehículo propio y la capacidad para confeccionar PALET.,10/04/2024,162024003933,LABORAL INDEFINIDO,,"CONDUCTORES DE FURGONETA, HASTA 3,5 T.",,,,"C1+E-AUTOMÓVIL CLASE C1, CON REMOLQUE <= 12.000 KG",,,,1,3
1,2024-04-14 10:34:56,CAMARERO/A,Amurrio,Araba/Álava,Camarero/a para atender barra y terraza. Se ofrece contrato a jornada completa y a media jornada. Incorporación prevista en mayo/junio.,10/04/2024,162024003931,LABORAL TEMPORAL,,"CAMAREROS, EN GENERAL",,,,,Experiencia mínima: 1 año,1 año,,3,5
1,2024-04-14 10:34:56,CHOFER TRAILER,Amorebieta-Etxano,Bizkaia,Empresa de Amorebieta necesira CHOFER TRAILER cisterna volquete canteras. IMPRESCINDIBLE 15-20 MESES DE EXPERIENCIA DEMOSTRABLE TRABAJANDO CON TRAILER,10/04/2024,162024003930,LABORAL TEMPORAL,,"CONDUCTORES DE CAMIÓN, EN GENERAL",,,,"C+E-AUTOMÓVIL CLASE C, CON REMOLQUE > 750 KG",Experiencia mínima: 1 año y 3 meses,1 año y 3 meses,,1,10
1,2024-04-14 10:34:56,ASESOR/A DE SERVICIO POSTVENTA EN SECTOR AUTOMOCION,Donostia/San Sebastián,Gipuzkoa,"Se precisa Asesor.a de servicio postventa que quiera superarse y disfrute con el trato al cliente. Sus funciones serán: Atención y asesoramiento al cliente, gestión de citas, planificación de trabajos, preparación de la documentación, seguimiento del estado del estado e los vehículos, presupuestos.... Requisitos imprescindibles: capacidad de planificación, organización, reacción y adaptación al cambio. Clara orientación al cliente, dotes comunicativas, habilidades sociales y trabajo en equipo. Manejo avanzado de paquete offce, correo e internet. Nivel medio/alto de euskera, tanto hablado como escrito. Se valorarán conocimientos del motor",10/04/2024,162024003929,LABORAL INDEFINIDO,Discapacitados/as,"EMPLEADOS ADMINISTRATIVOS COMERCIALES, EN GENERAL",,,,"B-AUTOMOVIL <= 3.500 KG, ASIENTOS <=9, CON REMOLQUE <= 750 KG, Y TRICICLOS Y CUATRICICLOS DE MOTOR",,,,1,6
1,2024-04-14 10:34:56,AGENTES TELEFÓNICOS DE ATENCIÓN AL CLIENTE (NO VENTAS),Donostia/San Sebastián,Gipuzkoa,"Empresa radicada en Miramón-Donostia precisa contratar 10 Agentes para Atención telefónica a clientes. TAREAS A REALIZAR: Atención telefónica al cliente, gestión de llamadas, tareas administrativas, gestión de solicitudes y control y reporte de incidencias. REQUISITOS IMPRESCINDIBLES: Euskera alto a nivel de conversación, ofimática a nivel de usuario y mínimo de de 3 meses de experiencia acreditada en atención a clientes tanto presencial como telefónica. SE OFRECE: Incorporación inmediata, contrato estable de 30 horas semanales, a turnos rotativos de mañana y tarde más dos sábados alternos. Salario según convenio.",10/04/2024,162024003928,LABORAL TEMPORAL,,TELEOPERADORES,,,,,Experiencia mínima: 3 meses,3 meses,,10,15
1,2024-04-14 10:34:56,OPERADOR/A DE TRAFICO,Irun,Gipuzkoa,TAREA DE BUSQUEDA Y CARGA DE VEHICULOS. TRANSPORTE INTERNACIONAL. REQUISITOS IMPRESCINDIBLES: FRANCES E INGLES Y EXPERIENCIA MINIMA DE 6 MESES EN PUESTO. SE VALORARA LA DISPONIBILIDAD DE JORNADA COMPLETA. SE OFRECE CONTRATO DE 6 MESES CON POSIBILIDAD DE INDEFINIDO. JORNADA COMPLETA CON HORARIO A CONVENIR. INCORPORACION INMEDIATA Y SALARIO SEGUN CONVENIO.,10/04/2024,162024003927,LABORAL TEMPORAL,,"JEFES DE TRÁFICO EN EMPRESAS DE TRANSPORTE, EN GENERAL",Nº de puestos: 1,,,,Experiencia mínima: 6 meses,6 meses,,1,5
1,2024-04-14 10:34:56,FONTANERO/A,Zalla,Bizkaia,"Se precisa fontanero/a para empresa ubicada en Las Encartaciones, para realizar trabajos de fontanería y calefacción.  REQUISITOS IMPRESCINDIBLES: Experiencia de 3 años como fontanero oficial de primera, y estar en posesión del carnet de instalador autorizado.",10/04/2024,162024003926,LABORAL INDEFINIDO,,INSTALADORES DE CONDUCCIONES DE CALEFACCIÓN Y AGUA CALIENTE SANITARIA,,,,,Experiencia mínima: 3 años,3 años,,1,2
1,2024-04-14 10:34:56,ALBAÑIL OFICIAL DE PRIMERA,Sestao,Bizkaia,"Empresa de rehabilitación precisa de albañiles, categoría oficial 1. Los trabajos a realizar serían: alicatar, soldar tela asfáltica, tabicar, rasear, lucir... Experiencia 24 meses.  Requisitos valorables: Formación de PRL de 20h o nivel básico de 60h + 6h de albañilería  Tipo de contrato Indefinido",10/04/2024,162024003925,LABORAL INDEFINIDO,,ALBAÑILES,,,,,Experiencia mínima: 2 años,2 años,,1,15
1,2024-04-14 10:34:56,FACULTATIVO/A ESPECIALISTA MEDICINA DEL TRABAJO,Arrasate/Mondragon,Gipuzkoa,El Servicio Vasco de Salud Osakidetza necesita contratar especialista en medicina del trabajo. IMPRESCINDIBLE tener titulación de medicina y especialidad obtenida u homologada en España.,10/04/2024,162024003924,LABORAL TEMPORAL,,MÉDICOS ESPECIALISTAS EN MEDICINA DEL TRABAJO,Nº de puestos: 1,,,,Conocimientos FORMACIÓN REGLADA - CERTIFICADOS DE PROFESIONALIDAD Se debe estar en posesión de alguno de los siguientes títulos o certificados: Doctorado universitario - Medicina,,,1,1
1,2024-04-14 10:34:56,PUESTO DE JARDINERÍA EN BERRIZ,Berriz,Bizkaia,"REQUISITOS IMPRESCINDIBLES: CICLO FORMATIVO EN JARDINERIA Y FLORISTERIA, O EN PAISAJISMO Y MEDIO RURAL CONTRATO DE DURACIÓN 5 MESES JORNADA DE LUNES A VIERNES DE 7:00 A 14:00H INCORPORACIÓN INMEDIATA",10/04/2024,162024003922,LABORAL TEMPORAL,,"JARDINEROS, EN GENERAL",,,,,Conocimientos FORMACIÓN REGLADA - CERTIFICADOS DE PROFESIONALIDAD Se debe estar en posesión de alguno de los siguientes títulos o certificados: TÉCNICO SUPERIOR en Paisajismo y Medio Rural TÉCNICO en Jardinería y Floristería,,,1,20
1,2024-04-14 10:34:56,PERSONAL DE LIMPIEZA,Zuia,Araba/Álava,"Realización de las tareas propias de limpieza en residencia: habitaciones, baños, cambios de ropa, ventanas, balcones, mobiliario, vajilla, zonas comunes, etc. IMPRESCINDIBLE: experiencia. Se valorará vehículo. Contrato inicial de 6 meses con posibilidad de indefinido, jornada completa a turnos rotativos. Sueldo según convenio. Incorporación inmediata.",10/04/2024,162024003921,LABORAL INDEFINIDO,,PERSONAL DE LIMPIEZA O LIMPIADORES EN GENERAL,,,,"B-AUTOMOVIL <= 3.500 KG, ASIENTOS <=9, CON REMOLQUE <= 750 KG, Y TRICICLOS Y CUATRICICLOS DE MOTOR",Experiencia mínima: 2 meses,2 meses,,1,9
1,2024-04-14 10:34:56,CAMARERAO/A.,Arama,Gipuzkoa,Se necesita camarera o camarero para labores de barra y comedor. Ayudante de cocina.,10/04/2024,162024003913,LABORAL INDEFINIDO,,"CAMAREROS, EN GENERAL",,,,,,,,1,2
1,2024-04-14 10:34:56,PROFESOR/A DE INGLÉS Y ALEMÁN,Deba,Gipuzkoa,"Academia de idiomas necesita profesional para dar clases de Inglés y Alemán a alumnos a partir de 10 años. Imprescindible nivel C1 en Inglés y Alemán. Se valorará el ser nativo/a, examinador/a oficial y la experiencia con niños. La incorporación será en Septiembre 2024. Se ofrece contrato temporal de 10 meses (curso académico 2024-2025) 5 horas diarias.",10/04/2024,162024003912,LABORAL TEMPORAL,,"PROFESORES DE IDIOMAS, EN GENERAL",,,,,Idiomas requeridos ALEMAN Lectura C1 - DOMINIO EFICAZ Escritura C1 - DOMINIO EFICAZ Hablado C1 - DOMINIO EFICAZ INGLES Lectura C1 - DOMINIO EFICAZ Escritura C1 - DOMINIO EFICAZ Hablado C1 - DOMINIO EFICAZ,,,1,0
1,2024-04-14 10:34:56,AYUDANTE CAMARERO/A MESAS ( RESTAURANTE ),Bilbao,Bizkaia,AYUDANTE CAMARERO/A MESAS ( RESTAURANTE ) PARA CUBRIR VACACIONES.DURACIÓN 4 MESES. REQUISITOS IMPRESCINDIBLES: EXPERIENCIA DE 12 MESES. FECHA PREVISTA DE INCORPORACIÓN: 20 DE ABRIL.,10/04/2024,162024003911,LABORAL TEMPORAL,,CAMAREROS DE SALA O JEFES DE RANGO,,,,,Experiencia mínima: 1 año,1 año,,1,9
1,2024-04-14 10:34:56,PROFESOR/A DE INGLÉS Y FRANCÉS,Deba,Gipuzkoa,"Academia de idiomas necesita profesional para dar clases de Inglés y Francés a alumnos a partir de 10 años. Imprescindible nivel C1 en Inglés y Francés. Se valorará el ser nativo/a, examinador/a oficial y la experiencia con niños. La incorporación será en Septiembre 2024. Se ofrece contrato temporal de 10 meses (curso académico 2024-2025) 5 horas diarias.",10/04/2024,162024003909,LABORAL TEMPORAL,,"PROFESORES DE IDIOMAS, EN GENERAL",,,,,Idiomas requeridos FRANCES Lectura C1 - DOMINIO EFICAZ Escritura C1 - DOMINIO EFICAZ Hablado C1 - DOMINIO EFICAZ INGLES Lectura C1 - DOMINIO EFICAZ Escritura C1 - DOMINIO EFICAZ Hablado C1 - DOMINIO EFICAZ,,,1,1
1,2024-04-14 10:34:56,CAMARERA DE PISOS,Donostia/San Sebastián,Gipuzkoa,"Hotel ubicado en Donostia, necesita CAMARERA DE PISOS. IMPRESCINDIBLE. 1 año de experiencia en el puesto. OFRECE: contrato temporal, jornada parcial, incorporación para el mes de mayo.",10/04/2024,162024003908,LABORAL TEMPORAL,,CAMAREROS DE PISO (HOSTELERÍA),,,,,Experiencia mínima: 1 año,1 año,,1,22
1,2024-04-14 10:34:56,PROFESOR/A DE GUITARRA,Errenteria,Gipuzkoa,"Se ofrece una sustitución de profesor de guitarra en Errenteria. IMPRESCINDIBLE: titulación superior de guitarra. C1 euskera. SE OFRECE: Funcionario interino a jornada completa. Horario (26 horas presenciales): lunes de 15:40 a 20:30, martes de 14:00 a 20:20, miércoles de 15:40 a 20:40, jueves de 16:00 a 20:40 y viernes de 15:50 a 20:15. SALARIO: 3163,22 euros al mes. INCORPORACIÓN: inmediata.",10/04/2024,162024003907,LABORAL TEMPORAL,,"PROFESORES DE INSTRUMENTOS MUSICALES, EN GENERAL",,,,,Conocimientos FORMACIÓN REGLADA - CERTIFICADOS DE PROFESIONALIDAD Se debe estar en posesión de alguno de los siguientes títulos o certificados: Música OTROS CONOCIMIENTOS PROFESIONALES DE GUITARRA,,,1,0
1,2024-04-14 10:34:56,CAMARERO/A,Urduña/Orduña,Bizkaia,"Camarero/a para bar restaurante en hotel balneario. servicio de barra y restaurante. se valorará conocimientos del oficio, disponibilidad y residencia cercana al puesto de trabajo. Se ofrece jornada completa y contrato indefinido.",10/04/2024,162024003906,LABORAL INDEFINIDO,,"CAMAREROS, EN GENERAL",,,,,Experiencia mínima: 4 meses,4 meses,,1,8
1,2024-04-14 10:34:56,INFORMADOR - GUÍA DE TURISMO,Bermeo,Bizkaia,Información y visitas guiadas a los turistas que se acerquen a la localidad. IMPRESCINDIBLE: Educación Secundaria Obligatoria. C1 de euskera. VALORABLE: Grado en Turismo o equivalente. Capacidad de hablar francés. CONTRATO: temporal. Incorporación inmediata.,10/04/2024,162024003905,LABORAL TEMPORAL,,GUÍAS DE TURISMO,,,,,NIVELES FORMATIVOS REQUERIDOS Desde Primera etapa de educación secundaria con título de graduado escolar o equivalente. Hasta Doctorado universitario,,,1,5
1,2024-04-14 10:34:56,ADMINISTRACION-ALMACEN-GESTION DE STOCK,Lasarte-Oria,Gipuzkoa,"ALMACEN Manipulado y preparación de los pedidos (picking-packing). Organización del espacio de almacén y control de existencias. Gestión de entradas y salidas de producto. Recepción de pedidos de proveedores e introducción en el sistema.  ADMINISTRACION Elaboración de las etiquetas de entrega. Atención al cliente vía telefónica y vía correo electrónico. Resolución de incidencias. Cotejar pedidos y pagos. Dominio y destreza en el manejo de herramientas informáticas. Exquisito dominio del Castellano tanto hablado como escrito. Persona resolutiva, organizada, metódica y rigurosa.  Se ofrece:  Contrato temporal parcial. Jornada tardes de 14:30 a 18:30.  Salario: 9.000 euros brutos/año.  Incorporación inmediata",10/04/2024,162024003904,LABORAL TEMPORAL,,"EMPLEADOS ADMINISTRATIVOS DE CONTABILIDAD, EN GENERAL",,,,,Experiencia mínima: 1 año,1 año,,1,14
1,2024-04-14 10:34:56,ENFERMERO/A,Balmaseda,Bizkaia,Se necesita ENFERMERO/A para Residencia de Mayores en Balmaseda para cubrir las necesidades asistenciales y de cuidados de enfermería de los y las residentes y garantizar la seguridad y continuidad de sus cuidados. Imprescindible: Diplomatura/Grado en Enfermería. Valorable: residencia en el municipio o cercanías. Se ofrece contrato temporal a turnos de mañana y tarde (jornada flexible y negociable para compaginar con otros empleos) para cobertura de baja pero con posibilidad de continuar. Incorporación inmediata,10/04/2024,162024003903,LABORAL TEMPORAL,,ENFERMEROS DE CUIDADOS GENERALES,,,,,Conocimientos FORMACIÓN REGLADA - CERTIFICADOS DE PROFESIONALIDAD Se debe estar en posesión de alguno de los siguientes títulos o certificados: Diplomaturas oficiales - Enfermería y atención a enfermos (Programas que combinan cuidados de salud con cuidados sociales) ENSEÑANZAS UNIVERSITARIAS DE GRADO - Enfermería y atención a enfermos (Programas que combinan cuidados de salud con cuidados sociales),,,1,0
1,2024-04-14 10:34:56,AUXILIAR DE AYUDA A DOMICILIO,Lezo,Gipuzkoa,"Creación de una bolsa de trabajo para dar respuesta a las necesidades temporales surgidas en el servicio de ayuda a domicilio (SAD) del Ayuntamiento de Lezo. REQUISITOS INDISPENSABLES:  Título de Técnico en Cuidados Auxiliares de Enfermería o equivalente: Técnico Auxiliar en Clínica, Psiquiatría o Enfermería.  Título de Técnico en Atención a Personas en Situación de Dependencia.  Humanización: título de Técnico Superior en Integración Artística.  Certificado de Profesionalidad en Atención Sociosanitaria a Personas Dependientes en Instituciones Sociales.  Certificado de Profesionalidad en atención sociosanitaria a personas en el domicilio.  Perfil B2 de euskera o equivalente, o superar las pruebas que se realicen para acreditar el nivel de conocimiento del euskera. Se adjuntan las bases de la convocatoria. VALORABLE: Fase de valoración de méritos y currículum y fase de entrevista. SE OFRECE: Contrato según necesidades. Salario bruto mensual 2412,81 ¿",10/04/2024,162024003902,LABORAL TEMPORAL,,ASISTENTES DOMICILIARIOS,,,,,Conocimientos FORMACIÓN REGLADA - CERTIFICADOS DE PROFESIONALIDAD Se debe estar en posesión de alguno de los siguientes títulos o certificados: Certificado profesionalidad SSCS0108 - ATENCIÓN SOCIOSANITARIA A PERSONAS EN EL DOMICILIO Certificado profesionalidad SSCS0208 - ATENCIÓN SOCIOSANITARIA A PERSONAS DEPENDIENTES EN INSTITUCIONES SOCIALES TÉCNICO cuidados auxiliares de enfermería TÉCNICO SUPERIOR integración social,,,10,27
1,2024-04-14 10:34:56,EQUIPO GERENCIAL HOSTELERIA ZONA BILBAO,Bilbao,Bizkaia,"Gestion del equipo del restaurante, manejo de turnos, control de efectivo, objetivos de venta, control caducidad y temperatura productos, atencion a cliente en caja, sala, delivery, preparacion de productos (Hamburguesas, patatas, nuggets, etc). Se ofrece contrato indefinido en jornada parcial, turnos rotativos.  Imprescindible conocimientos gestión economica de un punto de venta, trabajo en equipo, etc.",10/04/2024,162024003901,LABORAL INDEFINIDO,,"GERENTES DE RESTAURANTE Y ESTABLECIMIENTOS SIMILARES, CON MENOS DE 10 ASALARIADOS",,,,,NIVELES FORMATIVOS REQUERIDOS Desde Primera etapa de educación secundaria con título de graduado escolar o equivalente. Hasta Doctorado universitario,,,5,14
1,2024-04-14 10:34:56,COCINERO/A,Getxo,Bizkaia,"Se busca cocinero/a para elaboración y presentación de platos. Imprescindible conocimientos básicos de cocina y 6 meses de experiencia. Contrato a media jornada de mañana o tarde los jueves, viernes, sábados y domingos.",10/04/2024,162024003900,LABORAL TEMPORAL,,"COCINEROS, EN GENERAL",,,,,Experiencia mínima: 6 meses,6 meses,,1,4
1,2024-04-14 10:34:56,PODADOR/A EN ALTURA( A PARTIR DE 20 METROS),Oiartzun,Gipuzkoa,"Se requiere podador/a. Tareas: podas en altura a través de ascensión con equipos de trepa para la poda de árboles forestales cercanas o tocantes de líneas eléctricas de alta tensión. Imprescindible: (A) carné/titulación/curso técnicas de trepa o equivalente, carné/titulación/curso en prevención de riesgos eléctricos, carné/titulación/curso trabajos en proximidad de líneas eléctricas, o en su defecto, (B) acreditación de experiencia superior a 3 años en el sector de la poda forestal en altura, concretamente en labores de poda en altura para limpieza y mantenimiento de líneas de tensión. Valorable: curso de técnicas de rescate en altura y francés (oral y escrito). Se ofrece contrato indefinido, salario:1300 euros netos x 13 pagas. Fecha de incorporación: 30/06/2024",10/04/2024,162024003899,LABORAL INDEFINIDO,,PODADORES Y/O MOTOSERRISTAS FORESTALES,,,,,Experiencia mínima: 3 años,3 años,,4,2
1,2024-04-14 10:34:56,PERSONAL LIMPIEZA DE COCINA/ SALA,Ayala/Aiara,Araba/Álava,"Se busca persona para limpiar en cocina y sala de un restaurante. Se necesita carnet de conducir y vehículo propio. Se valora experiencia previa en puestos similares y conocimientos de cocina. Se ofrece contrato indefinido, con horario de miércoles a domingo de 10:00 a 18:00 horas, salario 1400¿ neto/mes, incorporación inmediata.",10/04/2024,162024003897,LABORAL INDEFINIDO,,PERSONAL DE LIMPIEZA O LIMPIADORES EN GENERAL,,,,"B-AUTOMOVIL <= 3.500 KG, ASIENTOS <=9, CON REMOLQUE <= 750 KG, Y TRICICLOS Y CUATRICICLOS DE MOTOR",Experiencia mínima: 3 meses,3 meses,,1,3
1,2024-04-14 10:34:56,CONDUCTOR/A DE CAMIÓN RÍGIDO,Vitoria-Gasteiz,Araba/Álava,Rutas locales y nacionales  IMPRESCINDIBLE Carnet de conducir C. CAP mercancías. Tarjeta de tacógrafo  VALORABLE Experiencia ADR  CONTRATO Indefinido.  JORNADA Completa.  SALARIO 2.500 euros mensuales.  INCORPORACIÓN 31 de mayo de 2024.,10/04/2024,162024003896,LABORAL INDEFINIDO,,"CONDUCTORES DE CAMIÓN, EN GENERAL",,,,"C - AUTOMÓVIL MASA MÁXIMA AUTORIZADA > 3.500 KG, ASIENTOS <=9",Experiencia mínima: 3 meses,3 meses,,1,26
1,2024-04-14 10:34:56,AUXILIAR AYUDA DOMICILIO,Deba,Gipuzkoa,AUXILIAR AYUDA DOMICILIO para Deba. Domicilios en el centro y dos caseríos.  IMPRESCINDIBLE: Titulación sociosanitaria o certificado de profesionalidad. Vehículo propio.  A VALORAR: euskera.  CONTRATO: sustitución de vacaciones en abril. Indefinido a partir de Julio.  JORNADA: completa.  INCORPORACIÓN PREVISTA: 15/04/2024,10/04/2024,162024003894,LABORAL TEMPORAL,,ASISTENTES DOMICILIARIOS,,,,"B-AUTOMOVIL <= 3.500 KG, ASIENTOS <=9, CON REMOLQUE <= 750 KG, Y TRICICLOS Y CUATRICICLOS DE MOTOR",Conocimientos FORMACIÓN REGLADA - CERTIFICADOS DE PROFESIONALIDAD Se debe estar en posesión de alguno de los siguientes títulos o certificados: Certificado profesionalidad SSCS0108 - ATENCIÓN SOCIOSANITARIA A PERSONAS EN EL DOMICILIO Certificado profesionalidad SSCS0208 - ATENCIÓN SOCIOSANITARIA A PERSONAS DEPENDIENTES EN INSTITUCIONES SOCIALES TÉCNICO cuidados auxiliares de enfermería TÉCNICO en Atención a Personas en Situación de Dependencia,,,1,5
1,2024-04-14 10:34:56,AUXILIAR MONTAJE/DESMONTAJE DE EVENTOS,Vitoria-Gasteiz,Araba/Álava,"Tareas de montaje, iluminación, sonido, vídeo, escenarios e infraestructuras en eventos, conciertos y festivales. Conocimientos necesarios para el desempeño, así como buena actitud frente al trabajo. Experiencia en el sector, carnet de carretillero y disponibilidad horaria. Contrato temporal. Sueldo: 1333¿ brutos mensuales. Incorporación en junio",10/04/2024,162024003893,LABORAL TEMPORAL,,AYUDANTES DE REALIZACIÓN DE ESPECTÁCULOS,,,,,Conocimientos OTROS CONOCIMIENTOS OPERADOR-CONDUCTOR DE CARRETILLA ELEVADORA,,,30,7
1,2024-04-14 10:34:56,AUXILIAR ADMINISTRATIVO,Otxandio,Bizkaia,"Funciones: Digitalización de las funciones documentales del archivo municipal.  Introducción de datos en distintas aplicaciones informáticas Requisitos imprescindibles: Formación Profesional Básica, Certificados de profesionalidad, graduado en ESO (no pueden tener estudios superiores a éstos)  Ser mayor de 16 años y menor de 30 años.  Ser demandante de empleo en situación de alta en Lanbide-Servicio Vasco de Empleo.  Estar inscrito en el fichero del sistema de Garantía Juvenil  Euskera -Condiciones a Valorar:  IT txartela  Euskera C1",10/04/2024,162024003892,LABORAL TEMPORAL,,"EMPLEADOS ADMINISTRATIVOS, EN GENERAL",Nº de puestos: 1,Hasta 29 años,DESEMPLEADO-A,,NIVELES FORMATIVOS REQUERIDOS Desde Primera etapa de educación secundaria con título de graduado escolar o equivalente. Hasta Primera etapa de educación secundaria con título de graduado escolar o equivalente.,,,1,5
1,2024-04-14 10:34:56,PELUQUERA/O,Bilbao,Bizkaia,PELUQUERA/O CON EXPERIENCIA Y/O FORMACIÓN,10/04/2024,162024003891,LABORAL INDEFINIDO,,PELUQUEROS UNISEX,,,,,Experiencia mínima: 1 año,1 año,,1,3
1,2024-04-14 10:34:56,EMPLEADO/A DE ALMACÉN,Mungia,Bizkaia,"Encargase de controlar el flujo de existencias: conservación, control y expedición de mercancías y productos, recepción, custodia, control de calidad  IMPRESCINDIBLE: Experiencia en el puesto de 1 año. Discapacidad mínimo 33%. Carnet Grúa Puente. Carnet Carretilla Elevadora. Traspaleta y traspaleta trilateral. Ciclo superior Mecanica/electricidad.",10/04/2024,162024003889,LABORAL TEMPORAL,Discapacitados/as,TÉCNICOS EN GESTIÓN DE STOCKS Y/O ALMACÉN,Nº de puestos: 1,,,,Experiencia mínima: 1 año,1 año,,1,1
1,2024-04-14 10:34:56,TÉCNICO/A EN CONTROL DE PLAGAS,Vitoria-Gasteiz,Araba/Álava,"Desinfección, desinsectación, desratización, control de aves, legionella...",10/04/2024,162024003888,LABORAL INDEFINIDO,,TÉCNICOS EN PREVENCIÓN Y CONTROL DE PLAGAS,,,,,Conocimientos FORMACIÓN REGLADA - CERTIFICADOS DE PROFESIONALIDAD Se debe estar en posesión de alguno de los siguientes títulos o certificados: Certificado profesionalidad SEAG0110 - SERVICIOS PARA EL CONTROL DE PLAGAS,,,1,1
1,2024-04-14 10:34:56,PERSONAL DE FRUTERÍA,Salvatierra/Agurain,Araba/Álava,Se necesita personal para trabajar en frutería. Tipo de jornada: partida. Incorporación inmediata. Salario según convenio. Tipo de contrato: indefinido.,10/04/2024,162024003887,LABORAL INDEFINIDO,,DEPENDIENTES DE FRUTERÍA,,,,,,,,1,18
1,2024-04-14 10:34:56,FISIOTERAPEUTA,Bilbao,Bizkaia,"LABORES PROPIAS DEL PROFESIONAL. CONTRATO TEMPORAL,JORNADA PARTIDA.",10/04/2024,162024003886,LABORAL TEMPORAL,,"FISIOTERAPEUTAS, EN GENERAL",,,,,,,,1,0
1,2024-04-14 10:34:56,MONITOR/A GAZTELEKU,Berango,Bizkaia,"Se necesita un/a monitor/a con experiencia para el Gazteleku de Berango.  Fecha prevista de incorporación: Inmediata.  Sus funciones serán las siguientes:  -Elaborar anualmente el plan operativo (plan de actividades). -Petición de presupuestos para las actividades que lo requieran. -Elaborar informes técnicos y estadísticas. -Coordinación con el resto del equipo y centros. -Elaborar materiales de difusión del servicio.  Se Ofrece:  -Contrato indefinido. -Jornada parcial:12H/semana. Viernes: 19:30-21:00. Sábados 17:00-21:00.Domingos 17:00-19:30 + Trabajo oficina. -Salario: Según Convenio Intervención Social de Bizkaia. Categoría Monitor/a.  Requisitos imprescindibles: -Titulación de monitor/a de TL o formación equivalente en una de las siguientes materias: Animación sociocultural, pedagogía, educación social, magisterio o ciencias sociales. -Ega o Equivalente. -Conocimientos de informática -Conocimientos para la gestión de herramientas para la difusión.",10/04/2024,162024003885,LABORAL INDEFINIDO,,MONITORES SOCIO-CULTURALES,,,,,Experiencia mínima: 6 meses,6 meses,,1,9
1,2024-04-14 10:34:56,AUXILIAR DE FISIOTERAPIA,Bilbao,Bizkaia,PROFESIONAL QUE AYUDE AL PROFESIONAL FISIOTERAPEUTA EN TODAS LAS LABORES DE PRESTACION DE SERVICIO,10/04/2024,162024003882,LABORAL TEMPORAL,,AUXILIARES DE ENFERMERÍA EN REHABILITACIÓN,,,,,,,,1,24
1,2024-04-14 10:34:56,EXPENDEDOR GASOLINERA,Mungia,Bizkaia,Repostar vehículos y cobro de los repostajes. Requisitos imprescindibles: discapacidad reconocida de 33% o superior. Carnet de conducir,10/04/2024,162024003881,LABORAL TEMPORAL,Discapacitados/as,EXPENDEDORES DE COMBUSTIBLE,Nº de puestos: 1,,,,,,,1,16
1,2024-04-14 10:34:56,MONITOR/A PILATES,Bilbao,Bizkaia,IMPARTIR CLASES INDIVIDUALES Y GRUPALES,10/04/2024,162024003880,LABORAL TEMPORAL,,MONITORES DE AERÓBIC Y SIMILARES,,,,,Experiencia mínima: 1 año,1 año,,1,3
1,2024-04-14 10:34:56,OPERARIO DE LIMPIEZA DE TUBERIAS DE DESAGÜE,Vitoria-Gasteiz,Araba/Álava,"Limpieza y desatasco de redes de saneamiento (arquetas, depósitos y tuberías de desagüe), utilizando equipo de alta presión (camión cuba). Requisitos imprescindibles: Permiso de conducir tipo B. Leer y escribir. Requisitos a valorar: Experiencia. Tipo de contrato: sustituciones. Duración de l contrato: 2 meses. Jornada de 4 horas (tardes). Fecha prevista de incorporación: 22/04/2024. Salario bruto aproximado mensual: 775¿",10/04/2024,162024003879,LABORAL TEMPORAL,,PERSONAL DE LIMPIEZA O LIMPIADORES EN GENERAL,,,,"B-AUTOMOVIL <= 3.500 KG, ASIENTOS <=9, CON REMOLQUE <= 750 KG, Y TRICICLOS Y CUATRICICLOS DE MOTOR",,,,1,8
1,2024-04-14 10:34:56,TÉCNICO/A PRL,Erandio,Bizkaia,"TÉCNICOS EN SEGURIDAD Y SALUD EN EL TRABAJO en centro de trabajo del cliente, gestionando la coordinación de actividades empresariales de obra. Carrera universitaria o titulo superior. con las 3 especialidades. Residencia en la provincia",10/04/2024,162024003877,LABORAL INDEFINIDO,,"TÉCNICOS EN SEGURIDAD Y SALUD EN EL TRABAJO, EN GENERAL",,,,"B-AUTOMOVIL <= 3.500 KG, ASIENTOS <=9, CON REMOLQUE <= 750 KG, Y TRICICLOS Y CUATRICICLOS DE MOTOR",Experiencia mínima: 6 meses,6 meses,,1,6
1,2024-04-14 10:34:56,GUÍA MONITOR/A PARA VISITAS EDUCATIVAS,Bilbao,Bizkaia,Se necesita un/a Guía Monitor/a Itinerante con experiencia para visitas educativas en exploraciones agrarias.  Sus funciones serán las siguientes:  -Preparación y ejecución de visitas educativas y de sus materiales de apoyo. -Gestión de valoraciones del programa.  Fecha prevista de incorporación: Inmediata.  Se Ofrece:  -Contrato por sustitución -Jornada: 7h diarias.  Salario según Convenio Intervención Social de Bizkaia Grupo 3.  Requisitos imprescindibles:  -Formación técnica media o superior en el ámbito agropecuario y/o medioambiental. -Experiencia mínima de 2 anualidades en trabajos de divulgación que incluyan monitorización de grupos. -C1 euskera.  Requisitos a valorar:  -Experiencia en educación medio ambiental. -Experiencia en el desarrollado de talleres y/o visitas educativas con escolares. -Carné de conducir.,10/04/2024,162024003876,LABORAL TEMPORAL,,GUÍAS DE TURISMO,,,,,Experiencia mínima: 2 años,2 años,,1,4
1,2024-04-14 10:34:56,DINAMIZADOR/A,Zarautz,Gipuzkoa,"Se necesita un/a dinamizador/a con experiencia para trabajar en la casa de la mujer de Zarautz.  Fecha prevista de incorporación: Mediados del mes de junio.  Sus funciones serán las siguientes:  -Atención a las mujeres. -Información y asesoramiento. -Planificación y gestión de actividades. -Otras tareas propias de la casa de la mujer.  Se Ofrece:  -Contrato indefinido. -Jornada completa: Lunes a viernes de 10:30 a 13:30 y de 15:00 a 19:00. -Horario en julio: de 9:00 a 16:00 (o de 8:00 a 15:00). -Salario mensual bruto mensual aproximado: 1950 euros (14 pagas)  Requisitos imprescindibles:  -Diplomatura, licenciatura o formación de grado universitario. -Formación en igualdad 150 horas. -Experiencia en trabajos relacionados con la igualdad y/o la violencia machista. -Euskera C1.",10/04/2024,162024003875,LABORAL INDEFINIDO,,PROMOTORES DE IGUALDAD DE OPORTUNIDADES ENTRE MUJERES Y HOMBRES,,,,,Experiencia mínima: 6 meses,6 meses,,1,20
1,2024-04-14 10:34:56,SONDISTA,Zamudio,Bizkaia,Requisitos imprescindibles: experiencia en ejecución de sondeos y permiso de conducir B. Requisitos a valorar: permiso C de conducción de camiones. Contrato indefinido. Jornada completa. Fecha prevista de incorporación: 06/05/2024,10/04/2024,162024003874,LABORAL INDEFINIDO,,TÉCNICOS EN SONDEOS (CONSTRUCCIÓN),,,,"B-AUTOMOVIL <= 3.500 KG, ASIENTOS <=9, CON REMOLQUE <= 750 KG, Y TRICICLOS Y CUATRICICLOS DE MOTOR",Experiencia mínima: 1 mes,1 mes,,1,1
1,2024-04-14 10:34:56,TÉCNICO/A DE OBRA PRL,Madrid,Madrid,"Desde Grupo Alliance, seleccionamos para Empresa dedicada a la Retirada y Sustitución de materiales con Amianto en España y situada en Madrid, un técnico con grado medio o superior. Para el puesto de TECNICO DE PREVENCIÓN, mínimo con 2 años de experiencia preferentemente en obra/Construcción. Funciones:  Colaboración en la redacción de Planes de Trabajo y Plan de Seguridad.  Ser el Técnico de PRL de la empresa. SE OFRECE: Contrato Indefinido. Incorporación inmediata. Salario a negociar según valía y experiencia. Imprescindible: Master PRL en las tres especialidades. Disponibilidad geográfica para viajar por España. Carnet de conducir. Nivel Ingles hablado y escrito: Medio.",10/04/2024,162024003873,LABORAL INDEFINIDO,,"TÉCNICOS EN SEGURIDAD Y SALUD EN EL TRABAJO, EN GENERAL",,,,,Experiencia mínima: 2 años,2 años,,1,1
1,2024-04-14 10:34:56,OFICIAL DE PRIMERA-CARPINTERO/A,Barrika,Bizkaia,"Empresa ubicada en Erandio precisa incorporar un carpintero/a-oficial de primera para realizar trabajos de carpintería en general, principalmente en obra. Se requiere 10 años de experiencia en colocación de suelos, puertas y rodapiés. Se valorará contar con el carnet de conducir B. Se ofrece contrato laboral a jornada partida. Salario según convenio.",10/04/2024,162024003871,LABORAL TEMPORAL,,CARPINTEROS EN GENERAL,,,,,Experiencia mínima: 10 años,10 años,,1,4
1,2024-04-14 10:34:56,ADMINISTRACIÓN Y GESTIÓN,Durango,Bizkaia,"Se precisa personal de ADMINISTRACIÓN y GESTIÓN para empresa Cooperativa. REQUISITOS: Experiencia en puestos similares y con conocimientos del ámbito laboral. Nivel de euskera alto, manejo de MS Office Excel. Permiso de conducir B1. SE OFRECE: Incorporación en mayo de 2024. Contrato temporal. Contrato a tiempo parcial.",10/04/2024,162024003870,LABORAL TEMPORAL,,GESTORES ADMINISTRATIVOS TITULADOS,,,,"B-AUTOMOVIL <= 3.500 KG, ASIENTOS <=9, CON REMOLQUE <= 750 KG, Y TRICICLOS Y CUATRICICLOS DE MOTOR",Conocimientos OTROS CONOCIMIENTOS MICROSOFT EXCEL,,,1,17
1,2024-04-14 10:34:56,TELEOPERADOR/A EMISION LLAMADAS AUTOMOCION,Bilbao,Bizkaia,"Empresa de Telemarketing para el sector Automoción en proceso de expansión, precisa incorporar en plantilla, Teleoperadores/as para el desarrollo de nuevas líneas de negocio dentro del sector Automoción. Dependiendo directamente de la Dirección, su misión será la de prospectar BBDD de empresas, GGCC, PYMES y Autónomos, para el cierre de concertación de citas comerciales para la cartera actual de clientes. El puesto de trabajo sería en la oficina ubicada en Bilbao. Se valorará positivamente la experiencia en plataformas de telemarketing. ¿ Buscamos personas con marcado perfil comercial, iniciativa, buenas dotes comunicativas y capacidad de trabajo. Formación a cargo de la empresa ¿ Experiencia: mínima de 1 año en puestos similares en contact center en emisión de llamadas, habituado a trabajar por objetivos ¿ Imprescindible buen conocimiento en herramientas ofimáticas. Paquete Office. Se ofrece contrato indefinido a tiempo parcial de lunes a viernes en horario de mañana.",10/04/2024,162024003869,LABORAL INDEFINIDO,,TELEOPERADORES,Nº de puestos: 6,,,,Experiencia mínima: 1 año,1 año,,6,20
1,2024-04-14 10:34:56,CONDUCTOR/A CAMIÓN RÍGIDO,Vitoria-Gasteiz,Araba/Álava,"Se necesita un conductor/a con experiencia, carnet C y CAP de mercancías para realizar una ruta de lunes a viernes.  IMPRESCINDIBLE Experiencia como conductor/a de camión. Carnet de conducir C. CAP mercancías. Tarjeta de tacógrafo.  CONTRATO Temporal de 4 meses de duración.  JORNADA Completa de lunes a viernes.  SALARIO 1.6000 euros mensuales.  INCORPORACIÓN Inmediata.",10/04/2024,162024003843,LABORAL TEMPORAL,,"CONDUCTORES DE CAMIÓN, EN GENERAL",,,,"C - AUTOMÓVIL MASA MÁXIMA AUTORIZADA > 3.500 KG, ASIENTOS <=9",Experiencia mínima: 6 meses,6 meses,,1,11
1,2024-04-14 10:34:56,MECÁNICO-A REPARADORES DE MAQUINARIA AGRÍCOLA,Derio,Bizkaia,"Funciones MECÁNICOS REPARADORES DE MAQUINARIA AGRÍCOLA, JARDINERIA. TRABAJO PRIORITARIAMENTE EN TALLER PERO EN OCASIONES IR A CASA CLIENTE.  Requisitos CFGM O CFG AUTOMOCIÓN. experiencia",10/04/2024,162024003768,LABORAL INDEFINIDO,,"MECÁNICOS REPARADORES DE MAQUINARIA AGRÍCOLA, EN GENERAL",,,,,Experiencia mínima: 6 meses,6 meses,,1,0
1,2024-04-14 10:34:56,COMERCIAL EXPORTACIÓN,Urnieta,Gipuzkoa,"Técnico comercial en exportación y exposición: atender a los clientes profesionales y particulares que acuden a la exposición labores comerciales y administrativas: búsqueda de clientes, presentación de la empresa, ofertas, seguimiento comercial, realización de pedidos y seguimiento de los mismos. Trabajo en las instalaciones de Urnieta y 2 días a la semana desplazamiento a la zona francesa sin pernoctación. REQUISITOS IMPRESCINDIBLES: Vehículo propio y dominio del idioma francés. SE OFRECE: Contrato indefinido. Jornada completa. Fecha prevista de incorporación: Mayo 2024",10/04/2024,162024003732,LABORAL INDEFINIDO,,AGENTES COMERCIALES,,,,,Idiomas requeridos FRANCES Lectura SUPERIOR Escritura SUPERIOR Hablado SUPERIOR,,,1,6
1,2024-04-14 10:34:56,AUXILIAR DE AYUDA A DOMICILIO,Hondarribia,Gipuzkoa,"Empresa de servicios selecciona Auxiliar para Servicio de Ayuda a Domicilio en Hondarribia. Las funciones a realizar serán de atención en el propio domicilio a las personas usuarias, siguiendo las pautas de actuación y atendiendo a lo establecido por la coordinación del servicio. Se ofrece contrato temporal de un mes, prorrogable. 20 horas a la semana, horario de lunes a domingo entre las 08:00 y las 13:00 y las 16:00 y las 20:00, según necesidad de las personas usuarias y con los descansos correspondientes. Salario según convenio SAD Hondarribia. Requisitos imprescindibles: cualquiera de las siguientes titulaciones: Certificado de profesionalidad de atención sociosanitaria a personas dependientes en domicilios o instituciones sociales, Técnico/a en cuidados auxiliares de enfermería, Técnico/a en atención a personas en situación de dependencia, Habilitación excepcional. Vehículo propio. Muy valorable nivel alto de euskera. Incorporación: inmediata",10/04/2024,162024003730,LABORAL TEMPORAL,,ASISTENTES DOMICILIARIOS,,,,"B-AUTOMOVIL <= 3.500 KG, ASIENTOS <=9, CON REMOLQUE <= 750 KG, Y TRICICLOS Y CUATRICICLOS DE MOTOR",Experiencia mínima: 6 meses,6 meses,,1,1
1,2024-04-14 10:34:56,LIMPIADOR/A,Errenteria,Gipuzkoa,"Se ofrecen dos puestos de limpiador/a para la zona de Oarsoaldea e Irún. TAREAS: limpieza e higienización de suelos y superficies a diferentes clientes. IMPRESCINDIBLE: experiencia previa en el puesto de mínimo 6 meses. A VALORAR: vehículo propio. SE OFRECE: contrato temporal de 1 ó 2 meses con posibilidad de indefinido según valía, con horario de mañana o de tarde (7:00-15:00 ó 15:00-22:00). SALARIO: Según convenio. INCORPORACIÓN: abril o mayo de 2024.",10/04/2024,162024003584,LABORAL TEMPORAL,,PERSONAL DE LIMPIEZA O LIMPIADORES EN GENERAL,,,,,Experiencia mínima: 6 meses,6 meses,,3,43
1,2024-04-14 10:34:56,PROFESOR-A FB ESTÉTICA,Bilbao,Bizkaia,Funciones PROFESOR-A FB estética  Requisitos Experiencia como esteticien y CP Docencia o CAP.,10/04/2024,162024003481,LABORAL TEMPORAL,,PROFESORES TÉCNICOS DE FORMACIÓN PROFESIONAL (IMAGEN PERSONAL),,,,,Experiencia mínima: 6 meses,6 meses,,1,6
1,2024-04-14 10:34:56,ALMACENERO/A,Vitoria-Gasteiz,Araba/Álava,Tareas relacionadas con la gestión de almacén. Recepción y control de la mercancía. Preparación de envíos almacén. Horario:  Lunes 17:30-21:30  Martes a viernes: 05:30-8:30 y 17:30 a 21:30 IMPRESCINDIBLE:  Manejo de carretilla elevadora.,10/04/2024,162024003305,LABORAL TEMPORAL,,"MOZOS DE CARGA Y DESCARGA, ALMACÉN Y/O MERCADO DE ABASTOS",,,,"B+E-AUTOMÓVIL CLASE B, CON REMOLQUE <= 3.500 KG",Experiencia mínima: 4 años,4 años,,1,30
1,2024-04-14 10:34:56,ADMINISTRATIVO/A,Bilbao,Bizkaia,"Oficial 1º administrativa/o. Imprescindible Formación de Grado Superior o FP II de Administrativo. Euskera nivel C1. Conocimientos de Ofimática. Oficina Bilbao. Horario: Lunes de 12:30 a 21:00 horas. Martes, Miércoles Y Jueves: de 10:30 a 19:00 Viernes: de 09:00 a 15:00 horas.",10/04/2024,162024003256,LABORAL INDEFINIDO,,"TÉCNICOS ADMINISTRATIVOS, EN GENERAL",,,,,Conocimientos FORMACIÓN REGLADA - CERTIFICADOS DE PROFESIONALIDAD Se debe estar en posesión de alguno de los siguientes títulos o certificados: TÉCNICO SUPERIOR administracion y finanzas OTROS CONOCIMIENTOS MICROSOFT OFFICE,,,1,21
1,2024-04-14 10:34:56,RECECIONISTA DE HOTEL,Sondika,Bizkaia,"Recepcionista de hotel: Funciones: Real         Funciones: Realizar Check-In y Check-Out. Atención telefónica, personal y correo electrónico. Tramitar la reserva de habitaciones. Elaboración de la documentación necesaria para el funcionamiento del departamento. Imprescindible Inglés nivel B2, carnet de conducir, experiencia en puesto similar al menos 6 meses . Jornada de 40 horas semanales rotativo en 3 turnos. Salario según convenio de hostelería",10/04/2024,162024002849,LABORAL INDEFINIDO,,RECEPCIONISTAS DE HOTEL,,,,"B-AUTOMOVIL <= 3.500 KG, ASIENTOS <=9, CON REMOLQUE <= 750 KG, Y TRICICLOS Y CUATRICICLOS DE MOTOR",Experiencia mínima: 6 meses,6 meses,,1,10
1,2024-04-14 10:34:56,CONTABLE,Amorebieta-Etxano,Bizkaia,Requisitos imprescindibles: Licenciatura/Grado Universitario en Administración y Dirección de Empresas o similar. Experiencia en el puesto.  Requisitos a valorar: Conocimientos de inglés y del programa informático SAP Bussiness One -Funciones: Contabilización de facturas de clientela y supervisión completa del proceso de facturación. Contabilización de facturas de compras de proveedores. Realizar la contabilidad y conciliación bancaria. Contabilización de gastos de viaje. Conciliación bancaria. Reclamación de pagos. Etc. -Tipo de contrato y jornada: Indefinido a jornada completa,10/04/2024,162024002675,LABORAL INDEFINIDO,,"EMPLEADOS ADMINISTRATIVOS DE CONTABILIDAD, EN GENERAL",,,,,Experiencia mínima: 1 año,1 año,,1,20
1,2024-04-14 10:34:56,MEDICO/A,Barakaldo,Bizkaia,"Empresa de servicios selecciona médico/a para trabajar en nuestra Residencia de Mayores de Barakaldo. Responsabilidades: Proporcionar asistencia médica (diagnóstico e intervención) y tratamiento de las enfermedades de los/as usuarios/as, elaborar programas de medicina preventiva, asistenciales y de rehabilitación. Coordinación y comunicación con las familias. SE OFRECE contrato indefinido a jornada completa (35 horas a la semana) de lunes a viernes en horario a convenir. Posibilidad de realizar menos horas semanales (mínimo 20 horas. Incorporación inmediata. REQUISITOS IMPRESCINDIBLES Licenciatura y/o grado en Medicina. REQUISITOS A VALORAR: Formación en geriatría Manejo de Resiplus Valorable un año de experiencia en puesto similar. Salario mensual según convenio",10/04/2024,162024002654,LABORAL INDEFINIDO,,"MÉDICOS, MEDICINA GENERAL",,,,,Conocimientos FORMACIÓN REGLADA - CERTIFICADOS DE PROFESIONALIDAD Se debe estar en posesión de alguno de los siguientes títulos o certificados: LICENCIATURA en medicina GRADO en Medicina,,,1,3
1,2024-04-14 10:34:56,TECNICO/A APLICADOR. CONTROL DE PLAGAS,Leioa,Bizkaia,"Se solicita técnico aplicador para empresa de control de plagas, con base en Getxo y actuaciones en Bizkaia y provincias limítrofes. Experiencia en control de plagas urbanas (a valorar ). Se valorará muy positivamente conocimientos en Legionella y madera. Requisitos imprescindibles: CP NIVEL 2 Servicios para el control de plagas (SEAG0110). Carné de conducir tipo B. Vehículo a cargo de la empresa. Se valorará carné de legionella y TP8 (Capacitación de aplicadores biocidas ). Se ofrece contrato temporal con opción a indefinido con horario de lunes a viernes de 08:30 a 16:30 horas. Salario según convenio. Incorporación inmediata.",10/04/2024,162024001708,LABORAL TEMPORAL,,TÉCNICOS EN PREVENCIÓN Y CONTROL DE PLAGAS,,,,"B-AUTOMOVIL <= 3.500 KG, ASIENTOS <=9, CON REMOLQUE <= 750 KG, Y TRICICLOS Y CUATRICICLOS DE MOTOR",Conocimientos FORMACIÓN REGLADA - CERTIFICADOS DE PROFESIONALIDAD Se debe estar en posesión de alguno de los siguientes títulos o certificados: Certificado profesionalidad SEAG0110 - SERVICIOS PARA EL CONTROL DE PLAGAS,,,1,7
1,2024-04-14 10:34:56,LIMPIADOR/A,Deba,Gipuzkoa,"Empresa de servicios selecciona limpiador/a para centro de formación en Deba. Se ofrece contrato fijo-discontinuo de Septiembre a Junio, a jornada parcial, en horario de lunes a viernes de 15:30 a 22:00. Imprescindible experiencia reciente y estar en posesión del certificado de discapacidad igual o superior al 33%. Valorable residencia en la zona. Salario 21500euros brutos por jornada completa.",10/04/2024,162024001375,LABORAL INDEFINIDO,Discapacitados/as,PERSONAL DE LIMPIEZA O LIMPIADORES EN GENERAL,,,,,Experiencia mínima: 2 años,2 años,,1,12
1,2024-04-14 10:34:56,ATENCIÓN SOCIOSANITARIA A PERSONAS EN RESIDENCIA,Vitoria-Gasteiz,Araba/Álava,"DESCRIPCIÓN Atención y cuidado a ancianos en ámbito residencial.  REQUISITOS IMPRESCINDIBLES Encontrarse inscrito en Lanbide en situación de desempleo. Pertenecer a alguno de los colectivos especiales contemplados en la Ley 44/2007 o del Decreto 162/2023. No haber trabajado en empresa de inserción en los dos últimos años. No haber finalizado un contrato indefinido en los últimos tres meses. Título de auxiliar de enfermería o Certificado de Profesionalidad de cuidado de personas en instituciones.  CONTRATO Temporal. Duración: Un año.  JORNADA Completa, a turnos.  SALARIO Según Convenio.  INCORPORACIÓN Inmediata.",10/04/2024,162023010386,LABORAL TEMPORAL,,"CUIDADORES DE PERSONAS CON DISCAPACIDAD Y/O DEPENDENCIA, EN INSTITUCIONES",,,DESEMPLEADO-A,,Conocimientos FORMACIÓN REGLADA - CERTIFICADOS DE PROFESIONALIDAD Se debe estar en posesión de alguno de los siguientes títulos o certificados: Certificado profesionalidad SSCS0208 - ATENCIÓN SOCIOSANITARIA A PERSONAS DEPENDIENTES EN INSTITUCIONES SOCIALES TÉCNICO cuidados auxiliares de enfermería TÉCNICO en Atención a Personas en Situación de Dependencia,,,48,17
1,2024-04-14 10:34:56,ENFERMERO/ENFERMERA,Bergara,Gipuzkoa,"Enfermero/Enfermera para sustituir la jornada de una baja por riesgo en el embarazo. Funciones: Se encargará, siguiendo las instrucciones del coordinador o coordinadora de la unidad sanitaria, de la vigilancia de la salud de los residentes y de garantizar los servicios que ofrece la residencia. Llevar a cabo cuidados y consultas enfermeras (curas, control de constantes vitales, defecaciones, supervisión de la salud de los residentes, etc.). Realizar cualesquiera otras tareas que sean necesarias para la consecución de los objetivos definidos y así se le requiera, y que se ajusten a la clasificación del puesto. REQUISITO INDISPENSABLE: Grado en Enfermería. SE VALORARÁ: Euskera 3. E.U., Experiencia laboral y formación en la Residencia de Mayores. SE OFRECE: Contrato interinidad, 100% jornada, de lunes a domingo, referencia horaria anual de 1592 horas. Salario bruto mensual aproximado 2.767 euros. Se aplicarán las condiciones laborales de la Administración Pública.",10/04/2024,162023008942,LABORAL TEMPORAL,,ENFERMEROS DE CUIDADOS GENERALES,,,,,Conocimientos FORMACIÓN REGLADA - CERTIFICADOS DE PROFESIONALIDAD Se debe estar en posesión de alguno de los siguientes títulos o certificados: GRADO en Enfermería,,,1,8
1,2024-04-14 10:34:56,ELECTROMECANICO/A,Vitoria-Gasteiz,Araba/Álava,"Se responsabilizará de la realización las labores de operación y mantenimiento (preventivo y correctivo), así como limpieza de las instalaciones del sistema automatizado de recogida de residuos urbanos, siguiendo los procedimientos y directrices marcadas por la compañía, con la finalidad de garantizar el buen funcionamiento de las instalaciones. Ciclo formativo grado medio industrial o similar. Carnet B. Conocimiento de informática a nivel usuario. Valorable experiencia. 25 horas semanales.",09/04/2024,162024003867,LABORAL TEMPORAL,,TÉCNICOS DE MANTENIMIENTO DE EQUIPOS ELECTROMECÁNICOS,,,,"B-AUTOMOVIL <= 3.500 KG, ASIENTOS <=9, CON REMOLQUE <= 750 KG, Y TRICICLOS Y CUATRICICLOS DE MOTOR",Conocimientos FORMACIÓN REGLADA - CERTIFICADOS DE PROFESIONALIDAD Se debe estar en posesión de alguno de los siguientes títulos o certificados: Mantenimiento y Servicios a la Producción Electricidad y Electrónica,,,1,5
1,2024-04-14 10:34:56,AYUDANTE DE COCINA,Berriz,Bizkaia,Para labores de apoyo en la cocina del Albergue de Olakueta-Berriz en el marco de una empresa de inserción. Imprescindible: ser susceptible de tener un convenio de inclusión y formación en cocina. Valorable experiencia en cocina en puesto similar. Contrato de 1 año a jornada completa.  Salario según convenio. Incorporación: mayo/junio-2024.,09/04/2024,162024003866,LABORAL TEMPORAL,,PINCHES DE COCINA,,,DESEMPLEADO-A,,,,,1,28
1,2024-04-14 10:34:56,DEPENDIENTE A MEDIA JORNADA HORARIO DE TARDE,Arrasate/Mondragon,Gipuzkoa,"DEPENDIENTE A MEDIA JORNADA GESTIÓN DE PRODUCTO EN EL ALMACEN Y EN TIENDA, ORGANIZAR TIENDA, ALMACEN ESCAPARATE, ASESORAMIENTO Y VENTA DE PRODUCTO. REQUISITO IMPRESCINDIBLE EUSKERA, CARACTER COMERCIAL, MOTIVACIÓN PARA APRENDER Y ADAPTARSE A NUEVAS TAREAS, RESIDENCIA EN LA ZONA. SE OFRECE CONTRATO TEMPORAL DE SUSTITUCIÓN DE 1 AÑO A MEDIA JORNADA A LAS TARDES, INCORPORACION INMEDIATA.",09/04/2024,162024003865,LABORAL TEMPORAL,,DEPENDIENTES DE CALZADO Y ARTÍCULOS DE PIEL,,,,,"EXPERIENCIA Ocupación: DEPENDIENTES DE COMERCIO, EN GENERAL (3 Meses )",,,1,5
1,2024-04-14 10:34:56,VENDEDOR@ EN COMERCIO JORNADA COMPLETA,Arrasate/Mondragon,Gipuzkoa,"DEPENDIENTE GESTIÓN DE PRODUCTO EN EL ALMACEN Y EN TIENDA, ORGANIZAR TIENDA, ALMACEN ESCAPARATE, ASESORAMIENTO Y VENTA DE PRODUCTO. REQUISITO IMPRESCINDIBLE EUSKERA, CARACTER COMERCIAL, MOTIVACIÓN PARA APRENDER Y ADAPTARSE A NUEVAS TAREAS, RESIDENCIA EN LA ZONA. SE OFRECE CONTRATO TEMPORAL DE SUSTITUCIÓN DE 1 AÑO A JORNADA COMPLETA, MAÑANA Y TARDE, INCORPORACION INMEDIATA.",09/04/2024,162024003864,LABORAL TEMPORAL,,"DEPENDIENTES DE COMERCIO, EN GENERAL",,,,,"EXPERIENCIA Ocupación: DEPENDIENTES DE COMERCIO, EN GENERAL (3 Meses )",,,1,5
1,2024-04-14 10:34:56,PROFESOR/A DE INGLÉS,Deba,Gipuzkoa,"Academia de idiomas necesita profesional para dar clases de Inglés a alumnos a partir de 10 años. Imprescindible nivel C1. Se valorará el ser nativo/a, examinador/a oficial y la experiencia con niños. La incorporación será en Septiembre 2024. Se ofrece contrato temporal de 10 meses (curso académico 2024-2025) 5 horas diarias.",09/04/2024,162024003863,LABORAL TEMPORAL,,"PROFESORES DE IDIOMAS, EN GENERAL",,,,,Idiomas requeridos INGLES Lectura C1 - DOMINIO EFICAZ Escritura C1 - DOMINIO EFICAZ Hablado C1 - DOMINIO EFICAZ,,,1,4
1,2024-04-14 10:34:56,ACUPUNTOR/A - MASAJISTA,Portugalete,Bizkaia,"Realización de trabajos de masaje, osteopatía y acupuntura, entre otros. Se requiere manejo de TPV. Imprescindible titulación acreditada en estas técnicas (masaje, osteopatía y acupuntura). A valorar don de gentes. Se ofrece contrato indefinido a jornada completa e incorporación inmediata.",09/04/2024,162024003859,LABORAL INDEFINIDO,,"TÉCNICOS EN TERAPIAS ALTERNATIVAS (NATUROPATÍA, HOMEOPATÍA, ACUPUNTURA, AYURVÉDICA Y OTRAS)",Nº de puestos: 1,,,,NIVELES FORMATIVOS REQUERIDOS Desde Estudios primarios completos Hasta Doctorado universitario,,,1,1
1,2024-04-14 10:34:56,CAMARERO/A,Zarautz,Gipuzkoa,"Camarero/a de mesa para restaurante de hotel, se puede elegir desayunos, 6:00-10:00, que para esto se requiere experiencia, o noches de 20:00-23:30, o ambos. Se valorará tener experiencia, hablar euskera y tener vehículo en caso de residir fuera de Zarautz.",09/04/2024,162024003858,LABORAL INDEFINIDO,,"CAMAREROS, EN GENERAL",,,,,,,,1,10
1,2024-04-14 10:34:56,ARQUITECTO/A TÉCNICO,Zarautz,Gipuzkoa,"Arquitecto/a técnico para realizar funciones de oficina. Imprescindible tener estudios de arquitectura técnica, hablar euskera y tener experiencia en el uso de los programas: Autocad, Photoshop y Ofimática. Media jornada de mañanas 9:00-13:00, de momento para 6 meses.",09/04/2024,162024003857,LABORAL TEMPORAL,,ARQUITECTOS TÉCNICOS,,,,,,,,1,4
1,2024-04-14 10:34:56,TÉCNICO/A EN DEPILACIÓN LÁSER Y ESTÉTICA,Barakaldo,Bizkaia,"Empresa líder en Depilación Láser con más de 17 años de experiencia. Además de prestar servicios de Depilación Láser, realiza tratamientos de estética avanzada. Se busca una persona para incorporación inmediata a nuestro Centro de Barakaldo a jornada completa. LA PERSONA SELECCIONADA REALIZARÁ LAS SIGUIENTES FUNCIONES: Asesoramiento al cliente sobre nuestros servicios Realización de tratamientos de Depilación Láser, tratamientos estéticos y otra aparatología. Explicación y cierre de venta. Atención telefónica y presencial a clientes. Gestión de Agenda Mantenimiento del Centro. OFRECEMOS: Incorporación en empresa líder en su sector. Incorporación inmediata. Sueldo fijo más comisiones.",09/04/2024,162024003855,LABORAL INDEFINIDO,,ESTETICISTAS,Nº de puestos: 1,,,,Experiencia mínima: 1 año,1 año,,1,3
1,2024-04-14 10:34:56,OPERARIO LINEA MONTAJE MECANICO,Igorre,Bizkaia,"Para el montaje mecánico de las celdas de MT (membrana, micas, retenes, tubos, interruptores, embarrados, interfaces, etc.). Chequear el montaje. Participar en las reuniones Kaizen. Cumplir las normas y medidas de seguridad y protección Se ofrece contrato en prácticas y una retribución bruta aproximada en torno a los 30.000¿ REQUISITOS IMPRESCINDIBLES (no se valorarán candidaturas que no lo cumplan)  Ciclo de Grado Medio en Mto Electromecánico, ó  Ciclo de Grado Superior en Mecatrónica o Programación de la producción en Fab, Mecánica, Construcc Metálicas, Robótica, Electricidad ó  Certificado de Profesionalidad completo ELEQ0111 Operac. Aux. de Mje y mto de equipos o FMEE0108 Operac. Aux de fabricación o FMEE0208 Mje de maquinaria o FMEM0209 Producc. en mecanizado.  Disponibilidad de trabajo a tres turnos (mañana, tarde y noche)  Disponibilidad de vehículo propio para trasladarse al centro de trabajo  No tener un contrato 420 previo de más de 6 meses por la misma especialidad.",09/04/2024,162024003853,LABORAL TEMPORAL,,"MONTADORES-AJUSTADORES DE ELEMENTOS MECÁNICOS, EN CADENA DE MONTAJE (EXCEPTO AUTOMOCIÓN)",,,,"B-AUTOMOVIL <= 3.500 KG, ASIENTOS <=9, CON REMOLQUE <= 750 KG, Y TRICICLOS Y CUATRICICLOS DE MOTOR","Conocimientos FORMACIÓN REGLADA - CERTIFICADOS DE PROFESIONALIDAD Se debe estar en posesión de alguno de los siguientes títulos o certificados obtenido con fecha posterior al: 28/02/2021 Certificado profesionalidad ELEQ0111 - OPERACIONES AUXILIARES DE MONTAJE Y MANTENIMIENTO DE EQUIPOS ELÉCTRICOS Y ELECTRÓNICOS Certificado profesionalidad FMEE0108 - OPERACIONES AUXILIARES DE FABRICACIÓN MECÁNICA Certificado profesionalidad FMEE0208 - MONTAJE Y PUESTA EN MARCHA DE BIENES DE EQUIPO Y MAQUINARIA INDUSTRIAL Certificado profesionalidad FMEM0209 - PRODUCCIÓN EN MECANIZADO, CONFORMADO Y MONTAJE MECÁNICO Técnico, enseñanzas de grado medio de FP - Electricidad y energía Técnico Superior, enseñanzas de grado superior de FP - Mantenimiento y Servicios a la Producción Técnico Superior, enseñanzas de grado superior de FP - Fabricación Mecánica (Construcciones Metálicas y Desarrollo y Fabricación de Productos) Técnico, enseñanzas de grado medio de FP - Electricidad y Electrónica",,,4,1
1,2024-04-14 10:34:56,ASISTENTE DE ADMINISTRACION Y MARKETING,Ordizia,Gipuzkoa,"PERSONA ALTAMENTE MOTIVADA Y POLIVALENTE CON EXPERIENCIA EN ADMINISTRACIÓN Y UN INTERÉS GENUINO EN EL ÁREA DE MARKETING. ESTE PUESTO COMBINA FUNCIONES ADMINISTRATIVAS CON LA OPORTUNIDAD DE CONTRIBUIR AL DESARROLLO Y EJECUCIÓN DE ESTRATEGIAS DE MARKETING ADMINISTRACION GENERAL, APOYO EN MARKETING, COLABORACIÓN EN PROYECTOS, PARTICIPAR EN REUNIONES DE EQUIPO, AORTANDO IDEAS Y SOLUCIONES CREATIVAS. REQUISITOS IMPRESCINDIBLES GRADO EN ADMINISTRACION/MARKETING, CONOCIMIENTOS BASICOS DE HERRAMIENTAS DE MARKETING DIGITAL Y REDES SOCIALES, COMUNICACION VERBAL Y ESCRITA, HABILIDADES AVANZADAS DE ORGANIZACIÓN Y GESTIÓN . DEL TIEMPO. SE OFRECE CONTRATO INDEFINIDO A JORNADA COMPLETA, INCORPORACIÓN INMEDIATA.",09/04/2024,162024003852,LABORAL INDEFINIDO,,"TÉCNICOS SUPERIORES EN ORGANIZACIÓN Y ADMINISTRACIÓN DE EMPRESAS, EN GENERAL",,,,,Conocimientos FORMACIÓN REGLADA - CERTIFICADOS DE PROFESIONALIDAD Se debe estar en posesión de alguno de los siguientes títulos o certificados: ENSEÑANZAS UNIVERSITARIAS DE GRADO,,,1,28
1,2024-04-14 10:34:56,PELUQUERO/A OFICIAL/A 1ª Ó 2ª,Getxo,Bizkaia,"Salón de peluquería ubicado en Getxo precisa contratar 2 personas como oficial/a de 1ª ó 2ª para funciones propias de la categoría: secador de pelo, mechas, corte señora y caballero, tinte, tratamientos... Imprescindible 12 meses de experiencia en la categoría y formación FP Grado Medio o Superior, o Certificado de Profesionalidad de Peluquería. Se ofrece contrato indefinido, a concretar jornada y horario. Salario según convenio, incorporación inmediata",09/04/2024,162024003850,LABORAL INDEFINIDO,,PELUQUEROS DE SEÑORAS,,,,,Experiencia mínima: 1 año,1 año,,1,4
1,2024-04-14 10:34:56,AUXILIAR MONTAJE/DESMONTAJE DE EVENTOS,Donostia/San Sebastián,Gipuzkoa,"Empresa dedicada a la representación y gestión de espectáculos precisa contratar personas para realizar trabajos de montaje y desmontaje iluminación, sonido, vídeo, escenarios e infraestructuras en eventos, conciertos y festivales. IMPRESCINDIBLE: buena actitud hacia el trabajo. VALORABLE: Carnet de manejo de carretilla elevadora y experiencia en el sector. Disponibilidad. SE OFRECE: contrato eventual a jornada parcial o completa, en horario variable. SALARIO: 1.333 euros/brutos, aprox. (jornada completa)",09/04/2024,162024003849,LABORAL TEMPORAL,,"MOZOS DE CARGA Y DESCARGA, ALMACÉN Y/O MERCADO DE ABASTOS",,,,,Experiencia mínima: 1 mes,1 mes,,10,37
1,2024-04-14 10:34:56,TÉCNICO/A EN DEPILACIÓN LÁSER Y ESTÉTICA,Getxo,Bizkaia,"Empresa de Estética ubicada en Getxo precisa contratar a un/a Técnico/a en Estética para realización de tratamientos de depilación láser, tratamientos de estética avanzada y otra aparatología. Funciones: Asesoramiento al cliente. Realización de tratamientos. Explicación y cierre de venta. Atención telefónica y presencial. Gestión de agenda. Mantenimiento del Centro. Requisitos imprescindibles: Formación reglada de Grado Superior en Estética Integral y Bienestar. Experiencia mínima acreditada de un año en el puesto. Se ofrece contrato indefinido con horario rotativo de lunes a sábado librando dos sábados al mes. Salario según convenio más comisiones. Incorporación inmediata.",09/04/2024,162024003848,LABORAL INDEFINIDO,,ESTETICISTAS,,,,,Experiencia mínima: 1 año,1 año,,1,0
1,2024-04-14 10:34:56,PELUQUERO/A OFICIAL 1º,Donostia/San Sebastián,Gipuzkoa,"TAREAS A REALIZAR: servicios técnicos, coloración, cortes, secados y tratamientos capilares. Orientar al cliente sobre los productos que mejoren el cuidado y embellecimiento del cabello. Conocer y dominar las técnicas y estilos de cada temporada. Conseguir en cada servicio un resultado profesional adecuado. REQUISITOS IMPRESCINDIBLES: Formación en peluquería con 3 años de experiencia. SE OFRECE: Contrato indefinido, jornada completa, incorporación inmediata. Salario mensual aproximado: 1.166,64 + comisiones",09/04/2024,162024003847,LABORAL INDEFINIDO,,PELUQUEROS UNISEX,,,,,Experiencia mínima: 3 años,3 años,,2,1
1,2024-04-14 10:34:56,PROFESOR/A EUSKERA,Getxo,Bizkaia,"Euskaltegi ubicado en Getxo precisa contratar a un profesor o profesora para contrato de relevo.  Requisitos imprescindibles: Grado y C2 de euskera.  Se valorará: contar con experiencia como profesor o profesora de euskera, y haber realizado el curso de glotodidáctica.  Se ofrece contrato temporal a jornada parcial al 50%. Salario según convenio.",09/04/2024,162024003846,LABORAL TEMPORAL,,"PROFESORES DE IDIOMAS, EN GENERAL",,,,,"NIVELES FORMATIVOS REQUERIDOS Desde Enseñanzas universitarias de primer y segundo ciclo, de sólo segundo ciclo, y equivalentes (licenciados) Hasta Doctorado universitario",,,1,5
1,2024-04-14 10:34:56,PINCHE O COCINERO/A,Vitoria-Gasteiz,Araba/Álava,Multinacional de residencia de ancianos necesita incorporar personal de cocina para sustitución de vacaciones. REQUISITOS IMPRESCINDIBLES:  Vehículo propio  Manipulador de alimentos,09/04/2024,162024003845,LABORAL TEMPORAL,,PINCHES DE COCINA,,,,"B-AUTOMOVIL <= 3.500 KG, ASIENTOS <=9, CON REMOLQUE <= 750 KG, Y TRICICLOS Y CUATRICICLOS DE MOTOR",Conocimientos OTROS CONOCIMIENTOS FORMACIÓN EN HIGIENE ALIMENTARIA,,,1,7
1,2024-04-14 10:34:56,CARPINTERO/A,Errenteria,Gipuzkoa,"Se busca carpintero/a para una empresa de instalación, mantenimiento y reparación de suelos de madera ubicada en Errenteria, tales como tableros, parques, laminaciones, suelos para usos comerciales. Trabajos que realizar: Colocación de puertas, zócalos, suelos, etc. Requisitos imprescindibles: Oficial de primera. 5 años de experiencia en puestos similares. Permiso de conducir. Requisitos valorables: Actitud positiva y responsabilidad hacia el trabajo Se ofrece: Contrato indefinido con periodo de prueba de 5 meses. Incorporación inmediata. Horario: de 08:00 a 16:30. Salario según convenio.",09/04/2024,162024003844,LABORAL INDEFINIDO,,CARPINTEROS EN GENERAL,Nº de puestos: 1,,,,,,,1,4
1,2024-04-14 10:34:56,PELUQUERO/A OFICIAL 1º,Usurbil,Gipuzkoa,"Tareas a realizar: servicios técnicos, coloración, cortes, secados y tratamientos capilares. REQUISITOS IMPRESCINDIBLES: 3 años de experiencia como peluquero/a. SE OFRECE: Contrato indefinido, jornada completa, incorporación inmediata. Salario mensual aproximado: 1.166,64 + comisiones",09/04/2024,162024003841,LABORAL INDEFINIDO,,PELUQUEROS DE SEÑORAS,,,,,Experiencia mínima: 3 años,3 años,,2,2
1,2024-04-14 10:34:56,TERAPEUTA OCUPACIONAL,Busturia,Bizkaia,* Funciones propias del puesto. *Imprescindible titulación. *Se valora experiencia en residencias.,09/04/2024,162024003840,LABORAL INDEFINIDO,,TERAPEUTAS OCUPACIONALES,Nº de puestos: 1,,,,Conocimientos FORMACIÓN REGLADA - CERTIFICADOS DE PROFESIONALIDAD Se debe estar en posesión de alguno de los siguientes títulos o certificados: DIPLOMATURA en terapia ocupacional GRADO en Terapia Ocupacional,,,1,7
1,2024-04-14 10:34:56,AJUSTADOR-MONTADOR,Usurbil,Gipuzkoa,"Se precisa operario mecánico, que se desenvuelva en taller de mecanizado en diferentes ámbitos, ajuste, montaje, torno y fresadora. Buscamos una persona resolutiva y sin complejos de desempeñar cualquier tarea mecánica que proceda. REQUISITOS IMPRESCINDIBLES: Estudios de mecatrónica y experiencia de al menos 2 años. SE OFRECE: Contrato indefinido, jornada completa. Horario de lunes a jueves de 07:15 a 16:00 y los viernes de 07:15 a 15:00. Salario según convenio. Incorporación inmediata",09/04/2024,162024003839,LABORAL INDEFINIDO,,"MONTADORES-AJUSTADORES DE ELEMENTOS MECÁNICOS DE MAQUINARIA, EN GENERAL",,,,,Experiencia mínima: 2 años,2 años,,1,4
1,2024-04-14 10:34:56,CAMARERO / CAMARERA,Zestoa,Gipuzkoa,DESCRIPCIÓN DEL PUESTO: Funciones propias de camarero/camarera tanto en mesa como en barra.  REQUISITO IMPRESCINDIBLE: Disponibilidad inmediata.  REQUISITO A VALORAR: Experiencia.,09/04/2024,162024003838,LABORAL TEMPORAL,,"CAMAREROS, EN GENERAL",,,,,,,,1,8
1,2024-04-14 10:34:56,TRABAJADOR/A SOCIAL,Busturia,Bizkaia,*Funciones propias del puesto. *Imprescindibles titulación. *Se valora: experiencia en residencias.,09/04/2024,162024003837,LABORAL INDEFINIDO,,TRABAJADORES SOCIALES,Nº de puestos: 1,,,,Conocimientos FORMACIÓN REGLADA - CERTIFICADOS DE PROFESIONALIDAD Se debe estar en posesión de alguno de los siguientes títulos o certificados: GRADO en Trabajo Social DIPLOMATURA en trabajo social,,,1,60
1,2024-04-14 10:34:56,SOLDADOR/A INDUSTRIAL,Vitoria-Gasteiz,Araba/Álava,"-Manejo soplete, cortar piezas y estructuras metálicas para su valorización o facilitar su desguace. -Reparación de contenedores. -Reparación de la chapa de camiones. -Reparación de asientos. Conocimientos de mecánica: -Realizar el mantenimiento y reparaciones de la flota de camiones. -Reparar y sustituir las piezas gastadas, dañadas o defectuosas. -Comprar el material necesario para las pequeñas reparaciones.",09/04/2024,162024003836,LABORAL TEMPORAL,Discapacitados/as,TÉCNICOS EN SOLDADURA,,,,,Experiencia mínima: 6 meses,6 meses,,1,2
1,2024-04-14 10:34:56,TECNICO EN MAQUINARIA FITNESS,Basauri,Bizkaia,TÉCNICO/A EN REPARACIÓN DE MAQUINARIA FITNESS.,09/04/2024,162024003835,LABORAL INDEFINIDO,,TÉCNICOS EN INSTALACIONES Y LÍNEAS ELÉCTRICAS,,,,,,,,1,1
1,2024-04-14 10:34:56,PEON DE OBRA (AUXILIAR DE LABORATORIO),Urnieta,Gipuzkoa,"Laboratorio de Control de Calidad situado en Urnieta, precisa de auxiliar de laboratorio para relizar recogidas de muestras, suelos, hormigón y aglomerado y posterior traslado al laboratorio. Las muestras se recogen en obras que se encuentran repartidas por Gipuzkoa Se requiere: Permiso B1 Capacidad de gestión y trabajo en equipo. Experiencia en el sector de la construcción. A valorar: Curso PRL 60 horas Se ofrece: Contrato indefinido. Jornada completa y horario partido. Incorporación inmediata. Salario: A convenir.",09/04/2024,162024003833,LABORAL INDEFINIDO,,"PEONES DE OBRAS PUBLICAS, EN GENERAL",,,,"B-AUTOMOVIL <= 3.500 KG, ASIENTOS <=9, CON REMOLQUE <= 750 KG, Y TRICICLOS Y CUATRICICLOS DE MOTOR",,,,1,13
1,2024-04-14 10:34:56,PROFESOR/A DE OFIMATICA,Beasain,Gipuzkoa,"TAREAS: docencia de ofimática (excel) REQUISITOS IMPRESCINDIBLES: experiencia mínima de un año o 300 horas en docencia de ofimática. CONTRATO: media jornada, duración determinada. Salario según convenio. Fecha de incorporación abril 2024",09/04/2024,162024003832,LABORAL TEMPORAL,,PROFESORES TÉCNICOS DE FORMACIÓN PROFESIONAL (INFORMÁTICA Y COMUNICACIONES),,,,,Experiencia mínima: 1 año,1 año,,1,2
1,2024-04-14 10:34:56,PEÓN/A,Vitoria-Gasteiz,Araba/Álava,Llevar a cabo las tareas diarias para el funcionamiento de la planta de reciclaje. Segregar los materiales/residuos de manera manual. Servir de apoyo y ayuda en las tareas de recogida de residuos. (cubriendo vacaciones y bajas) Ayudar en la recogida de residuos: cargar/descargar contenedores.,09/04/2024,162024003831,LABORAL TEMPORAL,Discapacitados/as,OPERADORES DE PLANTA DE TRATAMIENTO DE RESIDUOS SÓLIDOS URBANOS,,,,,EXPERIENCIA Ocupación: TÉCNICOS EN TRATAMIENTO DE RESIDUOS SÓLIDOS,,,1,6
1,2024-04-14 10:34:56,TEC. MANTENMIENTO,Vitoria-Gasteiz,Araba/Álava,"TEC. MANTENMIENTO Funciones TDescripción del puesto: Desarrollará funciones de mantenimiento conductivo, preventivo y correctivo de las instalaciones generales de los edificios (instalaciones eléctricas, de clima, PCI, iluminación, etc). Utilizará un GMAO de mantenimiento implantado en su teléfono móvil. Deberá rellenar los datos de las revisiones comunicando a su superior cualquier anomalía detectada. Deberá se capaz de resolver cualquier incidencia de forma autónoma.  REQUISITOS: Formación: Ciclo Formativo Grado Medio ¿ Electricidad y Electrónica Formación en PRL. Manejo en equipos de medición (multímetro, pinza amperimétrica,¿). Manejo en herramientas de mano tanto manuales como eléctricas. Disponer de carnet de conducir. Se valorará disponer de carnets de industria y formación técnica reglada (baja tensión, mantenedor de instalaciones térmicas, manipulador/a de gases refrigerantes,¿.) Manejo de GMAO digital.",09/04/2024,162024003830,LABORAL INDEFINIDO,,ELECTRÓNICOS DE MANTENIMIENTO Y REPARACIÓN DE INSTALACIONES DE REFRIGERACIÓN Y CLIMATIZACIÓN,,,,"B-AUTOMOVIL <= 3.500 KG, ASIENTOS <=9, CON REMOLQUE <= 750 KG, Y TRICICLOS Y CUATRICICLOS DE MOTOR",Experiencia mínima: 2 años,2 años,,1,2
1,2024-04-14 10:34:56,MONITOR/A,Ortuella,Bizkaia,"Necesitamos monitor/a para:  zumba de martes y jueves por la tarde 19:30 a 20:30 y de spinning y otras dirigidas como HIIT, FITBOX (o boxfit¿) martes y jueves de 17:30 a 20:00",09/04/2024,162024003829,LABORAL TEMPORAL,,MONITORES DE APARATOS DE GIMNASIO,,,,,Experiencia mínima: 6 meses,6 meses,,1,0
1,2024-04-14 10:34:56,PELUQUERA,Mendaro,Gipuzkoa,"Labores comunes de peluquería: Lavado de cabeza,color, mechas,peinados, maquillaje, etc Requisitos imprescindibles: Formación en peluquería ( Técnico en peluquería y cosmética capilar o Técnico Superior en Estitlismo y Peluquería ) Experiencia previa en puesto similar Se ofrece contrato laboral indefinido a media jornada. Fecha prevista de incorporación, 30 de abril de 2024",09/04/2024,162024003828,LABORAL INDEFINIDO,,PELUQUEROS DE SEÑORAS,,,,,Conocimientos FORMACIÓN REGLADA - CERTIFICADOS DE PROFESIONALIDAD Se debe estar en posesión de alguno de los siguientes títulos o certificados: TÉCNICO en Peluquería y Cosmética Capilar,,,1,0
1,2024-04-14 10:34:56,OPERARIO/A MANTENIMIENTO,Zalla,Bizkaia,"Seleccionamos para nuestras mini-centrales hidroeléctricas una persona para el puesto de operario/a de mantenimiento. Las principales funciones a desempeñar serian: Labores preventivas y correctivas (a nivel eléctrico, baja tensión) Soldaduras sencillas y puntuales Mantenimiento mecánico de la instalación. Velar por el correcto funcionamiento de la mini-central y así como su mantenimiento y limpieza. Se ofrece contrato de largo duración con posibilidad de conversión a indefinido.",09/04/2024,162024003826,LABORAL TEMPORAL,,OPERADORES DE MANTENIMIENTO EN CENTRAL HIDROELÉCTRICA,,,,,,,,1,26
1,2024-04-14 10:34:56,MECÁNICA O MECÁNICO DE MAQUINARIA DE JARDINERÍA,Mungia,Bizkaia,"Tareas a realizar: diagnóstico de averías, localización de referencias en despiece, reparación de maquinaria de jardín y limpieza, reparación de motores de explosión de 2 y 4 tiempos, reparación de máquinas eléctricas o de batería y colaboración con el resto de departamentos.",09/04/2024,162024003825,LABORAL TEMPORAL,,"MONTADORES ELECTROMECÁNICOS, EN GENERAL",Nº de puestos: 1,,,,Experiencia mínima: 3 años,3 años,,1,3
1,2024-04-14 10:34:56,TÉCNICO/A HELPDESK,Vitoria-Gasteiz,Araba/Álava,"Se precisa una persona para: *atención de incidencias y peticiones sobre los sistemas microinformáticos de clientes, *mantenimiento preventivo de los sistemas y herramientas de clientes, *reparación de equipos y periféricos y *gestión de aplicaciones comerciales. REQUISITOS IMPRESCINDIBLES: Grado Superior de Informática y Euskera avanzado. VALORABLES: conocimientos de Windows 10, Ofimática, Aplicaciones comerciales y Mantenimiento de equipos informáticos. OFRECEN: contrato indefinido de lunes a viernes en horario de 8 a 15:30 y salario anual aproximado en torno a 16.000-17.000 euros.",09/04/2024,162024003824,LABORAL INDEFINIDO,,TÉCNICOS DE SOPORTE DE REDES,,,,,Experiencia mínima: 3 meses,3 meses,,1,2
1,2024-04-14 10:34:56,DEPENDIENTE,Donostia/San Sebastián,Gipuzkoa,Atención al cliente en recambios y accesorios para vehículos. Grado Medio o Superior de Actividades Comerciales o similar CP.,09/04/2024,162024003823,LABORAL INDEFINIDO,,"DEPENDIENTES DE COMERCIO, EN GENERAL",,,,,Conocimientos FORMACIÓN REGLADA - CERTIFICADOS DE PROFESIONALIDAD Se debe estar en posesión de alguno de los siguientes títulos o certificados: Certificado profesionalidad COML0110 - ACTIVIDADES AUXILIARES DE ALMACÉN Certificado profesionalidad COMT0411 - GESTIÓN COMERCIAL DE VENTAS Certificado profesionalidad COMV0108 - ACTIVIDADES DE VENTA Comercio y Marketing,,,1,2
1,2024-04-14 10:34:56,PELUQUERO/A,Vitoria-Gasteiz,Araba/Álava,"Peluquero/a Oficial de primera para trabajar a media jornada en turno de tarde. Cortes y peinados unisex, de todas las edades, si bien la mayoría del trabajo se desarrollará con niños/as.  IMPRESCINDIBLE Experiencia de al menos 12 meses en cortes unisex. Perfil extrovertido, buen trato con niños/as, entusiasmo.  CONTRATO Indefinido.  JORNADA 20 Horas semanales. De lunes a viernes horario de tarde. Sábados rotativos (mañana, tarde y partido).  SALARIO Según Convenio + incentivos.  INCORPORACIÓN Inmediata.",09/04/2024,162024003821,LABORAL INDEFINIDO,,PELUQUEROS UNISEX,,,,,Experiencia mínima: 1 año,1 año,,1,2
1,2024-04-14 10:34:56,PEÓN DE OBRAS PÚBLICAS,Asteasu,Gipuzkoa,"Se necesita peón de obras públicas para cobertura de puesto de acumulación de tareas. REQUISITOS:  Conocimiento de euskera-Capacidad de hablar  Permiso de conducción  Ser mayor de edad. VALORABLE:  Experiencia en obras en general u obras públicas DURACIÓN: 6 meses, no prorrogable",09/04/2024,162024003820,LABORAL TEMPORAL,,"PEONES DE OBRAS PUBLICAS, EN GENERAL",Nº de puestos: 1,A partir de 18 años,,"B-AUTOMOVIL <= 3.500 KG, ASIENTOS <=9, CON REMOLQUE <= 750 KG, Y TRICICLOS Y CUATRICICLOS DE MOTOR",Idiomas requeridos EUSKERA Lectura ELEMENTAL Escritura ELEMENTAL Hablado ELEMENTAL,,,1,16
1,2024-04-14 10:34:56,ADMINISTRATIVO/A,Vitoria-Gasteiz,Araba/Álava,"REQUISITOS IMPRESCINDIBLES  1. Grado Formativo Superior, FP II administrativo o titulación equivalente o superior. 2. Experiencia mínima de 2 años en puestos similares a los ofertados. Grupo de cotización 4 y 5 . En cualquier caso, para poder tener en cuenta la experiencia, deberá acompañarse de una acreditación de funciones o tareas que así lo justifique. 3. Conocimientos de ofimática a nivel de usuario 4. Conocimientos oral y escrito de las dos lenguas oficiales de la CAV y Euskara nivel B2. 5. Carnet de conducir en vigor B y capacidad para conducir  REQUISITOS A VALORAR: a. Conocimientos específicos de gestión de alquileres. b. Conocimientos básicos en normativa de Arrendamientos Urbanos y de viviendas de protección oficial c. Conocimientos básicos de sistemáticas de comunicación con clientes. d. Formación en materia de igualdad de hombres y mujeres. e. Conocimientos de otros idiomas.   SALARIO MENSUAL BRUTO APROXIMADO 2.312 euros",09/04/2024,162024003819,LABORAL TEMPORAL,,"TÉCNICOS ADMINISTRATIVOS, EN GENERAL",,,,"B-AUTOMOVIL <= 3.500 KG, ASIENTOS <=9, CON REMOLQUE <= 750 KG, Y TRICICLOS Y CUATRICICLOS DE MOTOR",Experiencia mínima: 2 años,2 años,,4,25
1,2024-04-14 10:34:56,MECANICO/A,Donostia/San Sebastián,Gipuzkoa,"Mantenimiento y reparación de vehículos. REQUISITOS: CFGM O CFGS en automoción, Certificado de profesionalidad SINO EXPERIENCIA DEMOSTRABLE COMO MECANICO/A.",09/04/2024,162024003818,LABORAL INDEFINIDO,,"MECÁNICOS DE MANTENIMIENTO Y REPARACIÓN DE AUTOMOCIÓN, EN GENERAL",,,,"B-AUTOMOVIL <= 3.500 KG, ASIENTOS <=9, CON REMOLQUE <= 750 KG, Y TRICICLOS Y CUATRICICLOS DE MOTOR",Experiencia mínima: 6 meses,6 meses,,1,4
1,2024-04-14 10:34:56,DEPENDIENTE VENDEDOR/A DE MUEBLES Y/O ELECTRODOMÉSTICOS,Vitoria-Gasteiz,Araba/Álava,Atención al publico y venta en tienda física (exposición) de Vitoria.  IMPRESCINDIBLE Experiencia mínima de 12 meses como vendedor/a de muebles o electrodomésticos. Manejo de herramientas informáticas (ofimática) demostrable.  CONTRATO Indefinido.  JORNADA Parcial. Media jornada en horario de tarde.  SALARIO Según Convenio.  INCORPORACIÓN Inmediata.,09/04/2024,162024003817,LABORAL TEMPORAL,,DEPENDIENTES DE ELECTRODOMÉSTICOS,,,,,Experiencia mínima: 1 año,1 año,,1,3
1,2024-04-14 10:34:56,ENCARGADA/O ATENCION AL PUBLICO-VENTA,Vitoria-Gasteiz,Araba/Álava,"Se necesita persona con experiencia en el sector y gestión de equipos. Requisitos imprescindibles:  Grado de discapacidad igual o superior al 33%. . Carnet de conducir. Se ofrece contrato de fomento, jornada completa, salario aproximado 21.000¿ bruto/año aproximado",09/04/2024,162024003814,LABORAL TEMPORAL,Discapacitados/as,"TÉCNICOS MEDIOS EN RECURSOS HUMANOS, EN GENERAL",,,,"B-AUTOMOVIL <= 3.500 KG, ASIENTOS <=9, CON REMOLQUE <= 750 KG, Y TRICICLOS Y CUATRICICLOS DE MOTOR",,,,11,8
1,2024-04-14 10:34:56,PUBLIZITATE ARDURADUNA,Usurbil,Gipuzkoa,"EZINBESTEKO BALDINTZAK: Kazetaritza, publizitate, ikus-entzunezko komunikazio edo marketin arloko ikasketak. Diseinu lanak egiteko ahalmena, programa hauen ezagutza: InDesign, Adobe Photoshop, Canva· Euskara maila altua. Harremanetarako dohainak. Publizitate kanpainak definitu eta diseinatzeko gaitasuna. BALORATZEN DA: E-posta marketing-erako ezagutzak: MailChimp edo antzeko softwareak erabiltzen esperientzia, euskalgintza sektorearen ezagutza, Usurbil herriaren ezagutza, berehala lanean hasteko prestutasuna, gidabaimena eta kotxe propioa izatea. ESKAINTZEN DA: Aldi baterako kontratua (12 hilabete). Lanaldi erdia: 09:00 13:00. Soldata gordina: 1.063 euro. Hasteko aurrikusitako data: 2024ko maiatza",09/04/2024,162024003788,LABORAL TEMPORAL,,"DIRECTORES DE DEPARTAMENTOS DE PUBLICIDAD Y/O RELACIONES PÚBLICAS, EN GENERAL",,,,,"Conocimientos FORMACIÓN REGLADA - CERTIFICADOS DE PROFESIONALIDAD Se debe estar en posesión de alguno de los siguientes títulos o certificados: GRADO en Periodismo LICENCIATURA en periodismo GRADO en Comunicación y Periodismo Audiovisuales GRADO en Periodismo y Comunicación Corporativa GRADO en Publicidad LICENCIATURA en publicidad y relaciones publicas GRADO en Publicidad, Relaciones Públicas y Marketing GRADO en Diseño Audiovisual e Ilustración GRADO en Comunicación Audiovisual y Multimedia GRADO en Comunicación Audiovisual GRADO en Publicidad, Marketing y Relaciones Públicas GRADO en Marketing OTROS CONOCIMIENTOS PHOTOSHOP ADOBE INDESIGN",,,1,12
1,2024-04-14 10:34:56,MONTADOR DE MUEBLES,Lasarte-Oria,Gipuzkoa,"Montador de muebles. Se requiere: actitud, experiencia y euskera. Se ofrece: Jornada completa. Contrato de 6 meses. Salario: 1.100 netos.",09/04/2024,162024003688,LABORAL TEMPORAL,,MONTADORES DE MUEBLES DE COCINA,,,,,Experiencia mínima: 6 meses,6 meses,,1,7
1,2024-04-14 10:34:56,AUXILIAR MONTAJE/DESMONTAJE DE EVENTOS,Bilbao,Bizkaia,"Empresa dedicada a la representación y gestión de espectáculos precisa contratar personas para realizar trabajos de montaje y desmontaje carga y descarga iluminación, sonido, vídeo.. para escenarios e infraestructuras en eventos, conciertos y festivales. IMPRESCINDIBLE: Experiencia en el puesto. VALORABLE: Carnet de manejo de carretilla elevadora. SE OFRECE: contrato eventual a jornada parcial o completa, en horario variable. SALARIO: 1323 euros/brutos, aprox. (jornada completa)",09/04/2024,162024003683,LABORAL TEMPORAL,,"MOZOS DE CARGA Y DESCARGA, ALMACÉN Y/O MERCADO DE ABASTOS",,,,,Experiencia mínima: 1 mes,1 mes,,100,47
1,2024-04-14 10:34:56,"MONTADOR/A DE CUBIERTAS DE TEJADOS, ESPECIALISTA FONTANERO",Leioa,Bizkaia,"TRABAJO DE MONTADOR DE CUBIERTAS DE TEJADOS. INDISPENSABLE: CARNET B, PERMISO DE TRABAJOS EN ALTURA Y CONOCIMIENTOS DE FONTANERÍA. VALORABLE EXPERIENCIA EN EL SECTOR.",09/04/2024,162024003192,LABORAL INDEFINIDO,,PEONES DE LA CONSTRUCCIÓN DE EDIFICIOS,,,,"B-AUTOMOVIL <= 3.500 KG, ASIENTOS <=9, CON REMOLQUE <= 750 KG, Y TRICICLOS Y CUATRICICLOS DE MOTOR","Conocimientos FORMACIÓN REGLADA - CERTIFICADOS DE PROFESIONALIDAD Se debe estar en posesión de alguno de los siguientes títulos o certificados: Certificado profesionalidad EOCI10 - FONTANERO Programas ocupacionales sin requisitos académicos - Programas sobre el entorno de trabajo, prevención de riesgos",,,1,5
1,2024-04-14 10:34:56,PROMOTOR/A GERENTE DE NUEVO NEGOCIO SECTOR AGRIFOOD,Arrasate/Mondragon,Gipuzkoa,"Personas emprendedoras para desarrollar nuevos negocios en la cooperativa del sector Agrifood . Tu misión será desarrollar el nuevo negocio en el sector agroalimentario, desde el análisis de viabilidad hasta su puesta en marcha.IMPRESCINDIBLE: -+ 5 años de experiencia en la gestión global de negocio. -Capacidad en la gestión comercial y de canales de venta. -Iniciativa, autonomía y capacidad para tomar decisiones. -Habilidades de negociación y capacidad para llegar a acuerdos. Nivel superior de inglés y disponibilidad para viajar a nivel inernacional. VALORABLE: Se valorará el conocimiento en el sector agroalimentario.JORNADA: Completa y flexible.",09/04/2024,162024002954,LABORAL INDEFINIDO,,"DIRECTORES DE DEPARTAMENTO DE COMERCIALIZACIÓN Y VENTAS, EN GENERAL",,,,,Idiomas requeridos INGLES Lectura SUPERIOR Escritura SUPERIOR Hablado SUPERIOR,,,2,4
1,2024-04-14 10:34:56,FARMACEUTICA/O ADJUNTO,Gorliz,Bizkaia,"Farmacéutica/o adjunta/o con contrato indefinido. Mejora salarial del convenio de farmacia. Horario continuo, una semana de mañana y otra de tarde. Posibilidad solo jornada de mañana y 2 sábados al mes 4 horas de mañana. Requisitos imprescindibles: titulación universitaria en farmacia y experiencia en oficina de farmacia. Requisitos a valorar: experiencia laboral, spd, conocimientos en dermofarmacia, formulación magistral, vocación sanitaria. Incorporación inmediata.",09/04/2024,162024002875,LABORAL INDEFINIDO,,"FARMACÉUTICOS, EN GENERAL",,,,,NIVELES FORMATIVOS REQUERIDOS Desde ENSEÑANZAS UNIVERSITARIAS DE GRADO Hasta Doctorado universitario,,,1,1
1,2024-04-14 10:34:56,COMERCIAL INSTALADOR/A,Hernani,Gipuzkoa,"Se buscan personas extrovertidas para la venta de instalación de Sistemas de Seguridad. Se ofrece: Formación a cargo de la empresa, sueldo fijo + comisiones, tarjeta Solred y dietas, contrato indefinido a jornada completa y 16500¿ anuales. Imprescindible: carnet de conducir y vehículo propio los primeros 5 meses. Valorable: Capacidad comunicativa.",09/04/2024,162024002808,LABORAL INDEFINIDO,,AGENTES COMERCIALES,,,,"B-AUTOMOVIL <= 3.500 KG, ASIENTOS <=9, CON REMOLQUE <= 750 KG, Y TRICICLOS Y CUATRICICLOS DE MOTOR",,,,4,6
1,2024-04-14 10:34:56,DEPENDIENTE/A ITINERANTE.,Donostia/San Sebastián,Gipuzkoa,"SE PRECISA Dependiente/a itinerante para Donostia, Hernani, Rentería e Irún. TAREAS: Atención al cliente Reposición de tienda Manejo de caja. OFERTA DE EMPLEO PARA DEMANDANTES PERTENECIENTES AL COLECTIVO ESPECIAL SEGÚN LEY 44/2007 DE EMPRESAS DE INSERCIÓN. REQUISITOS IMPRESCINDIBLES: Estar en desempleo y de alta en Lanbide. Tener firmado con Lanbide un Convenio de Inserción Activo y ser susceptible de ser contrato por una Empresa de Inserción. REQUISITOS VALORABLES: Nivel fluido de euskera a nivel escrito u oral. Formación/Experiencia en atención al cliente. SE OFRECE: Contrato jornada completa de 1 año, prorrogable hasta 3 De lunes a sábado jornada partida. Sueldo bruto aproximado 1323,00 Euros (12 pagas)",09/04/2024,162024002660,LABORAL TEMPORAL,,"DEPENDIENTES DE COMERCIO, EN GENERAL",,,,,,,,1,16
1,2024-04-14 10:34:56,AYUDANTE DE CAMARERA/O,Salvatierra/Agurain,Araba/Álava,Tareas como ayudante de camarera/o. Imprescindible: 1 año de experiencia. Tipo de contrato: indefinido. Tipo de jornada: completa.,09/04/2024,162024002599,LABORAL INDEFINIDO,,"CAMAREROS, EN GENERAL",,,,,Experiencia mínima: 1 año,1 año,,1,12
1,2024-04-14 10:34:56,MONITOR ACTIVIDADES DIRIGIDAS,Lasarte-Oria,Gipuzkoa,"Monitor de actividades dirigidas: Body Pump, pilates, Cross Training, Spinning. REQUISITOS IMPRESCINDIBLES: Grado Superior animación sociodeportiva. REQUISITOS A VALORAR: Don de gentes, enérgica/o. SE OFRECE: Contrato temporal de 6 meses salario bruto aproximado: 13 euros hora fecha prevista incorporación: 04/03/2024",09/04/2024,162024002155,LABORAL TEMPORAL,,MONITORES Y/O ANIMADORES DEPORTIVOS,,,,,Conocimientos FORMACIÓN REGLADA - CERTIFICADOS DE PROFESIONALIDAD Se debe estar en posesión de alguno de los siguientes títulos o certificados: TÉCNICO SUPERIOR en Enseñanza y Animación Sociodeportiva,,,1,4
1,2024-04-14 10:34:56,DEPENDIENTE/A DE CARNICERIA,Mungia,Bizkaia,"DEPENDIENTE/A DE CARNICERIA EXPERTO EN DESPIECE Y CORTE DE TODA VARIEDAD DE CARNES, Y QUE REALICEN UNA EXCELENTE ACOGIDA, ATENCION Y VENTA AL CLIENTE. CONOCEDOR DEL PRODUCTO, QUE SEPA PREPARAR DE FORMA ATRACTIVA EL MOSTRADOR GARANTIZANDO LA FRESCURA DE LOS PRODUCTOS. CONTRATO TEMPORAL. JORNADA COMPLETA. REQUISITOS IMPRESCINDIBLES: 6 MESES DE EXPERIENCIA, TRANSPORTE.",09/04/2024,162024001917,LABORAL TEMPORAL,,CARNICEROS PARA LA VENTA EN COMERCIO,Nº de puestos: 2,,,,Experiencia mínima: 6 meses,6 meses,,2,9
1,2024-04-14 10:34:56,TORNERO/A CONVENCIONAL Ó CNC,Hernani,Gipuzkoa,"Se necesita Tornero/a Convencionaló CNC, con 5 años de experiencia e interpretación de planos. Se ofrece: Contrato de 1 mes y posibilidades de indefinido. Horario: A 2 turnos (mañana y tarde). Salario: Según valía y experiencia.",09/04/2024,162024001277,LABORAL TEMPORAL,,"OPERADORES DE TORNO UNIVERSAL, AUTOMÁTICO Y/O REVOLVER",,,,,Experiencia mínima: 4 años,4 años,,1,7
1,2024-04-14 10:34:56,OPERARIO/A MONTAJES,Zarautz,Gipuzkoa,"Empresa ubicada en Zarautz busca operarios/as para realizar montajes manuales de módulos de batería, cableados y pruebas funcionales. IMPRESCINDIBLE que tengan una discapacidad igual o superior al 33%, que sean autónomos en el puesto de trabajo y que tengan destreza manual. Se ofrece contrato temporal con posibilidad de continuidad. Jornada completa. Se valora tener vehículo",09/04/2024,162024000888,LABORAL TEMPORAL,Discapacitados/as,"MONTADORES-AJUSTADORES DE ELEMENTOS MECÁNICOS, EN CADENA DE MONTAJE (EXCEPTO AUTOMOCIÓN)",Nº de puestos: 2,,,,"EXPERIENCIA Ocupación: MONTADORES-AJUSTADORES DE ELEMENTOS MECÁNICOS, EN CADENA DE MONTAJE (EXCEPTO AUTOMOCIÓN) (2 Meses )",,,2,7
1,2024-04-14 10:34:56,OPERARIO/A MONTAJES,Irun,Gipuzkoa,"Empresa ubicada en Irun necesita operarios/as para realizar montajes manuales de electrónica. Imprescindible tener una Discapacidad igual o superior al 33%. Se requiere de habilidad bimanual, bipedestación. Se ofrece contrato temporal con posibilidad de continuidad. Se valora tener vehículo",09/04/2024,162024000887,LABORAL TEMPORAL,Discapacitados/as,"MONTADORES DE APARATOS ELECTRÓNICOS, EN GENERAL",,,,,"EXPERIENCIA Ocupación: MONTADORES DE APARATOS ELECTRÓNICOS, EN GENERAL (2 Meses )",,,3,24
1,2024-04-14 10:34:56,PELUQUERA/O,Bilbao,Bizkaia,PELUQUERA/O CON EXPERIENCIA Y/O FORMACIÓN,09/04/2024,162023014904,LABORAL TEMPORAL,,PELUQUEROS UNISEX,,,,,Experiencia mínima: 1 año,1 año,,1,18
1,2024-04-14 10:34:56,ELES0110-DESARROLLO DE PROYECTOS DE INFRAESTRUCTURAS DE TELECOM. Y DE REDES DE VOZ Y DATOS EN EDI,Leioa,Bizkaia,"Docente para especialidades de la rama de electricidad. Se requiere: Licenciado, Diplomado, Ingeniero Técnico, Arquitecto Técnico o el título de grado correspondiente u otros títulos equivalentes. Experiencia profesional de 1 año en el área de electricidad",09/04/2024,162023013198,LABORAL TEMPORAL,,FORMADORES DE FORMACIÓN OCUPACIONAL NO REGLADA,,,,,NIVELES FORMATIVOS REQUERIDOS Desde ENSEÑANZAS UNIVERSITARIAS DE GRADO Hasta ENSEÑANZAS UNIVERSITARIAS OFICIALES DE MÁSTER,,,2,4
1,2024-04-14 10:34:56,RESPONSABLE DEL SERVICIO DE COMUNICACION,Vitoria-Gasteiz,Araba/Álava,"Desde la Asociación buscamos a una persona para encargarse del puesto del servicio de comunicación con la siguiente titulación requerida:  Magisterio Infantil, Primaria o Educación Especial  Audición y Lenguaje  Logopedia  Pedagogía Se trata de una sustitución de una excedencia con posibilidad de prorroga de forma indefinida. Las condiciones de trabajo están ajustadas al convenio colectivo para el sector dirigido a los centros y servicios de atención a personas con discapacidad de Álava. Requisitos Imprescindibles: Grado en Educación  Disponibilidad inmediata a partir de 18 de abril de 2024  Lengua de Signos Española, como mínimo, nivel B1 y con compromiso de cursar el nivel B2  Euskera, como mínimo, nivel B2 Se valorará conocimiento y experiencia de la comunidad sorda Jornada de 37,5 horas semanales. Salario aproximado: 2.232,94 ¿ (14 pagas).",08/04/2024,162024003813,LABORAL TEMPORAL,,"MAESTROS DE EDUCACIÓN ESPECIAL, EN GENERAL",,,,,"Conocimientos FORMACIÓN REGLADA - CERTIFICADOS DE PROFESIONALIDAD Se debe estar en posesión de alguno de los siguientes títulos o certificados: MAESTRO, especialidad de educación infantil MAESTRO, especialidad de audición y lenguaje MAESTRO, especialidad de educación especial GRADO en Maestro de Educación Infantil GRADO en Maestro de Educación Primaria DIPLOMATURA en logopedia LICENCIATURA en pedagogía LICENCIATURA en psicopedagogía GRADO en Pedagogía",,,1,8
1,2024-04-14 10:34:56,FISIOTERAPEUTA,Vitoria-Gasteiz,Araba/Álava,"Se necesita Fisioterapeuta, para Residencia de Personas Mayores. Requisito Imprescindible: Titulación de Fisioterapeuta. Contrato Indefinido, de lunes a viernes de 09:30 a 17:30",08/04/2024,162024003812,LABORAL INDEFINIDO,,"FISIOTERAPEUTAS, EN GENERAL",,,,,Conocimientos FORMACIÓN REGLADA - CERTIFICADOS DE PROFESIONALIDAD Se debe estar en posesión de alguno de los siguientes títulos o certificados: GRADO en Fisioterapia DIPLOMATURA en fisioterapia,,,1,5
1,2024-04-14 10:34:56,AYUDANTE DE RECEPCION DE ALBERGUE,Vitoria-Gasteiz,Araba/Álava,"Se necesita cubrir puesto de apoyo a la recepción de albergue hostel en verano. Requisitos imprescindibles: : Idiomas Inglés o alguno más como Euskera, Francés (deseable) . Experiencia en trabajos cara al público, hostelería., comercio, turismo o similares... . Experiencia en puestos de programas de reservas y gestión hotelera. Valorable: Otros idiomas Fecha de incorporación: 10 de junio, jornada completa (Tardes, festivos y fines de semana). Salario según convenio hostelería de Alava. Duración aproximada: 4 meses",08/04/2024,162024003811,LABORAL TEMPORAL,,RECEPCIONISTAS DE HOTEL,,,,,Experiencia mínima: 1 año,1 año,,1,19
1,2024-04-14 10:34:56,PERSONAL DE LIMPIEZA,Laudio/Llodio,Araba/Álava,"Se precisa una persona para realizar labores de limpieza en centro educativo de LLodio (limpieza de pasillos, aulas, baños, comedor).  Requisitos imprescindibles:  Certificado de discapacidad igual o superior al 33%  Euskera B1  Se valorará:  Experiencia en puestos similares  Se ofrece:  Contratro temporal de sustitución  Salario bruto aproximado 840 euros/mes  Fecha de incorporación prevista: mayo 2024  Jornada parcial de 4 horas (de 17:00 a 21:00 horas)",08/04/2024,162024003810,LABORAL TEMPORAL,Discapacitados/as,PERSONAL DE LIMPIEZA O LIMPIADORES EN GENERAL,,,,,"NIVELES FORMATIVOS REQUERIDOS Desde Estudios primarios completos Hasta Enseñanzas de grado superior de formación profesional específica y equivalentes, artes plásticas y diseño, y deportivas.",,,1,0
1,2024-04-14 10:34:56,RECEPCIONISTA DE CAMPING,Orio,Gipuzkoa,"Nº PUESTOS DE TRABAJO: Dos recepcionistas para el Campig de Orio, un puesto a tiempo parcial y otro puesto a tiempo completo.  REQUISITOS: Euskera: Perfil lingüístico 3 o equivalente.  A VALORAR: 1. Experiencia 1.1. Recepción en el camping de Orio 1.2. En cualquier camping recepción 2. Estudios: Grado en Turismo/Formación Profesional en Turismo 3. Idiomas: Inglés (C1, C2), Alemán (B2, C1, C2), Francés (B2, C1, C2).  TIPO DE CONTRATO: Temporal/Sustitución.  DURACIÓN DEL CONTRATO: 6/4 meses.  TIPO DE JORNADA Y HORARIO: 77%/100%. Mañana y tarde.  FECHA PREVISTA DE INICIO: 22 de abril/20 de mayo.  SALARIO BRUTO MENSUAL APROXIMADO 1.551,72 ¿/ 2.015,23 ¿.",08/04/2024,162024003809,LABORAL TEMPORAL,,RECEPCIONISTAS DE HOTEL,,,,,Idiomas requeridos EUSKERA Lectura C1 - DOMINIO EFICAZ Escritura C1 - DOMINIO EFICAZ Hablado C1 - DOMINIO EFICAZ,,,2,17
1,2024-04-14 10:34:56,CONDUCTOR/A RECOGIDAS,Irun,Gipuzkoa,"Puesto de inserción en Ekocenter de Irun como conductor/a de recogidas. Funciones Manejo del vehículo, gestión de rutas, recogida textil de contenedores, desmontaje de muebles, carga y descarga de mobiliario, manejo de herramientas, atención al cliente en domicilio. Requisitos imprescindibles: Estar en desempleo y de alta en Lanbide, cumplir requisitos para ser candidato-a a empresa de inserción. Permiso de conducir B. Buen nivel de castellano hablado y escrito. A valorar: Experiencia previa. Euskara. Se ofrece: Contrato de 1 año. Jornada completa. Horario: de lunes a viernes de 08:00 a 16:00 horas. Incorporación el 06/05/2024",08/04/2024,162024003805,LABORAL TEMPORAL,,"CONDUCTORES DE FURGONETA, HASTA 3,5 T.",,,DESEMPLEADO-A,"B-AUTOMOVIL <= 3.500 KG, ASIENTOS <=9, CON REMOLQUE <= 750 KG, Y TRICICLOS Y CUATRICICLOS DE MOTOR",Idiomas requeridos ESPAÑOL Lectura SUPERIOR Escritura SUPERIOR Hablado SUPERIOR,,,1,10
1,2024-04-14 10:34:56,AUXILIAR EN RESIDENCIA,Baztan,Navarra,Se busca Auxiliar de Enfermería con titulación en vigor para residencia de mayores en Elizondo.  IMPRESCINDIBLE TITULACIÓN OFICIAL EN VIGOR.,08/04/2024,162024003803,LABORAL INDEFINIDO,,AUXILIARES DE ENFERMERÍA,,,,,Conocimientos FORMACIÓN REGLADA - CERTIFICADOS DE PROFESIONALIDAD Se debe estar en posesión de alguno de los siguientes títulos o certificados: Certificado profesionalidad SSCS0208 - ATENCIÓN SOCIOSANITARIA A PERSONAS DEPENDIENTES EN INSTITUCIONES SOCIALES TÉCNICO cuidados auxiliares de enfermería,,,7,4
1,2024-04-14 10:34:56,LIMPIADOR/A DE CAMPING,Orio,Gipuzkoa,"-TAREAS: Limpiadora del camping municipal de Orio.  -REQUISITOS IMPRESCINDIBLES: Saber Euskera  -CONDICIONES A VALORAR: 1. Experiencia en limpieza del camping de Orio (0,75pt/mes) limpieza en otro camping (0.5pr/mes) limpieza en alojamientos de cualquier tipo (0.25pt/mes) 2. Estudios de limpieza (1pt)  -CONTRATO: 100% en turnos de mañana y tarde.  -DURACIÓN: 4 meses (a partir del 1 de mayo)  -SALARIO 1898,57 ¿",08/04/2024,162024003800,LABORAL TEMPORAL,,PERSONAL DE LIMPIEZA O LIMPIADORES EN GENERAL,,,,,Idiomas requeridos EUSKERA Hablado SUPERIOR,,,1,29
1,2024-04-14 10:34:56,MECANICO-A,Vitoria-Gasteiz,Araba/Álava,"Mecánico de plataformas elevadoras con conocimientos de electricidad, hidráulica y mecánica diesel. Imprescindible: carnet de conducir B Tipo de jornada y horario: jornada partida de 08:00 a 13:00 y de 15:00 a 18:00. Incorporación inmediata",08/04/2024,162024003799,LABORAL INDEFINIDO,,TÉCNICOS DE MANTENIMIENTO MECÁNICO,,,,"B-AUTOMOVIL <= 3.500 KG, ASIENTOS <=9, CON REMOLQUE <= 750 KG, Y TRICICLOS Y CUATRICICLOS DE MOTOR",Conocimientos OTROS CONOCIMIENTOS OPERADOR-CONDUCTOR DE CARRETILLA ELEVADORA,,,2,0
1,2024-04-14 10:34:56,GEROCULTOR/A AUXILIAR DE ENFERMERIA,Vitoria-Gasteiz,Araba/Álava,Multinacional de residencias de ancianos necesita incorporar en su plantilla de personal gerocultores o auxiliares de enfermería incorporación inmediata. Contrato temporal. Duración del contrato 4 meses. Jornada de mañana y tarde. Incorporación inmediata. IMPRESCINDIBLE : Vehículo,08/04/2024,162024003798,LABORAL TEMPORAL,,AUXILIARES DE ENFERMERÍA,,,,"B-AUTOMOVIL <= 3.500 KG, ASIENTOS <=9, CON REMOLQUE <= 750 KG, Y TRICICLOS Y CUATRICICLOS DE MOTOR",Conocimientos FORMACIÓN REGLADA - CERTIFICADOS DE PROFESIONALIDAD Se debe estar en posesión de alguno de los siguientes títulos o certificados: Certificado profesionalidad SSCS0208 - ATENCIÓN SOCIOSANITARIA A PERSONAS DEPENDIENTES EN INSTITUCIONES SOCIALES TÉCNICO cuidados auxiliares de enfermería,,,2,8
1,2024-04-14 10:34:56,TELEOPERADOR TELEFONICO PARA SERVICIO DE ATENCIÓN AL CLIENTE (NO VENTA),Donostia/San Sebastián,Gipuzkoa,"Se precisa incorporar TELEOPERADORES/AS para nuestro servicio de atención telefónica de apoyo al cliente (no ventas). IMPRESCINDIBLE: Título B2 o superior de Euskera (acreditable mediante título oficial), Formación profesional de Grado medio como mínimo, Usuario de Ofimática a nivel medio-avanzado y Experiencia en atención al cliente mínimo 1 año. SE VALORARA: Actitud positiva, habilidades de comunicación, proactividad, resolución y orientación al cliente.SE OFRECE: Contrato temporal de 4 meses aproximadamente a jornada completa, incorporación inmediata y salario según convenio.",08/04/2024,162024003796,LABORAL TEMPORAL,,TELEOPERADORES,Nº de puestos: 2,,,,Experiencia mínima: 1 año,1 año,,2,14
1,2024-04-14 10:34:56,ADMINISTRATIVO COMERCIAL,Arrigorriaga,Bizkaia,"Realización de ofertas y gestión de pedidos. Seguimiento de envíos a clientes y gestiones con las agencias de transporte. Apoyo al almacén en función de las necesidades del mismo. Imprescindible manejo de informática a nivel de usuario y sistemas de gestión ( ERP), y permiso de conducir B. Se valorará manejo de carretilla elevadora y conocimientos de fontanería y/o materiales metálicos.",08/04/2024,162024003795,LABORAL INDEFINIDO,,"EMPLEADOS ADMINISTRATIVOS COMERCIALES, EN GENERAL",,,,"B-AUTOMOVIL <= 3.500 KG, ASIENTOS <=9, CON REMOLQUE <= 750 KG, Y TRICICLOS Y CUATRICICLOS DE MOTOR",Experiencia mínima: 1 año,1 año,,1,25
1,2024-04-14 10:34:56,MECANICO INDUSTRIAL,Arrasate/Mondragon,Gipuzkoa,"Se precisan 10 mecánicos industriales para la construcción y montaje de las nuevas instalaciones y maquinaria y realizar el mantenimiento de las existencias. Realizar las actividades o reajustes oportunos en la maquinaria, piezas o herramientas necesarias para adaptarlas a las necesidades de producción y garantiar su funcionamiento satisfactorio.Identificar y resolver los problemas que surjan en el curso de su trabajo. Cumplir los planes de mantenimiento y de la normativa de seguridad establecida. Requisitos imprescindibles: 24 meses de experiencia en mantenimiento industrial Requisitos a valorar: Conocimientos hidraúlicos, neúmaticos y de mecánica. Tipo de jornada : Intensivo-rotatrivo",08/04/2024,162024003794,LABORAL INDEFINIDO,,MECÁNICOS DE MANTENIMIENTO INDUSTRIAL,,,,,Experiencia mínima: 2 años,2 años,,10,5
1,2024-04-14 10:34:56,PEDAGOGO/A TERAPEUTA (PT PARA LA ESO) MODELO D,Vitoria-Gasteiz,Araba/Álava,"Se precisa: Pedagogo/a que formará parte del equipo de PTs de la ESO del centro educativo. Requisitos Imprescindibles: -Licenciatura o Grado Psicopedagogía, Pedagogía, Psicología -Master de Necesidades Educativas Especiales o Magisterio/Grado en Educación primaria con mención en Educación Especial -Master de Formación de Profesorado o equivalente -Titulación en Euskera (nivel C1) Requisitos a valorar: Experiencia previa en puesto similar. Fecha prevista incorporación: Abril 2024",08/04/2024,162024003793,LABORAL TEMPORAL,,PEDAGOGOS,,,,,"Conocimientos FORMACIÓN REGLADA - CERTIFICADOS DE PROFESIONALIDAD Se debe estar en posesión de alguno de los siguientes títulos o certificados: LICENCIATURA en pedagogía LICENCIATURA en psicopedagogía GRADO en Pedagogía LICENCIATURA en psicología GRADO en Psicología Y, además, también se debe estar en posesión de alguno de los siguientes títulos o certificados: GRADO en Magisterio de Educación Primaria MÁSTER UNIVERSITARIO en Necesidades Educativas Especiales MÁSTER UNIVERSITARIO en Formación del Profesorado de Educación Secundaria",,,1,4
1,2024-04-14 10:34:56,MECANICO-A/MONTADOR-A DE BICICLETAS,Vitoria-Gasteiz,Araba/Álava,Se busca persona con experiencia en montaje de bicicletas desde cero y residencia en Vitoria-Gasteiz.,08/04/2024,162024003792,LABORAL TEMPORAL,,MECÁNICOS REPARADORES DE BICICLETAS,,,,,Experiencia mínima: 1 año,1 año,,1,2
1,2024-04-14 10:34:56,AUXILIAR ADMINISTRATIVO/A OFICINA TURISMO,Deba,Gipuzkoa,"Realizará las funciones propias del auxiliar administrativo de la Oficina de Turismo. REQUISITOS IMPRESCINDIBLES: Titulación: Graduado en ESO, Graduado Escolar o equivalente. Perfil lingüístico 3 en euskera. Nivel de inglés: First Certificate o equivalente nivel de francés: DELF B2 o equivalente (si no se acredita el nivel el Ayuntamiento realizará pruebas para certificar el nivel lingüístico). Se ofrece contrato temporal, de 4 meses de duración. Horario según necesidades. Salario bruto mensual aproximado: 2253,63 euros. Fecha prevista de incorporación: 01/06/2024",08/04/2024,162024003791,LABORAL TEMPORAL,,TÉCNICOS DE INFORMACIÓN TURÍSTICA,,,,,NIVELES FORMATIVOS REQUERIDOS Desde Primera etapa de educación secundaria con título de graduado escolar o equivalente. Hasta Doctorado universitario,,,1,17
1,2024-04-14 10:34:56,TUBERO/A INDUSTRIAL,Arrasate/Mondragon,Gipuzkoa,"Se ofrece 4 puestos de trabajo con contrato indefinido y jornada intensiva, rotativa.  DESCRIPCIÓN DEL PUESTO:  Instalación de tuberías de diametro 40 y presión de 120  Fabricar y montar tuberías a partir de diferentes tipos de complementos estructurales metálicos.  REQUISITOS IMPRESCINDIBLES  24 de experiencia en soldar  REQUISITOS A VALORAR -Conocimientos hidraúlicos, neumáticos y de macánica.",08/04/2024,162024003790,LABORAL INDEFINIDO,,CALDEREROS-TUBEROS (FABRICACIÓN DE CONSTRUCCIONES METÁLICAS),,,,,Experiencia mínima: 2 años,2 años,,4,7
1,2024-04-14 10:34:56,ENGRASADOR/ENGRASADORA ATUNEROS,Bermeo,Bizkaia,Engrasador/engrasadora en buques atuneros en los océanos atlántico e índico. IMPRESCINDIBLE:  Discapacidad reconocida mínima del 33%.  Libreta marítima DIM.  Tarjeta marinero pescador.  Curso formación básica en seguridad.  Reconocimiento médico en vigor.  Vacuna fiebre amarilla.  Certificado Covid UE.  Pasaporte en vigor. CONTRATO: indefinido. Jornada completa (4 meses embarcado y 4 meses de vacaciones).,08/04/2024,162024003785,LABORAL INDEFINIDO,Discapacitados/as,ENGRASADORES DE MÁQUINAS DE BARCOS,,,,,,,,1,1
1,2024-04-14 10:34:56,VIGILANTE GRUISTA,Zarautz,Gipuzkoa,Retirada de vehículos y control de aparcamiento OTA. IMPRESCINDIBLE:Carnet C1 y euskera hablado a nivel de conversación. Se valorará residencia en Urola Kosta. Contrato de sustitución de baja larga. Horario:7 horas diarias en funcion del cuadrante de empresa. Salario segun convenio e incorporación inmediata.,08/04/2024,162024003783,LABORAL TEMPORAL,,CONDUCTORES-OPERADORES DE GRÚA MÓVIL,,,,"C1-AUTOMÓVIL MASA MÁXIMA AUTORIZADA > 3.500 KG Y <= 7.500 KG , ASIENTOS <= 9",Idiomas requeridos EUSKERA Hablado MEDIO,,,1,11
1,2024-04-14 10:34:56,MARINERO/MARINERA ATUNEROS,Bermeo,Bizkaia,Marinero/marinera en buques atuneros en los océanos atlántico e índico. IMPRESCINDIBLE:  Discapacidad reconocida mínima del 33%.  Libreta marítima DIM.  Tarjeta marinero pescador.  Curso formación básica en seguridad.  Reconocimiento médico en vigor.  Vacuna fiebre amarilla.  Certificado Covid UE.  Pasaporte en vigor. CONTRATO: indefinido. Jornada completa (4 meses embarcado y 4 meses de vacaciones).,08/04/2024,162024003781,LABORAL INDEFINIDO,Discapacitados/as,MARINEROS DE BUQUE DE PESCA,,,,,,,,2,2
1,2024-04-14 10:34:56,ADMINISTRATIVO/A,Donostia/San Sebastián,Gipuzkoa,"Se precisa para Donostia, ADMINISTRATIVO/A en departamento ventas. Logística. Atención al cliente. Tareas: Gestión administrativa comercial, ventas y seguimiento de clientes. Facturación. IMPRESCINDIBLE: Estudios mínimos: Formación profesional Grado Medio. Experiencia mínima 2 años. en labores administrativas relacionada con los procesos comerciales de la empresa. Seguimiento de protocolos logísticos. Atención telefónica a clientes. Idioma: Inglés alto(B2). Dominio de Aplicaciones informáticas a nivel de usuario. VALORAR: conocimientos de Francés. OFRECE: Contrato indefinido. Salario 20000 euros anuales brutos.",08/04/2024,162024003780,LABORAL INDEFINIDO,,"TÉCNICOS ADMINISTRATIVOS, EN GENERAL",,,,,Experiencia mínima: 2 años,2 años,,1,27
1,2024-04-14 10:34:56,COCINERA/O (TXURDINAGA),Bilbao,Bizkaia,"Se busca persona puntual y con ganas de trabajar para puesto en cocina sencilla de local pequeño,para viernes tarde, fines de senana y festivos por la mañana. REQUISITOS IMPRESCINDIBLES: -Experiencia mínima de 3 meses. -Saber cocina rápida. -Carnet de manipulador de alimentos. Se ofrece contrato temporal de 21 horas / semana con posibilidad de indefinido. Incorporación inmediata. Salario según convenio .",08/04/2024,162024003777,LABORAL TEMPORAL,,"COCINEROS, EN GENERAL",,,,,Experiencia mínima: 3 meses,3 meses,,1,10
1,2024-04-14 10:34:56,CAMARERO/A,Zaldibar,Bizkaia,Se precisa camarero/a para bar en Zaldibar.  Funciones: atención de la barra y de las mesas en horario de cenas.  Requisitos imprescindibles: 6 meses de experiencia en hostelería.  Se ofrece: 6 meses de contrato a jornada completa. Salario según convenio,08/04/2024,162024003771,LABORAL TEMPORAL,,"CAMAREROS, EN GENERAL",Duración: 6 meses,,,,Experiencia mínima: 6 meses,6 meses,,1,14
1,2024-04-14 10:34:56,OPERARIO/A LIMPIEZA COMEDOR PARA ORIO/ZARAUTZ/HONDARRIBIA,Zarautz,Gipuzkoa,"Limpiar la maquinaría, instalaciones, equipos y materiales del centro. Atender el servicio de comedor (preparar, servir, recoger, limpiar...) Requisitos imprescindibles: Graduado en eso o equivalente. Carnet de manipulador de alimentos. Experiencia previa. Perfil lingüistico de euskera 1. Se ofrece: Contrato de 4 meses. Jornada a turnos (de lunes a domingo). Incorporación inmediata. Salario: 2,245 bruto por 14 pagas.",08/04/2024,162024003769,LABORAL TEMPORAL,,PERSONAL DE LIMPIEZA O LIMPIADORES EN GENERAL,,,,,Experiencia mínima: 6 meses,6 meses,,4,13
1,2024-04-14 10:34:56,AUXILIAR DE JARDINERIA,Okondo,Araba/Álava,"Se necesita un/una auxiliar de jardinería para trabajar en el municipio de Okondo.  Se Ofrece:  -Contrato laboral de 1 año de duración. -Jornada completa en horario de mañana. -Salario mensual bruto aproximado de 1300¿.  Fecha de incorporación: 26 de abril.  Requisitos Imprescindibles:  -Ser mayor de 16 años y menor de 30 años. -Estar desempleado/a, inscrito/a y de alta como demandante de empleo en Lanbide. -Estar inscrito/a en el sistema de garantía juvenil.  Tener FP básica, Certificado de Profesionalidad o graduado en la ESO.   El orden de prioridad en el proceso de selección se encuentra reflejado en artículo 7.4 de la Resolución del 24 de noviembre de 2023 BOPV 2023/5409, del Director General de Lanbide-Servicio Vasco de Empleo, por la que se procede a la publicación de la convocatoria de ayudas, para el ejercicio 2024, para la contratación de personas jóvenes por entidades locales que el Ayuntamiento de Okondo ha solicitado en el marco del Programa FSE Plus del País Vasco 2021-2027.",08/04/2024,162024003748,LABORAL TEMPORAL,,"JARDINEROS, EN GENERAL",Nº de puestos: 1,Hasta 29 años,DESEMPLEADO-A,,Conocimientos FORMACIÓN REGLADA - CERTIFICADOS DE PROFESIONALIDAD Se debe estar en posesión de alguno de los siguientes títulos o certificados: Graduado escolar,,,1,1
1,2024-04-14 10:34:56,JARDINERO/A,Okondo,Araba/Álava,"Se necesita un jardinero/a para trabajar en el municipio de Okondo.  Se Ofrece:  -Contrato laboral de 1 año de duración. -Jornada completa en horario de mañana. -Salario mensual bruto aproximado de 1350¿.  Fecha de incorporación: 26 de abril.  Requisitos Imprescindibles:  -Ser mayor de 16 años y menor de 30 años. -Estar desempleado/a, inscrito/a y de alta como demandante de empleo en Lanbide. -Estar inscrito/a en el sistema de garantía juvenil. -Tener un ciclo formativo de grado medio, superior o bachillerato.   El orden de prioridad en el proceso de selección se encuentra reflejado en articulo 7.4 de la Resolución del 24 de noviembre de 2023 BOPV 2023/5409, del Director General de Lanbide-Servicio Vasco de Empleo, por la que se procede a la publicación de la convocatoria de ayudas, para el ejercicio 2024, para la contratación de personas jóvenes por entidades locales que el Ayuntamiento de Okondo ha solicitado en el marco del Programa FSE Plus del País Vasco 2021-2027.",08/04/2024,162024003747,LABORAL TEMPORAL,,"JARDINEROS, EN GENERAL",Nº de puestos: 1,Hasta 29 años,DESEMPLEADO-A,,"Conocimientos FORMACIÓN REGLADA - CERTIFICADOS DE PROFESIONALIDAD Se debe estar en posesión de alguno de los siguientes títulos o certificados: Bachillerato Técnico, enseñanzas de grado medio de FP Técnico Superior, enseñanzas de grado superior de FP",,,1,6
1,2024-04-14 10:34:56,RESPONSABLE DE LA OFICINA TÉCNICA DE COMERCIO DE HERNANI,Hernani,Gipuzkoa,"La Oficina Técnica de Comercio es un intermediario entre el GV y el sector comercial (ayuntamientos, asociaciones, comercios y todos aquellos agentes relacionados con el sector). Tu labor será poner en marcha las políticas del GV y difundirlas para dar un servicio de tramitación de las mismas, difundir normativas, asesorar al sector atendiendo a consultas, poner en marcha campañas, etc. Desde el puesto se fomentarán también acuerdos entre asociaciones, ayuntamientos y demás agentes para impulsar iniciativas a favor del sector. Requisitos imprescindibles: Titulación universitaria y euskera superior. Experiencia en el sector comercial Se ofrece: Contrato temporal (sustitución baja maternal) Incorporación en Agosto 2024. Salario: 1875 netos.",08/04/2024,162024003406,LABORAL TEMPORAL,,"EMPLEADOS ADMINISTRATIVOS COMERCIALES, EN GENERAL",,,,,Experiencia mínima: 1 año,1 año,,1,27
1,2024-04-14 10:34:56,CHOFER-MOZO.A DE ALMACEN,Eibar,Gipuzkoa,"REPARTO MATERIAL, RECEPCION MATERIAL Y ATENCION CLIENTES EN ALMACEN PARA CUBRIR BAJA PATERNIDAD de 3 meses y medio aproximadamente de duración. JORNADA COMPLETA. SALARIO APROXIMADO 1300. INCORPORACIÓN MEDIADOS DE ABRIL.",08/04/2024,162024003367,LABORAL TEMPORAL,,"CONDUCTORES DE FURGONETA, HASTA 3,5 T.",,Entre 18 y 29 años,,"B-AUTOMOVIL <= 3.500 KG, ASIENTOS <=9, CON REMOLQUE <= 750 KG, Y TRICICLOS Y CUATRICICLOS DE MOTOR",,,,1,11
1,2024-04-14 10:34:56,ESTETICISTA,Errenteria,Gipuzkoa,"Se necesita esteticista con experiencia en manicura y pedicura con torno para centro de Estética ubicado en Errenteria. IMPRECINDIBLE: 12 meses de experiencia Se valorará la experiencia, el conocimiento de euskera y la cercanía al puesto de trabajo Se ofrece contratación indefinida, a jornada completa comprendida entre las 10h y las 19h de lunes a viernes, y los sábados de 10h a 13h. Salario aproximado bruto mensual 1350 euros.",08/04/2024,162024002980,LABORAL INDEFINIDO,,ESTETICISTAS,Nº de puestos: 1,,,,Experiencia mínima: 1 año,1 año,,1,1
1,2024-04-14 10:34:56,OPERARIO/A COSTURA LAVANDERIA EN EMPRESA UBICADA EN ZUMARRAGA,Zumarraga,Gipuzkoa,"TAREAS en taller de costura de lavandería y según demanda de la producción otras tareas vinculadas a la lavandería como introducir ropa en las calandras (plancha), doblado y empaquetado de la ropa limpia. Mantener limpias las zonas de trabajo. Unas horas a la semana se realizaran labores de limpieza en oficinas, vestuarios y baños. REQUISITOS IMPRESCINDIBLES: Tener reconocida una discapacidad igual o superior al 33%.Buena condición física compatible con tareas. Experiencia previa mínima de 3 meses. SE OFRECE: Contrato de 1 año, renovable. Jornada completa en turnos de mañana y tarde, de lunes a sábados.",08/04/2024,162024002912,LABORAL TEMPORAL,Discapacitados/as,"COSEDORES A MANO O MÁQUINA DOMESTICA, EN GENERAL",,,,,Experiencia mínima: 3 meses,3 meses,,2,6
1,2024-04-14 10:34:56,ALMACEN,Andoain,Gipuzkoa,"TAREAS: preparación de pedidos. elaboración de kits según orden de fabricación, organización de materiales, mantenimiento del orden y limpieza. IMPRESCINDIBLE: experiencia reciente de al menos 1 año en almacén/distribución. Carnet de carretilla elevadora, conocimientos básicos de ofimática. OFRECEN: contrato temporal a jornada completa, horario de 08 a 13 horas y de 14 a 17 horas. Viernes de 08 a 14 horas. Salario bruto mensual de 1.280 euros.",08/04/2024,162024002616,LABORAL TEMPORAL,,"MOZOS DE CARGA Y DESCARGA, ALMACÉN Y/O MERCADO DE ABASTOS",,,,,Experiencia mínima: 1 año,1 año,,3,16
1,2024-04-14 10:34:56,ORIENTADOR/A LABORAL,Irun,Gipuzkoa,Se solicita orientador/a laboral para el desarrollo de acciones de orientación laboral con colectivos de exclusión social en centro colaborador de Lanbide. Requisitos imprescindibles: licenciatura o grado universitario preferentemente en el ámbito de las ciencias sociales y/o educación. Experiencia mínima de un año en orientación laboral e intervención con colectivos vulnerables y en la utilización del aplicativo de orientación Lanbide euskera nivel alto. Se ofrece contrato a jornada completa.,08/04/2024,162024002014,LABORAL TEMPORAL,,ORIENTADORES PROFESIONALES PARA LA INSERCIÓN,,,,,Experiencia mínima: 1 año,1 año,,1,22
1,2024-04-14 10:34:56,TÉCNICA/O DE METROLOGÍA,Azpeitia,Gipuzkoa,"Empresa del sector de la Automoción ubicada en Azpeitia precisa de un metrólogo a jornada completa. Contrato indefinido. Salario: 32.600¿ brutos anuales. En dependencia del departamento de calidad, se responsabilizará de asegurar el control dimensional de la producción y su estabilidad, además de la gestión de los equipos de medición internos y Sistemática de la calibración interna/externa, según los estándares de calidad. Formación mínima FP2 en la Rama Control de Calidad o Ingeniería. 2-3 años en funciones similares, preferentemente en el sector de la automoción. Inglés, euskara y castellano.",08/04/2024,162024001863,LABORAL INDEFINIDO,,TÉCNICOS EN CONTROL DE CALIDAD EN INDUSTRIAS DE FABRICACIÓN DE EQUIPOS ELECTROMECÁNICOS,,,,,"Conocimientos FORMACIÓN REGLADA - CERTIFICADOS DE PROFESIONALIDAD Se debe estar en posesión de alguno de los siguientes títulos o certificados: Técnico Superior, enseñanzas de grado superior de FP",,,1,19
1,2024-04-14 10:34:56,MONTADOR/A ELÉCTRICO,Azpeitia,Gipuzkoa,Una importante empresa de la comarca precisa Montador/a Eléctrico. Imprescindible: Ciclo Formativo Superior acorde con el puesto inglés: nivel B2 Disponibilidad para viajar. Se tendrá en cuenta tener experiencia en este puesto.,08/04/2024,162024001778,LABORAL INDEFINIDO,,"TÉCNICOS EN ELECTRICIDAD, EN GENERAL",,,,,"Conocimientos FORMACIÓN REGLADA - CERTIFICADOS DE PROFESIONALIDAD Se debe estar en posesión de alguno de los siguientes títulos o certificados: Técnico Superior, enseñanzas de grado superior de FP",,,1,16
1,2024-04-14 10:34:56,MONTADOR/A MECÁNICO,Azpeitia,Gipuzkoa,Una importante empresa de la comarca Montador/a Mecánico. Imprescindible: Ciclo Formativo Superior acorde con el puesto inglés: nivel B2 Disponibilidad para viajar. Se tendrá en cuenta tener experiencia en este puesto.,08/04/2024,162024001776,LABORAL INDEFINIDO,,TÉCNICOS EN MECÁNICA DE MÁQUINAS HERRAMIENTAS,,,,,"Conocimientos FORMACIÓN REGLADA - CERTIFICADOS DE PROFESIONALIDAD Se debe estar en posesión de alguno de los siguientes títulos o certificados: Técnico Superior, enseñanzas de grado superior de FP",,,1,9
1,2024-04-14 10:34:56,ARQUITECTO/A O INGENIERO/A TÉCNICO/A,Sopelana,Bizkaia,"Empresa de seguridad ubicada en Sopelana precisa incorporar un/a arquitecto/a técnico/a o ingeniero/a técnico/a para la realización de licitaciones públicas para proyectos de protección contra incendios y sistemas de anti-intrusión. Requisitos imprescindibles: titulación reglada de Arquitectura o Ingeniería técnica y carnet de conducir B1. Se valorará tener conocimientos y/o experiencia en licitaciones públicas y estar colegiado. Se ofrece contrato indefinido a jornada completa, horario de 9:00 a 17:00 horas de lunes a viernes, salario bruto mensual aproximado 3000 euros, incorporación inmediata.",08/04/2024,162024001568,LABORAL INDEFINIDO,,ARQUITECTOS TÉCNICOS,,,,"B-AUTOMOVIL <= 3.500 KG, ASIENTOS <=9, CON REMOLQUE <= 750 KG, Y TRICICLOS Y CUATRICICLOS DE MOTOR",NIVELES FORMATIVOS REQUERIDOS Desde Enseñanzas universitarias de primer ciclo y equivalentes o personas que han aprobado 3 cursos completos de una licenciatura o créditos equivalentes (diplomaturas) Hasta Doctorado universitario,,,1,21
1,2024-04-14 10:34:56,AGENTES VENDEDORES/AS PRODUCTOS JUEGO CON DISCAPACIDAD,Donostia/San Sebastián,Gipuzkoa,"Buscamos vendedores/as con acreditación de discapacidad para vender productos de lotería en Gipuzkoa. Se buscan personas comprometidas, con don de gentes, responsables y orientadas a conseguir objetivos, con disponibilidad y cierta flexibilidad horario. Se ofrece contrato laboral con retribución fija en 14 pagas, más comisiones por ventas, con oportunidad de desarrollo profesional. Se valora experiencia en la relación con el público. Requisitos imprescindibles: certificado de discapacidad igual o superior al 33%, Requisitos a valorar: experiencia en puesto similar y carnet de conducir. Se ofrece contrato a jornada completa de un año. Salario 1100-1200 ¿ brutos aproximados.",08/04/2024,162023014272,LABORAL TEMPORAL,Discapacitados/as,"EMPLEADOS DE VENTA DE APUESTAS MUTUAS, DEPORTIVAS Y ADMINISTRACIÓN DE LOTERÍAS",,,,,,,,5,28
1,2024-04-14 10:34:56,CARPINTER@ METALIC@ (HIERRO E INOXIDABLE),Azkoitia,Gipuzkoa,"Empresa en el sector de la carpintería metálica situada en Azkoitia necesita soldador para trabajos en acero y acero inoxidable. Imprescindible: Experiencia de 6 meses mínimo, permiso de conducir B, dominio del castellano, saber soldar sin ayuda, inquietud y ganas de trabajar y disponibilidad inmediata. Valorable: Cursillos de Prevención de Riesgos Laborales en la Construcción, Nivel Inicial (60h) y otros relacionados con la carpintería metálica, saber soldar con TIG y semiautomática y residir en Azpeitia, Azkoitia o alrededores.",08/04/2024,162023013265,LABORAL TEMPORAL,,"CARPINTEROS DE ALUMINIO, METÁLICO Y PVC",Nº de puestos: 1,,,"B-AUTOMOVIL <= 3.500 KG, ASIENTOS <=9, CON REMOLQUE <= 750 KG, Y TRICICLOS Y CUATRICICLOS DE MOTOR",Experiencia mínima: 6 meses,6 meses,,1,2
1,2024-04-14 10:34:56,MECANICO/A,Mallabia,Bizkaia,"Para labores propias del puesto, se trabaja con maquinaria industrial. Imprescindible: permiso de conducir. A valorar: experiencia en mecánica industrial.Contrato indefinido a jornada completa en horario partido. Incorporación inmediata.",08/04/2024,162023009175,LABORAL INDEFINIDO,,MECÁNICOS DE MANTENIMIENTO INDUSTRIAL,,,,,,,,1,44
1,2024-04-14 10:34:56,DEPENDIENTE/A TIENDA DELICATESSEN,Zarautz,Gipuzkoa,"Dependiente/a de charcutería y delicatessen. Atención al cliente, reposición, utilización de máquina cortadora,... Se requiere tener experiencia en atención al cliente y hablar euskera. Se valorará tener experiencia en el puesto y residir en Zarautz. Jornada de 30 horas semanales, con horario variable entre 9:00-13:30 / 16:30-20:30 (lunes a sábado). Incorporación inmediata",07/04/2024,162024002412,LABORAL INDEFINIDO,,DEPENDIENTES DE PRODUCTOS ALIMENTICIOS Y BEBIDAS,,,,,,,,1,12
1,2024-04-14 10:34:56,TÉCNICO COMERCIAL,Amorebieta-Etxano,Bizkaia,"RESPONSABILIDADES: Compra y Venta de producto asignado. En una primera fase: Sistemas de alimentación: Manguitos. En una segunda fase: Apoyo al resto de secciones: Metalúrgica y moldeo químico. Identificar potenciales clientes y desarrollo de la misma. Atención técnica-comercial a clientes. Atención Técnica-comercial a clientes principalmente en sistemas de alimentación. Control del mercado de productos y sus variaciones de precios. Cumplir con los objetivos cuantitativos y cualitativos asignados. Analizar las tendencias de mercado, y análisis continuo de la competencia.  REQUISITOS: Ingenier@ Metalúrgic@ o similar (quimic@, metalúrgic@, ciencia de los materiales) Amplio conocimiento de los procesos de fundición y los productos utilizados, particular del sector metalúrgico. Conocimientos financieros orientados al negocio trading -(gestión del margen comercial, gestión de stocks, cotizaciones de metales...) Inglés fluido hablado y escrito. Office 360 Conocimientos de SAP Sales Force",05/04/2024,162024003767,LABORAL INDEFINIDO,,INGENIEROS EN METALURGIA,,,,,Conocimientos OTROS CONOCIMIENTOS SAP,,,1,2
1,2024-04-14 10:34:56,AYUDANTE DE COCINA,Berastegi,Gipuzkoa,"Ayudante de cocina. Asistencia en tareas diversas bajo la supervisión de los/las cocineros/as residentes. Imprescindible: Permiso de conducir y vehículo propio. Jornada y horario: Viernes, sábado y domingo de 11:00 a 17:00. Salario: Según convenio",05/04/2024,162024003766,LABORAL TEMPORAL,,PINCHES DE COCINA,,,,,,,,1,5
1,2024-04-14 10:34:56,AYUDANTE DE OBRADOR,Bilbao,Bizkaia,Realización de tareas de pastelería bajo las directrices del oficial y/o del jefe de obrador. Participar también en la recogida y limpieza. REQUISITOS IMPRESCINDIBLES: Formación en pastelería o experiencia acreditable. A VALORAR: Residencia cercana. SE OFRECE contrato laboral temporal. Fecha prevista de incorporación: 15 Abril.,05/04/2024,162024003765,LABORAL TEMPORAL,,OPERADORES DE HORNOS DE PANADERÍA Y REPOSTERÍA INDUSTRIAL,,,,,Conocimientos FORMACIÓN REGLADA - CERTIFICADOS DE PROFESIONALIDAD Se debe estar en posesión de alguno de los siguientes títulos o certificados: Certificado profesionalidad HOTR0109 - OPERACIONES BÁSICAS DE PASTELERÍA Certificado profesionalidad INAF0109 - PASTELERÍA Y CONFITERÍA TÍTULO PROFESIONAL BÁSICO en Actividades de Panadería y Pastelería,,,1,23
1,2024-04-14 10:34:56,SE NECESITA 1 CHOFER (HOMBRE O MUJER) PARA VITORIA -GASTEIZ,Vitoria-Gasteiz,Araba/Álava,"Empresa consolidada y en proceso de expansión necesita un persona para ejercer de chofer, con experiencia para incorporación inmediata. Imprescindible: CAP Y TARJETA DE TRANSPORTE, CARNÉTS DE CONDUCIR EN VIGOR B, C1, C, D1, D, BE, C1E, CE, D1E Y DE. Con disponibilidad geográfica a la hora de desarrollar su trabajo. Jornada completa.",05/04/2024,162024003761,LABORAL TEMPORAL,,CONDUCTORES PROFESIONALES DE AUTOMÓVIL,,,,"D+E-AUTOMÓVIL CLASE D, CON REMOLQUE > 750 KG C+E-AUTOMÓVIL CLASE C, CON REMOLQUE > 750 KG",Conocimientos OTROS CONOCIMIENTOS Carnet: TARJETA CUALIFICACIÓN DEL CONDUCTOR (CAP VIAJEROS) Carnet: TARJETA CUALIFICACIÓN DEL CONDUCTOR (CAP MERCANCÍAS),,,1,9
1,2024-04-14 10:34:56,ENFERMERO/A,Bilbao,Bizkaia,"Se requiere Enfermero/a Centro Asistencial:  IMPRESCINDIBLE: Diplomatura/Grado en Enfermería VALORABLE: experiencia de 1 año en atención primaria, hospital o residencia de mayores, formación en gerontología SE OFRECE: Contrato indefinido, jornada completa, salario de 35000 euros brutos/año",05/04/2024,162024003759,LABORAL INDEFINIDO,,ENFERMEROS DE CUIDADOS GENERALES,,,,,Conocimientos FORMACIÓN REGLADA - CERTIFICADOS DE PROFESIONALIDAD Se debe estar en posesión de alguno de los siguientes títulos o certificados: GRADO en Enfermería DIPLOMATURA en enfermería,,,1,3
1,2024-04-14 10:34:56,MEDICO/A,Bilbao,Bizkaia,"Se requiere Médico/a para Centro Asistencial: Planificar analíticas y realizar volantes programar citas con especialistas Reconocimientos médicos e historiales Seguimiento programas de atención sanitaria Y todas las demás funciones médicas propias de un Centro Asistencial IMPRESCINDIBLE: Licenciatura/Grado en Medicina VALORABLE: Especialidad en cuidados paliativos, gerontología, Mir en geriatría o experiencia en salud mental, formación específica en el área SE OFRECE: Contrato indefinido, jornada parcial de tarde, salario de 44000 euros brutos/año",05/04/2024,162024003757,LABORAL INDEFINIDO,,"MÉDICOS, MEDICINA GENERAL",,,,,Conocimientos FORMACIÓN REGLADA - CERTIFICADOS DE PROFESIONALIDAD Se debe estar en posesión de alguno de los siguientes títulos o certificados: LICENCIATURA en medicina GRADO en Medicina,,,1,3
1,2024-04-14 10:34:56,PSIQUIATRA CENTRO RESIDENCIAL,Donostia/San Sebastián,Gipuzkoa,"Se requiere Psiquiatra para proporcionar atención siquiátrica a pacientes de Centro Asistencial. Funciones: Valoraciones siquiátricas de usuarios/as Tratamiento farmacológico de siquiatría Valoración periódica de residentes Autorizaciones de inmovilizaciones mecánicas cuando sean imprescindibles Pautas a celadores/as y auxiliares Información a familias y cuidadores/as Imprescindible: Licenciatura /Grado en Medicina , especialidad Psiquiatría Valorable: Formación complementaria en Rehabilitación de pacientes con enfermedades mentales crónicas y en fomento de la igualdad Se ofrece contrato indefinido, jornada parcial de mañana y sueldo de 28320 ¿ brutos",05/04/2024,162024003755,LABORAL INDEFINIDO,,MÉDICOS ESPECIALISTAS EN PSIQUIATRÍA,,,,,Experiencia mínima: 6 meses,6 meses,,1,0
1,2024-04-14 10:34:56,BOBINADOR-MONTADOR/A TRANSFORMADORES PONTENCIA PARA BEDIA,Bedia,Bizkaia,"Se necesita bobinador -montador/a de trasformadores de potencia con más de 5 años de experiencia para:  La realización de bobinados de todo tipo (capas, discos, etc) para transformadores de potencia de alta tensión. -Montaje de transformadores de potencia (caja, bobinados, núcleo, accesorios, etc). Se ofrece contrato indefinido, en jornada diurna. Incorporación inmediata REQUISITO IMPRESCINDIBLE:  EXPERIENCIA EN FABRICACIÓN DE BOBINADOS PARA TRANSFORMADORES DE POTENCIA DE MÁS DE 5 AÑOS.",05/04/2024,162024003753,LABORAL INDEFINIDO,,OPERADORES DE MÁQUINA BOBINADORA Y TRASCANADORA DE HILOS,,,,,Experiencia mínima: 5 años,5 años,,1,1
1,2024-04-14 10:34:56,CAMARERA O CAMARERO,Bakio,Bizkaia,"SERVICIO DE BARRA, COMEDOR Y TERRAZA.",05/04/2024,162024003750,LABORAL TEMPORAL,,"CAMAREROS, EN GENERAL",Nº de puestos: 1,,,,,,,1,9
1,2024-04-14 10:34:56,DEPENDIENTE/A TIENDA MODA,Mungia,Bizkaia,DEPENDIENTE/A TIENDA MODA Requisitos imprescindibles: 12 meses experiencia en tienda de moda. Preferiblemente que resida en Mungia,05/04/2024,162024003749,LABORAL TEMPORAL,,DEPENDIENTES DE TEJIDOS Y PRENDAS DE VESTIR,Nº de puestos: 1,,,,EXPERIENCIA Ocupación: DEPENDIENTES DE TEJIDOS Y PRENDAS DE VESTIR (12 Meses ),,,1,20
1,2024-04-14 10:34:56,TERAPEUTA OCUPACIONAL,Elorrio,Bizkaia,Terapeuta ocupacional en centro asistencial de Elorrio horario de lunes a viernes de 10:00 a 17:30 Imprescindible titulación de grado Terapeuta Ocupacional y PL3 euskera,05/04/2024,162024003746,LABORAL TEMPORAL,,TERAPEUTAS OCUPACIONALES,,,,,Conocimientos FORMACIÓN REGLADA - CERTIFICADOS DE PROFESIONALIDAD Se debe estar en posesión de alguno de los siguientes títulos o certificados: Terapia y rehabilitación,,,1,1
1,2024-04-14 10:34:56,CAMARERO/A,Aia,Gipuzkoa,Se necesita camarero/a para servir en casa rural. Requisitos imprescindibles: tener coche y permiso de conducir y tener experiencia de 1 año en puesto de camarero. Se ofrece contrato temporal con posibilidad de convertir en indefinido con jornada parcial de mañana (10:30-15:30) o tarde (16:30-22:30) y salario entre 700 y 900 euros. Incorporación inmediata.,05/04/2024,162024003743,LABORAL TEMPORAL,,"CAMAREROS, EN GENERAL",,,,"B-AUTOMOVIL <= 3.500 KG, ASIENTOS <=9, CON REMOLQUE <= 750 KG, Y TRICICLOS Y CUATRICICLOS DE MOTOR",Experiencia mínima: 1 año,1 año,,2,3
1,2024-04-14 10:34:56,AUXILIAR AYUDA DOMICILIO,Tolosa,Gipuzkoa,AUXILIAR AYUDA DOMICILIO para domicilios en Tolosaldea REQUISITOS: -Título sociosanitario o equivalente. -Euskera -Permiso de conducir y vehículo propio.,05/04/2024,162024003742,LABORAL INDEFINIDO,,ASISTENTES DOMICILIARIOS,,,,,Conocimientos FORMACIÓN REGLADA - CERTIFICADOS DE PROFESIONALIDAD Se debe estar en posesión de alguno de los siguientes títulos o certificados: Certificado profesionalidad SSCS0108 - ATENCIÓN SOCIOSANITARIA A PERSONAS EN EL DOMICILIO Certificado profesionalidad SSCS0208 - ATENCIÓN SOCIOSANITARIA A PERSONAS DEPENDIENTES EN INSTITUCIONES SOCIALES,,,1,1
1,2024-04-14 10:34:56,OPERARIO/A DE VERIFICACIÓN DE METALES,Getxo,Bizkaia,Centro Especial de Empleo ubicado en Getxo precisa contratar a 10 operario/as de verificación para verificación de piezas y recuperación en el Municipio de Berriz. Requisitos imprescindibles: Certificado de discapacidad oficial igual o superior al 33%. Experiencia mínima demostrable en el puesto de un mes. Se ofrece contrato temporal de un año con posibilidad de indefinido. Jornada de trabajo a turnos de mañana y tarde de lunes a viernes. Salario mensual bruto aproximado de 1600 euros.,05/04/2024,162024003698,LABORAL TEMPORAL,Discapacitados/as,PEONES DE LA INDUSTRIA METALÚRGICA Y FABRICACIÓN DE PRODUCTOS METÁLICOS,,,,,Experiencia mínima: 1 mes,1 mes,,10,29
1,2024-04-14 10:34:56,AYUDANTE DE COCINA,Tolosa,Gipuzkoa,Residencia de mayores de Andoain necesita ayudante de cocina para ayudar en la preparación de menús y limpieza de cocina. IMPRESCINDIBLE: Experiencia reciente en el puesto de al menos 12 meses. VALORABLE: euskera. SE OFRECE: Contrato temporal de 07:30 a 14 horas entre semana y de 14:00 a 20:45 el fin de semana,05/04/2024,162024003451,LABORAL TEMPORAL,,PINCHES DE COCINA,,,,,Experiencia mínima: 2 años,2 años,,1,16
1,2024-04-14 10:34:56,SOCORRISTA,Donostia/San Sebastián,Gipuzkoa,"TAREAS: recepción de los huéspedes que acudan a la piscina del hotel, velar por su seguridad y buen uso de las instalaciones. preparación y recogida del área de la piscina, toma de muestras diarias y servicio de bebidas básicas. IMPRESCINDIBLE: titulación que le acredite para realizar las funciones, conocimientos de inglés, capacidad de trato con la clientela y de trabajo en equipo. OFRECEN: contrato temporal, inicio en junio a jornada completa y turnos rotativos. Salario según convenio de alojamientos de Gipuzkoa.",05/04/2024,162024003261,LABORAL TEMPORAL,,BAÑISTAS-SOCORRISTAS,,,,,Idiomas requeridos INGLES Lectura MEDIO Escritura MEDIO Hablado MEDIO,,,2,5
1,2024-04-14 10:34:56,INSPECTOR-A CALIDAD,Derio,Bizkaia,"Funciones Tareas de inspección OCA Requisitos Ingeniería Técnico Mecánico ó aparejador-a o ámbitos industriales también de FP, con carnet de conducir. Conocimientos de materiales y corrosión. formación en PRL TRABAJO EN EQUIPO carnet B. CONTRATO indefinido",05/04/2024,162024003231,LABORAL INDEFINIDO,,INGENIEROS TÉCNICOS DE CALIDAD,,Hasta 29 años,DESEMPLEADO-A,"B-AUTOMOVIL <= 3.500 KG, ASIENTOS <=9, CON REMOLQUE <= 750 KG, Y TRICICLOS Y CUATRICICLOS DE MOTOR","Conocimientos FORMACIÓN REGLADA - CERTIFICADOS DE PROFESIONALIDAD Se debe estar en posesión de alguno de los siguientes títulos o certificados: Industrial ( Obtenido con fecha posterior a: 15/05/2015) Organización Industrial ( Obtenido con fecha posterior a: 15/05/2015) Minas ( Obtenido con fecha posterior a: 15/05/2015) Química ( Obtenido con fecha posterior a: 15/05/2015) Mantenimiento y Servicios a la Producción ( Obtenido con fecha posterior a: 15/05/2015) Arquitectura ( Obtenido con fecha posterior a: 15/05/2015) Y, además, también se debe estar en posesión de alguno de los siguientes títulos o certificados: Ciencias del Trabajo",,,1,1
1,2024-04-14 10:34:56,PROFESIONAL DE SUPERMERCADO,Salvatierra/Agurain,Araba/Álava,"Se necesita persona para trabajar en supermercado. Turnos rotativos de mañana o tarde. Jornada reducida (28hrs semanales). Se valorará residir en la zona de Agurain o alrededores, experiencia previa y conocimientos de Euskera. Tipo de contrato: sustitución. Duración: 12 meses",05/04/2024,162024003190,LABORAL TEMPORAL,,REPONEDORES DE HIPERMERCADO,,,,,,,,1,37
1,2024-04-14 10:34:56,PROMOTOR/A COMERCIAL,Donostia/San Sebastián,Gipuzkoa,"TAREAS: promocionar tarjeta de fidelización de supermercado, captar posibles clientes e informarles del producto. Son 6 puestos ubicados en Tolosa, Donostia, Azkoitia, Zarautz, Arrasate y Usurbil. OFRECEN: jornada parcial a turnos rotativos de 10 a 15 horas y de 16 a 21 horas. Salario bruto mensual 1.058,58 euros al mes.",05/04/2024,162024003113,LABORAL TEMPORAL,,AZAFATOS O AUXILIARES DE INFORMACIÓN,,,,,Experiencia mínima: 1 año,1 año,,5,29
1,2024-04-14 10:34:56,OPERADOR GRÚA PUENTE,Galdakao,Bizkaia,"Se necesita cubrir un puesto de operador conductor de grúa puente para empresa en Galdakao.  Las funciones a realizar serían las de carga y descarga con puente grúa, guardar el material y mantener limpio y ordenado el almacén. Preparación de pedidos y dar soporte al almacén.  Requisitos imprescindibles formación en grúa puente y experiencia en el puesto de 6 meses.  Se ofrece contrato eventual de 6 meses, con incorporación inmediata y jornada partida de 08:00 a 13:30 y 15:00 a 17:30. Salario a convenir según experiencia.",05/04/2024,162024002679,LABORAL TEMPORAL,,CONDUCTORES-OPERADORES DE GRÚA PUENTE,Nº de puestos: 1,,,,Experiencia mínima: 6 meses,6 meses,,1,38
1,2024-04-14 10:34:56,AGENTE DE SEGUROS,Bergara,Gipuzkoa,"Atención a cartera de clientes y comercialización de seguros. Formación inicial a cargo de la empresa con prácticas. Trabajo en oficina con visitas. Imprescindible: dominio de castellano escrito y hablado. A valorar: residencia en debagoiena o en el alto urola, experiencia comercial, euskera y vehículo. Contrato mercantil indefinido en horario flexible. Sueldo bruto aproximado 1500 euros.",05/04/2024,162024002113,MERCANTIL,,AGENTES DE SEGUROS,,,,,,,,2,11
1,2024-04-14 10:34:56,AGENTE DE SEGUROS (GESTOR DE ZONA),Tolosa,Gipuzkoa,Se precisa personal para gestión de la zona (Tolosaldea). Tareas del puesto: Atención al cliente asignación de cartera de clientes. A valorar: Vehículo. Otra información de interés:: Se posibilitará la formación continua (A cargo de la empresa) posibilidad de desarrollo. Tipo de contrato: Mercantil (Indefinido). Horario flexible. Salario aproximado: 1500¿. Incorporación: Febrero.,05/04/2024,162024001242,MERCANTIL,,AGENTES DE SEGUROS,,,,,,,,1,34
1,2024-04-14 10:34:56,AGENTE DE SEGUROS (GESTOR DE ZONA),Beasain,Gipuzkoa,Se precisa personal para gestión de la zona (Goierri). Tareas del puesto: Atención al cliente asignación de cartera de clientes. A valorar: Vehículo. Otra información de interés:: Se posibilitará la formación continua (A cargo de la empresa) posibilidad de desarrollo. Tipo de contrato: Mercantil (Indefinido). Horario flexible. Salario aproximado: 1500¿. Incorporación: Febrero.,05/04/2024,162024001239,MERCANTIL,,AGENTES DE SEGUROS,,,,,,,,1,16
1,2024-04-14 10:34:56,INSTALADOR/A DE VENTANAS,Elorrio,Bizkaia,"DESCRIPCIÓN DEL PUESTO: Instalación de ventanas y carpinterías en obra y fabricación de ventanas y carpinterías en taller. Se valorará la experiencia en trabajo en obra y en trabajos en taller de carpintería, así como el carnet de conducir. El trabajo será a jornada partida, y la duración del contrato será indefinido",04/04/2024,162024003741,LABORAL INDEFINIDO,,"MONTADORES DE CARPINTERÍA METÁLICA, ALUMINIO Y P.V.C",,,,,,,,2,20
1,2024-04-14 10:34:56,ENFERMERO/ENFERMERA,Gernika-Lumo,Bizkaia,Se necesita enfermero/enfermera para residencia. IMPRESCINDIBLE: titulación habilitante. CONTRATO: Indefinido. Jornada completa. Incorporación inmediata.,04/04/2024,162024003740,LABORAL INDEFINIDO,,ENFERMEROS DE CUIDADOS GENERALES,,,,,Conocimientos FORMACIÓN REGLADA - CERTIFICADOS DE PROFESIONALIDAD Se debe estar en posesión de alguno de los siguientes títulos o certificados: Enfermería y atención a enfermos (Programas que combinan cuidados de salud con cuidados sociales),,,1,0
1,2024-04-14 10:34:56,"PROFESOR/A DE PIANO, TECLADO Y REPERTORIO",Errenteria,Gipuzkoa,"Se ofrece una sustitución de profesor-a de piano, teclado y repertorio en Errenteria. IMPRESCINDIBLE: titulación superior de piano. Euskera C1. SE OFRECE: Funcionario interino a jornada completa. HORARIO: (26 horas presenciales): lunes y miércoles de 15:00 a 20:30, martes de 14:00 a 20:40, jueves de 15:10 a 20:30 y viernes de 14:45 a 18:15. SALARIO: 3163,22 euros al mes. INCORPORACIÓN: inmediata.",04/04/2024,162024003738,LABORAL TEMPORAL,,"PROFESORES DE INSTRUMENTOS MUSICALES, EN GENERAL",,,,,Conocimientos FORMACIÓN REGLADA - CERTIFICADOS DE PROFESIONALIDAD Se debe estar en posesión de alguno de los siguientes títulos o certificados: Música OTROS CONOCIMIENTOS PROFESIONALES DE PIANO,,,1,0
1,2024-04-14 10:34:56,CARRETILLERA/O,Azpeitia,Gipuzkoa,Una empresa ubicada en Azpeitia necesita un/a Carretillero/a. Es imprescindible tener experiencia como carretillero/a. Se valorará tener 33% de discapacidad.  Trabajo a 2 turnos. Jornada completa.,04/04/2024,162024003735,LABORAL TEMPORAL,,"MOZOS DE CARGA Y DESCARGA, ALMACÉN Y/O MERCADO DE ABASTOS",Nº de puestos: 1,,,,,,,1,28
1,2024-04-14 10:34:56,CRISTALERO/A,Mungia,Bizkaia,"Se necesita cristalero/a en nuestra delegación de Mungia, para medición e instalación de vidrio. Requisitos imprescindibles: experiencia en el sector",04/04/2024,162024003734,LABORAL INDEFINIDO,,CRISTALEROS DE EDIFICIOS,Nº de puestos: 1,,,,EXPERIENCIA Ocupación: CRISTALEROS DE EDIFICIOS (6 Meses ),,,1,1
1,2024-04-14 10:34:56,FORMADOR/A CERTIFICADOS PROFESIONAL ÁREA EDIFICACIÓN Y OBRA CIVIL,Santurtzi,Bizkaia,"Se precisa formador/a para impartir formación de certificado profesional OPERACIONES AUXILIARES DE ALBAÑILERÍA DE FÁBRICAS Y CUBIERTAS. Requisitos Imprescindibles: Formación reglada mínima técnico/técnico superior en la familia profesional edificación y obra civil y/o certificado profesional nivel 2-3 del área profesional de albañilería y acabados. Experiencia docente al menos 600 horas acreditadas o estar en posesión o estar en posesión de certificación profesional docencia para el empleo, formador ocupacional o equivalente. Contrato temporal horario de tarde.",04/04/2024,162024003731,LABORAL TEMPORAL,,FORMADORES DE FORMACIÓN OCUPACIONAL NO REGLADA,Nº de puestos: 1,,,,Experiencia mínima: 1 año,1 año,,1,1
1,2024-04-14 10:34:56,ADMINISTRATIVO/A,Beasain,Gipuzkoa,"Tareas:  Medición del lenguaje y del uso de la música en las atracciones que se instalarán en el ferial durante las fiestas de Loinatz.  Medición del lenguaje en la feria especial del martes 14 de mayo de las fiestas de Loinatz.  El 13 de mayo de 2024, dar información en los establecimientos de la zona, de la feria que se va a celebrar el día siguiente. Requisitos obligatorios:  Tener formación de ciclo medio o superior o equivalente.  Euskera: nivel B2 escrito y oral.  La duración aproximada del contrato será de 18 días. La fecha de incorporación será el 3 de mayo de 2024.",04/04/2024,162024003729,LABORAL TEMPORAL,,"EMPLEADOS ADMINISTRATIVOS, EN GENERAL",,,,,"NIVELES FORMATIVOS REQUERIDOS Desde Enseñanzas de grado medio de formación profesional específica, artes plásticas y diseño, y deportivas. Hasta Doctorado universitario",,,1,11
1,2024-04-14 10:34:56,SOFTWARE ENGINEER JAVA/J2EE,Bilbao,Bizkaia,"Desde la línea de Desarrollo, estamos en búsqueda de un perfil con experiencia como Analista programador/a JAVA.  Pensamos en titulados/as técnicos, que aporten experiencia en entornos Java/J2EE para integrarse en nuestros equipos de desarrollo, en modalidad hibrida, para participar en proyectos y servicios orientados a importantes clientes del sector público.",04/04/2024,162024003728,LABORAL INDEFINIDO,,ANALISTAS-PROGRAMADORES,,,,,Experiencia mínima: 2 años,2 años,,1,3
1,2024-04-14 10:34:56,COCINERO/A DE COCINA INDIA,Getxo,Bizkaia,Restaurante de comida hindú ubicado en Getxo precisa contratar a un/a cocinero/a especialista en comida india. Requisitos imprescindibles: Saber cocinar comida india con variedad de platos. Experiencia mínima demostrable en el puesto de 6 meses. Se ofrece contrato indefinido a jornada completa de 40 horas semanales. Salario mensual bruto aproximado en euros 1700. Incorporación inmediata.,04/04/2024,162024003727,LABORAL INDEFINIDO,,"COCINEROS, EN GENERAL",,,,,Experiencia mínima: 6 meses,6 meses,,2,0
1,2024-04-14 10:34:56,TORNERO CONVENCIONAL,Arantzazu,Bizkaia,"Oficial para mecanizado de piezas unitarias con torno horizontal 3000 mm Retribución según valía, turno de mañana o tarde alterno. Incorporación inmediata IMPRESCINDIBLE Buena actitud, responsable, comunicativo y ordenado, trabajo en equipo, experiencia mínima de 5 años en mecanizado de de piezas con torno convencional. VALORABLE Residencia en el valle de Arratia",04/04/2024,162024003725,LABORAL TEMPORAL,,"OPERADORES DE TORNO UNIVERSAL, AUTOMÁTICO Y/O REVOLVER",,,,,Experiencia mínima: 5 años,5 años,,1,0
1,2024-04-14 10:34:56,RECEPCIONISTA DE ALBERGUE,Donostia/San Sebastián,Gipuzkoa,"Se necesita personal para el puesto de conserjería/recepción de albergues en horario nocturno. -Requisitos imprescindibles: disponibilidad completa para trabajar incluidos turnos nocturnos, euskera como idioma materno, inglés B2 como mínimo y habilidades interpersonales. -Se valorarán: conocimientos de francés, carnet de conducir y vehículo propio, así como la experiencia en puestos similares. -Se ofrece: Contrato indefinido como fijo discontinuo, jornada completa en horario nocturno y sueldo de 1323 Euros brutos mensuales.",04/04/2024,162024003724,LABORAL INDEFINIDO,,RECEPCIONISTAS DE HOTEL,Nº de puestos: 2,,,,"EXPERIENCIA Ocupación: CONSERJES, EN GENERAL",,,2,3
1,2024-04-14 10:34:56,AUXILIAR PARA FIESTAS DE BEASAIN,Beasain,Gipuzkoa,"Se necesita auxiliar para colaborar en las Fiestas de Loinatz del año 2024 (vigilancia de vehículos autorizados en zona peatonal, vigilancia del aparcamiento, control de acceso peatonal a espectáculos pirotécnicos, vigilancia durante el montaje de puestos ambulantes...). Deberá saber euskera y conocer el municipio. Se ofrece contrato de trabajo de 10 días.",04/04/2024,162024003723,LABORAL TEMPORAL,,"PEONES DE LA INDUSTRIA MANUFACTURERA, EN GENERAL",,,,,Idiomas requeridos EUSKERA Lectura MEDIO Escritura MEDIO Hablado MEDIO,,,8,9
1,2024-04-14 10:34:56,TORNERO CNC,Arantzazu,Bizkaia,"Oficial para torno FAGOR 8060 de 8000-2000 hasta 15 Toneladas para mecanizado de piezas unitarias mecano soldadas. Contrato indefinido, retribución según valía, turno de mañana o tarde alterno. Incorporación inmediata IMPRESCINDIBLE Buena actitud, responsable, comunicativo y ordenado, trabajo en equipo, experiencia mínima de 5 años en mecanizado de de piezas de calderería mecanizada, programación a pie de máquina. VALORABLE Experiencia con controles Fagor, residencia en el valle de Arratia",04/04/2024,162024003722,LABORAL INDEFINIDO,,OPERADORES DE TORNO CON CONTROL NUMÉRICO (METALES),,,,,Experiencia mínima: 5 años,5 años,,1,1
1,2024-04-14 10:34:56,CONTABLE-LABORAL,Vitoria-Gasteiz,Araba/Álava,"Se necesita contable con experiencia también en el sector laboral (contratos, nóminas...). Para empresa de gruas y taller mecánico. IMPRESCINDIBLE: experiencia mínima de 2 años en contabilidad y laboral. Se ofrece contrato indefinido de lunes a viernes con incorporación inmediata.",04/04/2024,162024003719,LABORAL INDEFINIDO,,"EMPLEADOS ADMINISTRATIVOS DE CONTABILIDAD, EN GENERAL",,,,,Experiencia mínima: 2 años,2 años,,1,8
1,2024-04-14 10:34:56,MARMITÓN,Andoain,Gipuzkoa,"Para empresa ubicada en Andoain. Para realizar tareas propias del puesto de marmitón en una sidrería. Requisitos: Imprescindible: 3 meses de experiencia en puestos similares. Vehículo propio y permiso de conducir. Valorable: Actitud positiva hacia el trabajo. Euskera. Se ofrece: Contrato temporal. Incorporación inmediata. Horario jornada partida sábado y domingo de 14:00 a 19:00. Salario bruto mensual: 1718,98¿",04/04/2024,162024003716,LABORAL TEMPORAL,,MARMITONES,Nº de puestos: 1,,,,Experiencia mínima: 3 meses,3 meses,,1,11
1,2024-04-14 10:34:56,CONSULTOR/A COMERCIAL ASESORIA JURÍDICA,Donostia/San Sebastián,Gipuzkoa,"Ofrecer servicios a clientes potenciales (PYMES, comercios y autónomos) y mantenimiento de cartera de clientes. IMPRESCINDIBLE: experiencia en el puesto, permiso de conducir y vehículo propio, nivel alto de euskera. OFRECEN: contrato indefinido a jornada completa y salario mensual de 1.600 euros.",04/04/2024,162024003714,LABORAL INDEFINIDO,,"DELEGADOS COMERCIALES, EN GENERAL",,,,"B-AUTOMOVIL <= 3.500 KG, ASIENTOS <=9, CON REMOLQUE <= 750 KG, Y TRICICLOS Y CUATRICICLOS DE MOTOR",Experiencia mínima: 1 año,1 año,,1,0
1,2024-04-14 10:34:56,FUNERARIO/A A JORNADA COMPLETA,Berriz,Bizkaia,"Se precisa una persona para la realización de las siguientes tareas: Recogida y preparación de difuntos/as, atención a familiares, tramitación de los servicios del tanatorio, crematorio e iglesia, etc.  REQUISITOS IMPRESCINDIBLE: · Carnet de conducir tipo B.  REQUISITOS A VALORAR: · Experiencia en el sector. · Seriedad y buena presencia.  Se ofrece contrato INDEFINIDO a JORNADA COMPLETA.",04/04/2024,162024003712,LABORAL INDEFINIDO,,EMPLEADOS DE SERVICIOS FUNERARIOS EN GENERAL,,,,"B-AUTOMOVIL <= 3.500 KG, ASIENTOS <=9, CON REMOLQUE <= 750 KG, Y TRICICLOS Y CUATRICICLOS DE MOTOR",,,,1,27
1,2024-04-14 10:34:56,PEÓN MATADERO,Zerain,Gipuzkoa,"Se necesita peón de matadero, para sacrificio de pollos. Imprescindible: Carnet de conducir y vehículo propio. Hablar euskera o castellano. Se valorará residencia cerca de Zerain. Jornada de trabajo: 3 días a la semana.",04/04/2024,162024003711,LABORAL INDEFINIDO,,MATARIFES DE AVES Y CONEJOS,,,,"B-AUTOMOVIL <= 3.500 KG, ASIENTOS <=9, CON REMOLQUE <= 750 KG, Y TRICICLOS Y CUATRICICLOS DE MOTOR",Idiomas requeridos ESPAÑOL Lectura SUPERIOR Escritura SUPERIOR Hablado SUPERIOR,,,1,8
1,2024-04-14 10:34:56,TÉCNICO DE RECAMBIOS,Zumaia,Gipuzkoa,"Creación de los catálogos de recambios: piezas de motor y de auxiliares, con flexibilidad y adaptación a las customizaciones del producto Guascor Gestión y manejo del site de catálogos de recambios, definiendo los layouts y perfiles de visualización Mejora continua de la información ofrecida para el recambio Creación de nuevas referencias de recambios en el sistema ERP Colaboración activa con IT en la conexión del sistema ERP con los catálogos interactivos, a fin de que los catálogos puedan convertirse en plataforma de compra para distribuidores y clientes Venta activa de recambios, servicios y formación a clientes o distribuidores Contribuir con las mejores prácticas en seguridad y salud de la compañía respetando las normas establecidas en los sitios de trabajo, y actuando con la mayor ética profesional y compañerismo Se requiere Certificado de Discapacidad >= 33% Formación Profesional en mecánica, mecatrónica o electrónica Inglés B2",04/04/2024,162024003709,LABORAL INDEFINIDO,Discapacitados/as,TÉCNICOS EN MECÁNICA DE MÁQUINAS HERRAMIENTAS,Nº de puestos: 1,,,,"Conocimientos FORMACIÓN REGLADA - CERTIFICADOS DE PROFESIONALIDAD Se debe estar en posesión de alguno de los siguientes títulos o certificados: Técnico Superior, enseñanzas de grado superior de FP",,,1,0
1,2024-04-14 10:34:56,ASISTENTE DOMICILIARIO,Tolosa,Gipuzkoa,"Se necesita asistente domiciliario para atención a dos hermanas de 81 y 83 años con nivel I de dependencia:apoyo en higiene personal,preparar comida,ayuda para compras,limpieza del hogar,gestiones con el médico y control de toma de medicación.Imprescindible tener Habilitación Excepcional y/o Certificado de profesionalidad en Atención a personas dependientes y residencia en la comarca.Se valora dominio de euskera hablado.Horario: del Lunes a Sábado, de 9 a 12 y de 19 a 21h.Salario según convenio. Incorporación inmediata",04/04/2024,162024003708,LABORAL TEMPORAL,,ASISTENTES DOMICILIARIOS,,,,,Experiencia mínima: 1 año,1 año,,1,10
1,2024-04-14 10:34:56,CUIDADO Y LIMPIEZA PARA BERROBI,Azpeitia,Gipuzkoa,"Cuidado de una persona dependiente: Ducha, vestir, preparar la comida... Ella es bastante independiente de las cosas que hace al día. También hay que hacer limpieza en casa. Imprescindible: Estar en posesión del certificado profesional y disponibilidad para los fines de semana. Contrato de media jornada",04/04/2024,162024003707,LABORAL INDEFINIDO,,ASISTENTES DOMICILIARIOS,,,,,,,,1,16
1,2024-04-14 10:34:56,MONITOR/A DE NATACIÓN,Getxo,Bizkaia,Empresa de Gestión de Servicios Acuáticos precisa contratar a 5 monitores/as de natación para Comunidades y Clubs privados de Bizkaia. Requisito imprescindible: Formación Reglada de Técnico Superior en Enseñanza y Animación Sociodeportiva (Anterior denominación: T.A.F.A.D.:Técnico Superior en Actividades Físicas y Animación Deportiva). Se ofrece contrato temporal durante el periodo estival ( junio-septiembre) con horario de 4 horas durante las mañanas de lunes a viernes con posibilidad de modificación a tardes según necesidades del servicio. Salario según convenio. Incorporación prevista junio 2024.,04/04/2024,162024003706,LABORAL TEMPORAL,,MONITORES Y/O ANIMADORES DEPORTIVOS,,,,,Conocimientos FORMACIÓN REGLADA - CERTIFICADOS DE PROFESIONALIDAD Se debe estar en posesión de alguno de los siguientes títulos o certificados: TÉCNICO SUPERIOR en Enseñanza y Animación Sociodeportiva,,,5,7
1,2024-04-14 10:34:56,ASISTENTE DOMICILIARIO,Asteasu,Gipuzkoa,"Cuidado por la mañana de una mujer de 88 años, de 8:15 a 14:15 horas de lunes a viernes. Funciones: Levantarla de la cama, ayudarla a vestirse, lel desayuno, preparar su almuerzo, tareas habituales del hogar, pooner la lavadora, limpiar, recoger la cocina... Imprescindible: Conocimiento del euskera y certificación profesional para este trabajo. Es para empezar a mediados de abril o en 3 semanas.",04/04/2024,162024003705,LABORAL TEMPORAL,,ASISTENTES DOMICILIARIOS,,,,,,,,1,14
1,2024-04-14 10:34:56,CAMARERO/A,Andoain,Gipuzkoa,"Rte. Ubicado en Andoain ., solicita un camarero/a Trabajo a jornada completa. Contrato indefinido Salario 1770 euros /bruto",04/04/2024,162024003704,LABORAL INDEFINIDO,,"CAMAREROS, EN GENERAL",Nº de puestos: 1,,,,,,,1,20
1,2024-04-14 10:34:56,COCINERA/O,Donostia/San Sebastián,Gipuzkoa,"Se precisa cocinera/o para restaurante en Donostia. IMPRESCINDIBLE: experiencia reciente de al menos 12 meses en el puesto. OFRECEN: contrato indefinido a jornada completa, con los descansos correspondientes. Horario de martes a jueves de mañana viernes y sábado de mañana y tarde y domingos de mañanas. Salario bruto mensual de 1.900 euros.",04/04/2024,162024003116,LABORAL INDEFINIDO,,"COCINEROS, EN GENERAL",,,,,Experiencia mínima: 2 años,2 años,,1,11
1,2024-04-14 10:34:56,FONTANERO/A,Iurreta,Bizkaia,"EMPRESA SITUADA EN DURANGUESADO SOLICITA UNA PERSONA CUALIFICADA PARA REALIZAR TRABAJOS DE FONTANERÍA, CALEFACCIÓN Y GAS. REQUISITOS A VALORAR: CARNET DE CONDUCIR Y TARJETA DE LA CONSTRUCCIÓN. SE OFRECE CONTRATO DE FIN DE OBRA EN HORARIO A JORNADA PARTIDA",04/04/2024,162024002668,LABORAL TEMPORAL,,FONTANEROS,,,,,,,,1,10
1,2024-04-14 10:34:56,OPERARIO/A DE LIMPIEZA,Lemoa,Bizkaia,"Se precisa limpiador/a para realizar la limpieza interior de autobuses, pasarlos luego por el túnel de lavado para la limpieza exterior, y su repostaje, aparcando los vehículos en la zona habilitada para ello. El puesto de trabajo se llevará a cabo en Lemoa. Se ofrece: jornada completa de lunes a domingo, 35 h semanales, a 7h diarias en horario de tarde -noche. Se puede empezar en la franja de 19 a 21 h, contando después 7 horas. Imprescindible: carnet de conducir D y disponibilidad para trabajar en horario nocturno. Valorable: experiencia en limpieza de vehículos, cercanía al lugar de trabajo, Lemoa, destreza en el manejo y conducción de autobuses.",04/04/2024,162024002431,LABORAL INDEFINIDO,,PERSONAL DE LIMPIEZA O LIMPIADORES EN GENERAL,,,,"D - AUT. TRANSPORTE PERSONAS, ASIENTOS > 9, REMOLQUE <= 750 KG",,,,1,26
1,2024-04-14 10:34:56,ELECTROMECÁNICO/A DE MANTENIMIENTO,Donostia/San Sebastián,Gipuzkoa,Descripción del puesto: Trazar y mecanizar tubería. Conformar y armar tuberías. Montar instalaciones de tuberías y equipos hidroneumáticos. Requisitos imprescindibles: Grado superior acorde al puesto o experiencia profesional en el ámbito. Carnet B y coche. Conocimientos de interpretación de planos. Tipo de contrato: Indefinido e incorporación inmediata. Salario: Según convenio,04/04/2024,162024002190,LABORAL INDEFINIDO,,"MONTADORES ELECTROMECÁNICOS, EN GENERAL",,,,"B-AUTOMOVIL <= 3.500 KG, ASIENTOS <=9, CON REMOLQUE <= 750 KG, Y TRICICLOS Y CUATRICICLOS DE MOTOR",Experiencia mínima: 1 año,1 año,,1,17
1,2024-04-14 10:34:56,AUXILIAR ADMINISTRATIVA/O,Beasain,Gipuzkoa,Se necesita persona para trabajos de auxiliar administrativo en autoescuela.  IMPRESCINDIBLE: Euskera nivel alto Nivel Formativo: Mínimo Grado Medio (administración) Carnet de conducir B1  Se valorará: Experiencia previa en autoescuelas Ofrecen contrato indefinido con jornada completa e incorporación inmediata.,04/04/2024,162024000510,LABORAL INDEFINIDO,,"EMPLEADOS ADMINISTRATIVOS, EN GENERAL",,,,"B-AUTOMOVIL <= 3.500 KG, ASIENTOS <=9, CON REMOLQUE <= 750 KG, Y TRICICLOS Y CUATRICICLOS DE MOTOR","NIVELES FORMATIVOS REQUERIDOS Desde Enseñanzas de grado medio de formación profesional específica, artes plásticas y diseño, y deportivas. Hasta Doctorado universitario",,,1,89
1,2024-04-14 10:34:56,MECÁNICO/A,Salvatierra/Agurain,Araba/Álava,"Se requiere a dos personas mecánicas para mantenimiento de maquinaria agrícola. Imprescindible: Formación de grado medio de técnico en electromecánica de maquinaria, técnico en electromecánica de vehículos automóviles o experiencia de 12 meses en el puesto. Permiso de conducir. Valorable: Conocimientos de soldadura. Tipo de contrato: indefinido Tipo de jornada/horario: 08.30 a 13:30 y 15:00 a 18:00",04/04/2024,162024000342,LABORAL INDEFINIDO,,"MECÁNICOS REPARADORES DE MAQUINARIA AGRÍCOLA, EN GENERAL",,,,"B-AUTOMOVIL <= 3.500 KG, ASIENTOS <=9, CON REMOLQUE <= 750 KG, Y TRICICLOS Y CUATRICICLOS DE MOTOR",Experiencia mínima: 1 año,1 año,,1,6
1,2024-04-14 10:34:56,INSTALADOR/A DE TELECOMUNICACIONES,Erandio,Bizkaia,"IMPRESCINDIBLE: formación profesional de grado medio o superior en Telecomunicaciones y experiencia mínima de un año en instalación de sistemas CCTV, software intrusión, redes informáticas, configuración de instalaciones mediante el ordenador... A VALORAR: formación en PRL de 60 horas (TPC Construcción/TPC Metal) y de 6 horas. SE OFRECE: contrato indefinido, a jornada completa, de lunes a viernes, en horario de: 8:00 16:00 h. SALARIO: según convenio. INCORPORACIÓN: inmediata.",04/04/2024,162023010516,LABORAL INDEFINIDO,,INSTALADORES DE EQUIPOS Y SISTEMAS DE TELECOMUNICACIÓN,,,,,Experiencia mínima: 6 meses,6 meses,,2,5
1,2024-04-14 10:34:56,CONSULTOR/A ESTRATEGIA,Bilbao,Bizkaia,"Queremos incorporar un Consultor de estrategia con al menos 5 años de experiencia para formar parte del equipo técnico del departamento de Estrategia & operaciones.  No dudes en aplicar si...  Has estudiado en Administración y Dirección de Empresas o Ingeniería Industrial, Doble Grado ADE e Ingeniería Industrial o similares.  Mínimo 5 años de experiencia consultoría de proyectos de estrategia y operaciones, o áreas de estrategia corporativa.  Cuentas con un nivel excelente en el paquete MS Office (PowerPoint, Excel,...)  Si tienes capacidad analítica y excelente comunicación escrita y hablada.  Enfoque a cliente y capacidad para mantener relaciones comerciales  Disponibilidad de movilidad internacional de forma puntual  Tienes capacidad de trabajo en equipo y rigor técnico.  Tienes autonomía y mentalidad innovadora.  Posees inglés avanzado (Min. C1) -Deseable conocimientos de Francés o Alemán",03/04/2024,162024003703,LABORAL INDEFINIDO,,ASESORES DE EMPRESAS,,,,,Experiencia mínima: 5 años,5 años,,1,24
1,2024-04-14 10:34:56,CAMARERA/O DE SALA Y BARRA,Donostia/San Sebastián,Gipuzkoa,"Se precisa camarera/o de comedor para menú del día y barra para servir cafés, pintxos, raciones...para restaurante de Donostia. OFRECEN: contrato indefinido. Horario de lunes a jueves de 12:30 a 17 horas y viernes de 11 a 17 horas. Salario según convenio de hostelería. IMPRESCINDIBLE: experiencia reciente de al menos 12 meses en el puesto y experiencia en uso de PDA y TPV.",03/04/2024,162024003702,LABORAL INDEFINIDO,,CAMAREROS DE SALA O JEFES DE RANGO,,,,,Experiencia mínima: 2 años,2 años,,1,15
1,2024-04-14 10:34:56,CARNICERO/A,Gorliz,Bizkaia,Se necesita carnicero/a con experiencia para trabajar en supermercado a jornada completa. Requisito imprescindible: experiencia mínima de 6 meses en carnicería. Tipo de contrato: laboral indefinido. Salario según convenio. Incorporación inmediata.,03/04/2024,162024003701,LABORAL INDEFINIDO,,DEPENDIENTES DE CARNICERÍA Y/O CHARCUTERÍA,,,,,Experiencia mínima: 6 meses,6 meses,,2,4
1,2024-04-14 10:34:56,ALMACENISTA CON IDIOMAS,Andoain,Gipuzkoa,"Será el referente al preparar los pedidos y recibir compras de material de calderería. Serás la pieza clave dentro de la oficina, taller, proveedor y a veces clientes, compras, stocks, etc. Se requiere: Experiencia previa en tareas de carga y descarga y reposición de material. Control de inventario. Control de entradas y revisión de material. Colocación en estanterías, preparación de pedidos, gestión de albaranes, gestión exhaustiva de todo el material y etiquetaje. Idiomas: Español, francés y árabe. Se ofrece: Contrato indefinido. Jornada Partida. Salario: 1.400 euros brutos.",03/04/2024,162024003699,LABORAL INDEFINIDO,,TÉCNICOS EN GESTIÓN DE STOCKS Y/O ALMACÉN,,,,,Experiencia mínima: 5 años,5 años,,1,5
1,2024-04-14 10:34:56,PERSONAL DE LIMPIEZA,Amurrio,Araba/Álava,"Para limpieza en casa rural. Se ofrece contrato por sustitución a media jornada, de 11:00 a 15:00, 5 días a la semana, librando dos días a rotación (no los fines de semana). Incorporación inmediata.",03/04/2024,162024003696,LABORAL TEMPORAL,,PERSONAL DE LIMPIEZA O LIMPIADORES EN GENERAL,,,,"B-AUTOMOVIL <= 3.500 KG, ASIENTOS <=9, CON REMOLQUE <= 750 KG, Y TRICICLOS Y CUATRICICLOS DE MOTOR",Experiencia mínima: 1 año,1 año,,1,8
1,2024-04-14 10:34:56,TÉCNICO/A EN LOGÍSTICA,Abadiño,Bizkaia,"Empresa situada en el Duranguesado solicita dos personas para:  Seguimiento de programas de entregas y pedidos puntuales de clientes.  Organizar las expediciones cumpliendo los plazos exigidos  Asegurar, junto con el responsable de almacén, el almacenaje de la mercancía -Mejorar los plazos de entrega y reducir los costes. Requisitos imprescindibles: certificado de discapacidad de al menos el 33% -Diplomatura o licenciatura -Inglés C1 y alemán B2 -3 años de experiencia mínima en Export/Import. Se ofrece contrato indefinido",03/04/2024,162024003690,LABORAL INDEFINIDO,Discapacitados/as,"AGENTES DE TRANSPORTES, EN GENERAL",,,,,Experiencia mínima: 3 años,3 años,,2,0
1,2024-04-14 10:34:56,DEPENDIENTA/DEPENDIENTE DE MODA Y COMPLEMENTOS,Ondarroa,Bizkaia,"Se encargará de la venta, atención al cliente y organizar la tienda de ropa y complementos. Requisitos imprescindibles saber Euskera. Se valorara el buen trato, amabilidad y que sea activa. El contrato será temporal a jornada reducida e incorporación inmediata.",03/04/2024,162024003684,LABORAL TEMPORAL,,"DEPENDIENTES DE COMERCIO, EN GENERAL",,,,,Idiomas requeridos EUSKERA Lectura MEDIO Escritura MEDIO Hablado MEDIO,,,1,19
1,2024-04-14 10:34:56,AYUDANTE DE MECANICO,Astigarraga,Gipuzkoa,"Taller de reparación de vehículos industriales, necesita para Astigarraga, ayudante de mecánica para desmontaje de piezas de vehículos industriales (camiones...) Se precisa hacer esfuerzo físico para movimiento de las piezas. IMPRESCINDIBLE: Manejo de herramientas y útiles de reparación. Carnet de conducir B1. OFRECE: Contrato temporal (6 meses posibilidad continuar indefinido). Media jornada, horario continuo (posibilidad de horarios flexibles según cargas trabajo). Salario según convenio.",03/04/2024,162024003682,LABORAL TEMPORAL,,"MECÁNICOS-AJUSTADORES DE CAMIONES Y AUTOBUSES, EN GENERAL",,,,"B-AUTOMOVIL <= 3.500 KG, ASIENTOS <=9, CON REMOLQUE <= 750 KG, Y TRICICLOS Y CUATRICICLOS DE MOTOR",EXPERIENCIA Ocupación: CHAPISTAS-PINTORES DE VEHÍCULOS,,,1,9
1,2024-04-14 10:34:56,PELUQUEROA/O,Amorebieta-Etxano,Bizkaia,Se precisa una persona peluquera para centro de belleza y bienestar.  REQUISITO IMPRESCINDIBLE: Experiencia como peluquera/o en categoría de Oficial de 2ª ó 1ª.  REQUISITOS A VALORAR: Conocimientos de esteticista.  Se ofrece contrato a jornada completa de 6 meses con posibilidad de contratación indefinida. Salario según convenio. Incorporación inmediata.,03/04/2024,162024003681,LABORAL TEMPORAL,,PELUQUEROS DE SEÑORAS,,,,,,,,1,4
1,2024-04-14 10:34:56,MANTENIMIENTO PREDICTIVO,Barakaldo,Bizkaia,"FUNCIONES: Implantaciones y auditorias del mantenimiento predictivo. Instalación y puesta en marcha de equipos de monitorización. Servicio de diagnóstico, in situ y remoto, detección de fallos y calibración. Medición de rendimiento de las máquinas, recopilación de los datos y redacción de informes. Gestionar la relación con el cliente.  REQUISITOS IMPRESCINDIBLES: formación técnica, preferiblemente Ingeniería o ciclo formativo del área industrial, mecánica o electricidad. Experiencia de al menos 1 año. Disponibilidad para viajar. Vehículo propio.  VALORABLE: nivel alto de inglés y habilidades de comunicación verbal y escrita.  SE OFRECE: jornada completa e incorporación inmediata. Salario bruto mensual, aprox. 1650 euros.",03/04/2024,162024003680,LABORAL TEMPORAL,,"INGENIEROS EN MECÁNICA, EN GENERAL",,,,"B-AUTOMOVIL <= 3.500 KG, ASIENTOS <=9, CON REMOLQUE <= 750 KG, Y TRICICLOS Y CUATRICICLOS DE MOTOR",Experiencia mínima: 1 año,1 año,,1,3
1,2024-04-14 10:34:56,DISEÑO DE INTERIORES,Azpeitia,Gipuzkoa,"Diseño de interiores, atención al cliente, seguimiento del proyecto.  -IMPRESCINDIBLE: Estudios de Diseño de Interiores. Euskera. -SE VALORA: Experiencia",03/04/2024,162024003679,LABORAL INDEFINIDO,,DECORADORES Y/O DISEÑADORES DE INTERIORES,,,,,Conocimientos FORMACIÓN REGLADA - CERTIFICADOS DE PROFESIONALIDAD Se debe estar en posesión de alguno de los siguientes títulos o certificados: TÍTULO SUPERIOR en Diseño: Interiores (Enseñanzas Artísticas Superiores) GRADO en Diseño de Interiores GRADO en Proyectos de Interiorismo,,,1,4
1,2024-04-14 10:34:56,PREPARADOR LABORAL PARA PROYECTOS DE FORMACION,Oiartzun,Gipuzkoa,"Se precisa para Oiartzun, preparador/a laboral para el Departamento de formación de un Centro Especial de Empleo. Tareas: formación y seguimiento a trabajadores con discapacidad en la empresa. IMPRESCINDIBLE: Certificado de docencia+ Técnico y Técnico Superior de la familia profesional de Comercio y Marketing+ 1 año de experiencia profesional en comercio y marketing+ 1 año de experiencia en los social. O certificado de docencia + 3 años de experiencia profesional en comercio o marketing +1 año de experiencia en lo social. VALORAR: experiencia trabajo con personas discapacidad. OFRECE: Contrato duración determinada ( 3 meses). Jornada completa. Salario bruto mensual: 2015 euros brutos.",03/04/2024,162024003677,LABORAL TEMPORAL,,TÉCNICOS EN INTEGRACIÓN SOCIAL,,,,,Experiencia mínima: 3 años,3 años,,1,9
1,2024-04-14 10:34:56,TECNICO/A ELECTRICISTA,Amorebieta-Etxano,Bizkaia,"Trabajo en planta, lectura de esquemas eléctricos, preparación de material y cableado de armarios eléctricos, etc.  Se valorará conocimientos de euskera.",03/04/2024,162024003676,LABORAL INDEFINIDO,,"TÉCNICOS EN ELECTRICIDAD, EN GENERAL",Nº de puestos: 1,,,,Experiencia mínima: 4 meses,4 meses,,1,19
1,2024-04-14 10:34:56,DOCENTE DE IA Y BIG DATA. ESPECIALIZACIÓN FP,Muskiz,Bizkaia,Funciones Docente de IA y Big Data. Especialización FP  Requisitos Persona con capacidad y ganas de actualizarse. Autónoma y con iniciativa en el ámbito de la investigación. Es un sector en constante cambio.  Posibles Titulaciones universitarias  Matemáticas Física / Química Licenciaturas de ciencia en general que manejen muchos datos usando estadística o similares. Necesario CAP o Master en Profesorado  Valorable Conocimientos en:  Python / R Bases de datos. Conocimientos básicos de análisis de datos/estadística.,03/04/2024,162024003675,LABORAL TEMPORAL,,"PROFESORES TÉCNICOS DE FORMACIÓN PROFESIONAL, EN GENERAL",,,,,"Conocimientos FORMACIÓN REGLADA - CERTIFICADOS DE PROFESIONALIDAD Se debe estar en posesión de alguno de los siguientes títulos o certificados: Automática y Electrónica Industrial Matemáticas - Estadística Física - Óptica y Optometría LICENCIATURA en física GRADO en Física GRADO en Física e Instrumentación Espacial GRADO en Física Aplicada GRADO en Física Computacional MÁSTER UNIVERSITARIO en Física Química Química Y, además, también se debe estar en posesión de alguno de los siguientes títulos o certificados: Pedagogía",,,1,5
1,2024-04-14 10:34:56,TÉCNICO/A DE MARKETING DIGITAL,Irun,Gipuzkoa,"Funciones: Generar contenidos web, gestión de redes sociales, comunicaciones blogs, reseñas, creación de contenido visual.... Coordinar con los colaboradores externos programadores de la web, diseñadores de dípticos etc. Requisitos imprescindibles: Experiencia previa de 12 meses en la ocupación, euskara. Requisitos a valorar: Permiso B y vehículo. Se ofrece: Contrato indefinido, jornada partida.",03/04/2024,162024003674,LABORAL INDEFINIDO,,GESTORES DE REDES SOCIALES,,,,,Experiencia mínima: 1 año,1 año,,1,26
1,2024-04-14 10:34:56,SOCORRISTA ACUATICO,Getxo,Bizkaia,Empresa de Gestión de Servicios Acuáticos precisa contratar a varios socorristas para Comunidades y Clubs Privados de Bizkaia. Requisitos imprescindibles: Carné de socorrista y Carné de primeros auxilios. Se ofrece contrato temporal para el periodo estival ( junio-septiembre) con jornada de lunes a domingo y en semanas de mañana o tarde librando los días estipulados por ley. Salario según convenio. Incorporación junio 2024.,03/04/2024,162024003672,LABORAL TEMPORAL,,BAÑISTAS-SOCORRISTAS,,,,,Conocimientos OTROS CONOCIMIENTOS Carnet: CARNÉ DE PRIMEROS AUXILIOS Carnet: CARNÉ DE SOCORRISTA,,,10,14
1,2024-04-14 10:34:56,AYUDANTE DE PESCADERÍA,Laudio/Llodio,Araba/Álava,"Se necesita un/una ayudante de pescadería con experiencia en el sector para trabajar en el municipio de Laudio/Llodio.  Fecha prevista de incorporación: Inmediata.  Sus funciones serán las siguientes:  -Venta de pescado, así como limpieza y preparación del mismo. -Colocación y preparación del mostrador. -Atención al público.  Se Ofrece:  -Contrato indefinido. -Jornada completa. -Salario mensual bruto aproximado: 1300 euros.  Requisitos imprescindibles:  -Experiencia en el sector de la pescadería.  Requisitos a valorar:  -Conocimientos en preparación y limpieza de pescado.",03/04/2024,162024003670,LABORAL INDEFINIDO,,DEPENDIENTES DE PESCADERÍA,,,,,,,,1,2
1,2024-04-14 10:34:56,VIGILANTE DE OBRA,Mallabia,Bizkaia,"Vigilante de obra con experiencia en carreteras. Funciones : asistencia técnica de carreteras, control de entradas y salidas de material. Requisitos imprescindibles: carnet de conducir, experiencia en el puesto y/o estudios de FPGS de obra civil (no superiores) .",03/04/2024,162024003667,LABORAL TEMPORAL,,"TÉCNICOS EN CONTROL Y VIGILANCIA DE OBRAS, EN GENERAL",,,,"B-AUTOMOVIL <= 3.500 KG, ASIENTOS <=9, CON REMOLQUE <= 750 KG, Y TRICICLOS Y CUATRICICLOS DE MOTOR","NIVELES FORMATIVOS REQUERIDOS Desde Enseñanzas de bachillerato Hasta Enseñanzas de grado superior de formación profesional específica y equivalentes, artes plásticas y diseño, y deportivas.",,,1,11
1,2024-04-14 10:34:56,AGENTE PROFESIONAL DE SEGUROS Y PRODUCTOS FINANCIEROS,Vitoria-Gasteiz,Araba/Álava,"Comercialización de la gama más completa de productos aseguradores y financieros del mercado. Formación inicial con acreditación oficial en la DGSFP. Un Plan de Formación continuo orientado a la adquisición de los Conocimientos, Habilidades y Técnicas necesarias para el desempeño Profesional en el sector Asegurador y Financiero dirigido a Clientes Particulares y Empresas. Requisitos imprescindibles: Bachillerato o Ciclo Formativo de Grado Superior. Orientación al servicio. Capacidad de trabajo en equipo. Dotes de liderazgo y comunicación. Nivel usuario en entorno digital: Herramientas ofimáticas, Redes Sociales y Profesionales. Requisitos a valorar: Valorable experiencia comercial y gestión con clientes. Prospeccion, venta, asesoramiento, telemarketing. Valorable Titulación Superior Universitaria. TIPO DE CONTRATO MERCANTIL.",03/04/2024,162024003665,MERCANTIL,,AGENTES DE SEGUROS,,,,,Conocimientos FORMACIÓN REGLADA - CERTIFICADOS DE PROFESIONALIDAD Se debe estar en posesión de alguno de los siguientes títulos o certificados: Bachillerato OTROS CONOCIMIENTOS SOFTWARE OFIMÁTICO Y DE GESTIÓN CERTIFICADOS EN COMPETENCIAS DIGITALES,,,2,9
1,2024-04-14 10:34:56,COCINERO/A,Azpeitia,Gipuzkoa,Se precisa de persona para trabajar como cocinera en un bar. Imprescindible: Experiencia de un año. Incorporación Inmediata. Tipo de contrato: Indefinido. Salario: Según convenio,03/04/2024,162024003664,LABORAL TEMPORAL,,"COCINEROS, EN GENERAL",,,,,,,,1,6
1,2024-04-14 10:34:56,ASESOR COMERCIAL,Vitoria-Gasteiz,Araba/Álava,"Realizar tareas comerciales de seguros teniendo el centro de trabajo en la sucursal de Vitoria. Se ofrece formación en la empresa, formalización de contrato de agente de seguros. Requisito imprescindible: -Mínimo ESO (Educación Secundaria Obligatoria). -Hablar correctamente castellano. Requisitos a valorar: Experiencia en el sector comercial, manejo de office, cartera de clientes, teleoperador. Tipo de contrato: mercantil. Duración del contrato: fijo. Tipo de jornada y horario: a convenir, completa/parcial/partida. Fecha prevista de incorporación: inmediata",03/04/2024,162024003663,LABORAL INDEFINIDO,,AGENTES DE SEGUROS,,,,,Conocimientos FORMACIÓN REGLADA - CERTIFICADOS DE PROFESIONALIDAD Se debe estar en posesión de alguno de los siguientes títulos o certificados: Bachillerato,,,2,16
1,2024-04-14 10:34:56,LIMPIADOR/A,Azpeitia,Gipuzkoa,Se precisa de persona para trabajar de auxiliar de limpieza en un bar. Imprescindible: Experiencia de un año. Incorporación Inmediata. Tipo de contrato: Indefinido. Salario: Según convenio.,03/04/2024,162024003662,LABORAL INDEFINIDO,,PERSONAL DE LIMPIEZA O LIMPIADORES EN GENERAL,,,,,,,,1,27
1,2024-04-14 10:34:56,CAMARERO/A,Azpeitia,Gipuzkoa,Se precisa camarera para tareas propias del puesto. Imprescindible: Experiencia de un año. Incorporación Inmediata. Tipo de contrato: Indefinido. Salario: Según convenio.,03/04/2024,162024003661,LABORAL INDEFINIDO,,"CAMAREROS, EN GENERAL",,,,,,,,1,7
1,2024-04-14 10:34:56,CHARCUTERO/A,Portugalete,Bizkaia,"Para Portugalete, charcutero/a: Atención al público en mostrador, corte de producto en cortadora profesional, embandejado al vacío de diferentes productos. Elaboración de diferentes productos precocinados. IMPRESCINDIBLE: 2 años de experiencia en tareas descritas. OFRECEN: Contrato indefinido a jornada completa, horario a convenir. Incorporación inmediata, salario según convenio.",03/04/2024,162024003659,LABORAL INDEFINIDO,,DEPENDIENTES DE CARNICERÍA Y/O CHARCUTERÍA,,,,,Experiencia mínima: 2 años,2 años,,1,14
1,2024-04-14 10:34:56,MECANICO DE CAMIONES Y REMOLQUES,San Millan/Donemiliaga,Araba/Álava,"MECANICO PARA TALLER PROPIO DE CAMIONES Y REMOLQUES IMPRESCINDIBLE: FORMACIÓN PROFESIONAL EN MECÁNICA, ELECTROMECÁNICA, CARROCERÍA. VALORABLE: EXPERIENCIA EN PUESTOS SIMILARES. TIPO CONTRATO: INDEFINIDO TIPO JORNADA: COMPLETA, HORARIO PARTIDO",03/04/2024,162024002655,LABORAL INDEFINIDO,,"MECÁNICOS-AJUSTADORES DE CAMIONES Y AUTOBUSES, EN GENERAL",,,,,Conocimientos FORMACIÓN REGLADA - CERTIFICADOS DE PROFESIONALIDAD Se debe estar en posesión de alguno de los siguientes títulos o certificados: TÉCNICO carrocería TÉCNICO en Electromecánica de Vehículos Automóviles TÉCNICO SUPERIOR automoción,,,1,1
1,2024-04-14 10:34:56,DELINEANTE,Laudio/Llodio,Araba/Álava,"Se necesitan dos Delineantes para trabajar en el municipio de Laudio.  Sus funciones serán las siguientes:  -Delineante proyectista. -Delineante para calderería. Interpretación de planos, elaboración de planos de fabricación de equipos a presión (calderas, depósitos, piping). -Planos en Autocad y 3D.  Se Ofrece:  -Contrato indefinido. -Jornada completa. (Horario partido)  Fecha prevista de incorporación: Inmediata.  Requisitos imprescindibles:  -Dominio de autocad, conocimiento de software 3D. -Estudios de FP (diseño fabricación mecánica). -Experiencia de 2 a 3 años como delineante.  Requisitos a valorar:  -Residir en la zona.",03/04/2024,162024002561,LABORAL INDEFINIDO,,"DELINEANTES, EN GENERAL",,,,,Experiencia mínima: 2 años,2 años,,1,24
1,2024-04-14 10:34:56,OPERARIO DE ASISTENCIA EN CARRETERA,Elgoibar,Gipuzkoa,"Se precisa de una persona para para trabajar como operario de auxilio en carretera (Conducción de grúa/camión). Imprescindible: Carnet de conducir tipo C. Días de trabajo: viernes, sábado, domingo y lunes  A valorar: Experiencia de 6 a 12 meses en conducción de camiones Salario: Según convenio.",03/04/2024,162024002460,LABORAL TEMPORAL,,CONDUCTORES-OPERADORES DE GRÚA PUENTE,,,,,,,,1,21
1,2024-04-14 10:34:56,MONTADOR/A Y SOLDADOR/A DE CIRCUITOS ELECTRÓNICOS,Vitoria-Gasteiz,Araba/Álava,"Programación y montaje de componentes en circuitos electrónicos.  REQUISITOS IMPRESCINDIBLES: · Certificado de minusvalía igual o superior al 33%  REQUISITOS A VALORAR: · Experiencia en el sector y/o conocimientos de electrónica, soldadura, etc.  JORNADA · De 06:00 h a 14:00 h",03/04/2024,162024002321,LABORAL TEMPORAL,Discapacitados/as,MONTADORES DE DISPOSITIVOS Y CUADROS ELECTRÓNICOS,,,,,Experiencia mínima: 6 meses,6 meses,,1,4
1,2024-04-14 10:34:56,TECNICO INFORMATICO N1,Arrasate/Mondragon,Gipuzkoa,"Participar en la instalación, despliegue, mantenimiento y actualización de sistemas informáticos de clientes de Debagoiena. Funciones:Resolución y seguimiento de incidencias.Escalado.Soporte presencial y remoto.Administración de la infraestructura hardware. Redacción de documentación técnica. Gestión de inventario. Cualquier otra que se necesite de forma puntual dentro del departamento de soporte. IMPRESCINDIBLE: Grado Medio de Sistemas Microinformáticos y Redes, Grado Superior de Administración de Sistemas Informáticos o similar Y 2 años de experiencia demostrable. Se valorará:Conocimientos en redes TCP/IP,Conocimientos en Windows Server,Sistemas Operativos escritorio y suite ofimáticas de Microsoft, Linux,Office365,Active Directory , Exchange, Firewalls. Carnet de conducir B. Capacidad de relación y trato con las personas en Euskera e Ingles. Contrato indefinido, jornada completa: 08:00 a 13:00 y 14:00 a 17:00. Incorporación inmediata",03/04/2024,162024001530,LABORAL INDEFINIDO,,TÉCNICOS EN INFORMÁTICA DE GESTIÓN,,,,,Experiencia mínima: 2 años,2 años,,1,8
1,2024-04-14 10:34:56,ESTETICISTA,Barakaldo,Bizkaia,"Se requiere esteticista para realizar manicura, pedicura, uñas acrílicas, extensiones y lifting de pestañas, depilaciones, tratamientos faciales y corporales, masajes. Requisitos imprescindibles: un año de experiencia profesional en puestos similares. Formación y experiencia en manicura y pedicura. Se ofrece contrato a tiempo parcial de mañana o tarde durante cuatro meses como mínimo.",03/04/2024,162024001386,LABORAL TEMPORAL,,ESTETICISTAS,,,,,"Conocimientos FORMACIÓN REGLADA - CERTIFICADOS DE PROFESIONALIDAD Se debe estar en posesión de alguno de los siguientes títulos o certificados: Certificado profesionalidad IMPP0108 - CUIDADOS ESTÉTICOS DE MANOS Y PIES Certificado profesionalidad IMPP0208 - SERVICIOS ESTÉTICOS DE HIGIENE, DEPILACIÓN Y MAQUILLAJE Imagen Personal",,,1,8
1,2024-04-14 10:34:56,VIGILANTE DE SEGURIDAD,Almeria,Almería,"Se busca un vigilante de seguridad, para servicios de vigilancia y control de acceso. Imprescindible TIP de vigilante de Seguridad, se valora experiencia en el puesto. Contrato indefinido y jornada completa, de lunes a domingo en turnos rotativos de 12 horas.",03/04/2024,162024001251,LABORAL INDEFINIDO,,VIGILANTES DE SEGURIDAD,,,,,Conocimientos OTROS CONOCIMIENTOS Carnet: VIGILANTE DE SEGURIDAD (TIP),,,1,3
1,2024-04-14 10:34:56,TÉCNICO/A RESPOSANBLE TÉCNICO EN CONTROL DE PLAGAS,Vitoria-Gasteiz,Araba/Álava,"Requisitos obligatorios: Certificado de profesionalidad nivel 2 para el servicio de control de plagas (SEAG0110). Certificado de Mantenimiento de instalaciones con riesgo de legionella. Carnet de conducir tipo B. Se valorará: Certificado de profesionalidad nivel 3 para la gestión de organismos nocivos (SEAG0311). Requisito para promoción Biocidas TP8 Uso de Plataformas Técnicas de Servicio (apps, erp s, programas específicos,etc ) Experiencia laboral en el sector tanto en Control de plagas como en control de Legionella. Nivel especial para tratamientos con productos muy tóxicos (T+) y cancerígenos, mutágenos y tóxicos para la reproducción (CMRs). Jornada completa. Trabajo presencial en Euskadi Horario de trabajo: Horario a convenir de lunes a viernes. Vehículo y móvil de empresa.",03/04/2024,162024001097,LABORAL INDEFINIDO,,TÉCNICOS EN PREVENCIÓN Y CONTROL DE PLAGAS,,,,"B-AUTOMOVIL <= 3.500 KG, ASIENTOS <=9, CON REMOLQUE <= 750 KG, Y TRICICLOS Y CUATRICICLOS DE MOTOR",Conocimientos FORMACIÓN REGLADA - CERTIFICADOS DE PROFESIONALIDAD Se debe estar en posesión de alguno de los siguientes títulos o certificados: Certificado profesionalidad SEAG0110 - SERVICIOS PARA EL CONTROL DE PLAGAS,,,3,3
1,2024-04-14 10:34:56,ESTETICISTA SUPERIOR,Ondarroa,Bizkaia,"Hace falta un Esteticista para un centro de estética, se valorará la experiencia y el alto nivel. También se valorará tener conocimientos del Euskera. Se trabajará a turnos y la incorporación será inmediata.",03/04/2024,162023014084,LABORAL TEMPORAL,,ESTETICISTAS,,,,,Experiencia mínima: 3 meses,3 meses,,1,5
1,2024-04-14 10:34:56,DEPENDIENTE/A,Bilbao,Bizkaia,"Empresa dedicada a la venta de persianas, ventanas, toldos, estores...... necesita dependienta/e con experiencia de al menos 36 meses en el puesto y manejo de programas informáticos como word , excel y outlook",03/04/2024,162023013853,LABORAL TEMPORAL,,DEPENDIENTES DE MUEBLES Y ARTÍCULOS DE DECORACIÓN,,,,,Experiencia mínima: 2 años,2 años,,1,29
1,2024-04-14 10:34:56,PROFESOR/A,Ondarroa,Bizkaia,Se necesita Profesor/a para impartir grados de: Mantenimiento y control de la maquinaria de buques y embarcaciones. Organización del mantenimiento de maquinaria de buques y embarcaciones. Además se impartirán cursos a externos fuera de la oferta reglada. Requisitos imprescindibles: Licenciado en Máquinas Navales o Grado en Marina y Master en Ingeniería marina. Oficial de Maquinas de Marina Mercante. Requisitos a valorar: C1 euskera B2 Inglés y CAP.,03/04/2024,162023013705,LABORAL INDEFINIDO,,PROFESORES TÉCNICOS DE FORMACIÓN PROFESIONAL (ACTIVIDADES MARÍTIMO-PESQUERAS),,,,,Conocimientos FORMACIÓN REGLADA - CERTIFICADOS DE PROFESIONALIDAD Se debe estar en posesión de alguno de los siguientes títulos o certificados: Actividades Marítimo Pesqueras,,,1,5
1,2024-04-14 10:34:56,PROFESOR/A,Ondarroa,Bizkaia,Se necesita profesor/a para impartir grados de: Navegación y patrón de litoral. Y transporte Marítimo y pesca de altura. Además se impartirán cursos a externos fuera de la oferta reglada del Centro. Requisitos imprescindibles: Licenciado en Naútica o Grado y Master en Naútica y transporte Marítimo. U Oficial de la Marina Mercante.  Requisitos a valorar: C1 Euskera  B2 Inglés y CAP.,03/04/2024,162023013659,LABORAL INDEFINIDO,,PROFESORES TÉCNICOS DE FORMACIÓN PROFESIONAL (ACTIVIDADES MARÍTIMO-PESQUERAS),,,,,Conocimientos FORMACIÓN REGLADA - CERTIFICADOS DE PROFESIONALIDAD Se debe estar en posesión de alguno de los siguientes títulos o certificados: Actividades Marítimo Pesqueras,,,1,1
1,2024-04-14 10:34:56,OFICIAL DE PELUQUERÍA,Azkoitia,Gipuzkoa,"Se precisa peluquera/o con ganas de trabajar en un mundo orgánico con delicadeza y dedicación, con ganas de aprender responsable y comprometida. Formación relacionada con la peluquería y mínimo 2 años de experiencia en el sector.",03/04/2024,162023011130,LABORAL INDEFINIDO,,PELUQUEROS UNISEX,,,,,,,,1,8
1,2024-04-14 10:34:56,4 PUESTOS GESTION COMERCIAL,Bilbao,Bizkaia,"Atención a la clientela de la entidad. Comercialización y asesoramiento en productos tanto de ahorro como de inversión, a clientes de la entidad. Gestión integral de colectivos, planificación comercial, desarrollo de campañas comerciales y cumplimiento de objetivos, vigilando el control de la morosidad. Manejo avanzado de nuevas tecnologías para la comunicación a distancia con la clientela. Atención personalizada a la clientela, de forma presencial y a distancia. Oferta dirigida exclusivamente a personas con certificado de discapacidad en grado igual o superior al 33%, titulados/as superiores con estudios afines a la actividad financiera obtenidos con posterioridad a 2021. EUSKERA B2. Se ofrece contrato en prácticas de un año de duración.",02/04/2024,162024003652,LABORAL TEMPORAL,Discapacitados/as,TÉCNICOS COMERCIALES EN ENTIDAD FINANCIERA,,,DESEMPLEADO-A,,"NIVELES FORMATIVOS REQUERIDOS Desde Enseñanzas universitarias de primer y segundo ciclo, de sólo segundo ciclo, y equivalentes (licenciados) Hasta Doctorado universitario",,,4,0
1,2024-04-14 10:34:56,LIMPIEZA DE HABITACIONES,Aia,Gipuzkoa,"En Aia se necesita una persona para limpieza de habitaciones. Requisitos imprescindibles: experiencia mínima de 1 mes en la profesión, permiso de conducir y vehículo propio. Se ofrece contrato temporal de 6 meses, a tiempo parcial en horario de mañanas. Salario mensual entre 700 y 900 euros.",02/04/2024,162024003650,LABORAL TEMPORAL,,CAMAREROS DE PISO (HOSTELERÍA),,,,"B-AUTOMOVIL <= 3.500 KG, ASIENTOS <=9, CON REMOLQUE <= 750 KG, Y TRICICLOS Y CUATRICICLOS DE MOTOR",Experiencia mínima: 1 mes,1 mes,,1,8
1,2024-04-14 10:34:56,AGENTE DE VIAJE,Zestoa,Gipuzkoa,"DESCRIPCIÓN DEL PUESTO: Buscamos a una persona con experiencia en la creación de presupuestos/propuestas, organización y gestión de viajes una persona que lidere la venta y gestión de viajes de estudios.  REQUISITOS OBLIGATORIOS:  Disposición al trabajo y a hacer cosas nuevas, disposición a ayudar al grupo cuando sea necesario y dar importancia al grupo.   Debe ser una persona que domine totalmente el euskera y que se desenvuelva bien en castellano e inglés.   Disponibilidad de medios/coche para acudir al trabajo.  CUALIDADES A VALORAR:  Ser una persona competente digitalmente (calendar, gmail, drive, excell,...)   Ser una persona con experiencia en colonias de verano.",02/04/2024,162024003646,LABORAL TEMPORAL,,"EMPLEADOS DE AGENCIAS DE VIAJES, EN GENERAL",,,,"B-AUTOMOVIL <= 3.500 KG, ASIENTOS <=9, CON REMOLQUE <= 750 KG, Y TRICICLOS Y CUATRICICLOS DE MOTOR",Idiomas requeridos ESPAÑOL Lectura MEDIO Escritura MEDIO Hablado MEDIO INGLES Lectura MEDIO Escritura MEDIO Hablado MEDIO EUSKERA Lectura SUPERIOR Escritura SUPERIOR Hablado SUPERIOR,,,1,14
1,2024-04-14 10:34:56,MARMITON FREGADOR,Amurrio,Araba/Álava,"Personal para limpieza de cocina, material, platos utensilios enseres fuegos plancha maquinaria . limpieza de cubos de basura y basura y dejar preparada y limpia la cocina para el siguiente servicio. Se requiere experiencia previa en el gremio y puesto relacionado. Se valora cercanía al puesto de trabajo y buena disponibilidad para trabajar.",02/04/2024,162024003645,LABORAL INDEFINIDO,,MARMITONES,,,,,Experiencia mínima: 3 meses,3 meses,,1,8
1,2024-04-14 10:34:56,DOCENTE DESARROLLO DE PRODUCTOS MULTIMEDIA INTERACTIVOS,Donostia/San Sebastián,Gipuzkoa,"Centro de formación ocupacional de Donostia precisa docente para impartir certificado de profesionalidad DESARROLLO DE PRODUCTOS MULTIMEDIA INTERACTIVOS. IMPRESCINDIBLE: Licenciatura, diplomatura, ingeniería, técnico/a superior de la familia profesional de Imagen y Sonido o Certificado de Profesionalidad de nivel 3 del área de producción audiovisual de la familia profesional de Imagen y Sonido Formación o experiencia docente contrastada Experiencia laboral en el sector Experiencia docente. SE OFRECE: Contrato temporal (duración del curso). Jornada de lunes a viernes de 18:30 a 21:30 y sábados alternos de 9:00 a 14:00. Salario bruto aproximado: 31 euros/hora.",02/04/2024,162024003644,LABORAL TEMPORAL,,FORMADORES DE FORMACIÓN OCUPACIONAL NO REGLADA,,,,,Experiencia mínima: 2 años,2 años,,1,6
1,2024-04-14 10:34:56,PANADERO/A - REPOSTERO/A,Deba,Gipuzkoa,"Se necesita una persona con conocimientos de panadería y repostería, con conocimiento en la elaboración de masas para pan. Imprescindible 5 años de experiencia en tareas similares. Se ofrece contrato indefinido. Salario mensual bruto: 1500 euros",02/04/2024,162024003643,LABORAL INDEFINIDO,,PANADEROS,,,,,Experiencia mínima: 5 años,5 años,,1,3
1,2024-04-14 10:34:56,RESPONSABLE EN GESTIÓN Y ADMINISTRACIÓN DE ACTIVIDADES TURÍSTICAS,Donostia/San Sebastián,Gipuzkoa,"Empresa del sector turístico, necesita para su oficina de San Sebastián persona para responsabilizarse de las tareas administrativas y de gestión de las actividades turísticas que opera. Tareas a realizar: Gestión administrativa del área de servicios generales. Gestión de servicios ofrecidos, contacto con proveedores, facturación y control de gastos. Apoyo en la gestión de otros servicios generales Elaboración de reportes con indicadores de servicios. Asistencia en la operatividad. Atención telefónica y presencial, Atención a clientes y proveedores. IMPRESCINDIBLE: Nivel alto, oral y escrito de inglés (se realizará prueba oral). Experiencia mínima de 2 años en administración, contabilidad y experiencia en el sector turístico o agencia de viajes. VALORAR: Estudios en administración y turismo. Experiencia en el sector turístico. OFRECE: Contrato indefinido, jornada completa (trabajando sábados y domingos con dos días libres a la semana). Salario: a definir.",02/04/2024,162024003642,LABORAL INDEFINIDO,,"EMPLEADOS ADMINISTRATIVOS DE CONTABILIDAD, EN GENERAL",,,,,Experiencia mínima: 2 años,2 años,,1,9
1,2024-04-14 10:34:56,MONITOR DE CAMPAMENTO DE VERANO,Albiztur,Gipuzkoa,"Necesitamos 2 monitores/as de tiempo libre para dinamización de actividades en colonias abiertas. Imprescindible tener 18 años cumplidos y dominio de euskera. Se valora tener título de Monitor de tiempo libre. Se ofrece contrato temporal a media jornada por la mañana, del 21 de junio al 22 de julio. Salario mensual bruto: 1.200¿",02/04/2024,162024003641,LABORAL TEMPORAL,,MONITORES DE EDUCACIÓN Y TIEMPO LIBRE,,,,"B-AUTOMOVIL <= 3.500 KG, ASIENTOS <=9, CON REMOLQUE <= 750 KG, Y TRICICLOS Y CUATRICICLOS DE MOTOR",NIVELES FORMATIVOS REQUERIDOS Desde Primera etapa de educación secundaria con título de graduado escolar o equivalente. Hasta Enseñanzas de bachillerato,,,2,17
1,2024-04-14 10:34:56,CAMARERO/A,Ordizia,Gipuzkoa,"TAREAS: atención a clientes en barra y mesas, reposición de género, etc. REQUISITOS IMPRESCINDIBLES: buena disposición al trabajo y sobre todo hacia el cliente. REQUISITOS A VALORAR: experiencia en el sector y conocimiento de euskera. CONTRATO: a media jornada fijo o fijo discontinuo, incorporación inmediata. Salario según convenio",02/04/2024,162024003639,LABORAL INDEFINIDO,,"CAMAREROS, EN GENERAL",,,,,,,,1,17
1,2024-04-14 10:34:56,INSTALADOR/A ELECTRICISTA,Iruña Oka/Iruña De Oca,Araba/Álava,DESCRIPCIÓN Instalaciones eléctricas en general. Conexiones de cuadros eléctricos. Tendido de canalizaciones eléctricas.  IMPRESCINDIBLE Experiencia como instalador/a electricista. Formación en Prevención de Riesgos Laborales (Nivel básico 60 horas).  CONTRATO Indefinido.  JORNADA Completa. Horario de 08:00 a 16:00  SALARIO 1.800 Euros mensuales aproximadamente.  INCORPORACIÓN Inmediata.,02/04/2024,162024003637,LABORAL TEMPORAL,,"INSTALADORES ELECTRICISTAS, EN GENERAL",,,,,Experiencia mínima: 1 año,1 año,,1,7
1,2024-04-14 10:34:56,ELECTRICISTA,Markina-Xemein,Bizkaia,"Se necesita electricista para todo tipo de trabajos de electricidad, asi como, instalaciones en viviendas, industria. Tambien se realizan instalaciones fotovoltaicas en cubiertas. Trabajos de electricidad variados de todo tipo. Se busca un/a trabajador/a comprometido/a y con ganas de trabajar, al tratarse una empresa pequeña y con trato cercano. Se valorara tambien que sepa hablar euskera y tenga carnet de conducir.",02/04/2024,162024003636,LABORAL INDEFINIDO,,"INSTALADORES ELECTRICISTAS, EN GENERAL",,,,,,,,1,10
1,2024-04-14 10:34:56,COORDINADOR/A DEPORTIVO/A,Basauri,Bizkaia,"Funciones bajo supervisión de la Jefatura de Actividades Deportivas: planificación y coordinación de actividades deportivas y eventos, configuraciones informáticas de reserva de espacios e inscripciones, atención a ciudadanía, quejas, encuestas de satisfacción, Evaluación y control de actividades y campañas: difusión, publicidad, web y redes sociales, Supervisión de personal, acogida de nuevo personal. Colaboración en adquisición de material deportivo y suministros. Enlace entre clubes, centros escolares y empresas.  Imprescindible: nivel formativo mínimo: Bachillerato o FP. Manejo de ofimática y redes sociales, legislación aplicable al puesto, conocimientos de actividad física y deporte.  A valorar: Euskera (PL3 no preceptivo), Titulación del ámbito de actividad física y deporte, experiencia, formación complementaria relacionada. Contrato de relevo, jornada por determinar entre 50% y jornada completa. Salario según convenio.",02/04/2024,162024003633,LABORAL TEMPORAL,,GESTORES DE CENTROS DEPORTIVOS,,,,,Experiencia mínima: 6 meses,6 meses,,1,78
1,2024-04-14 10:34:56,RESPONSABLE OFICINA ENERGÍA,Azpeitia,Gipuzkoa,"FUNCIONES: Identificar, solicitar y justificar nuevas subvenciones Comunidad energética: información y asociación Factura energética Información sobre tecnologías renovables eficiencia de edificios difusión y comunicación.  REQUISITOS OBLIGATORIOS: 3.H.E, Ingeniería en energías renovables, Ciencias ambientales, Ingeniería eléctrica, Administración de empresas, Derecho, Formación superior en energías renovables.  SE VALORARÁ: 4.H.E, Iniciativa, oratoria, don de gente..",02/04/2024,162024003632,LABORAL TEMPORAL,,TÉCNICOS SUPERIORES DE LA ADMINISTRACIÓN PÚBLICA,,,,,"Conocimientos FORMACIÓN REGLADA - CERTIFICADOS DE PROFESIONALIDAD Se debe estar en posesión de alguno de los siguientes títulos o certificados: GRADO en Derecho INGENIERO TÉCNICO industrial, especialidad en electricidad TÉCNICO SUPERIOR en Educación y Control Ambiental",,,1,23
1,2024-04-14 10:34:56,PELUQUERA: OFICIAL DE PRIMERA-ENCARGADA,Donostia/San Sebastián,Gipuzkoa,"SE PRECISA: Peluquera. Oficial de primera. FUNCIONES: Se deberán de desempeñar todas las funciones propias del puesto, tanto de apertura como de cierre. SE REQUIERE: Título de peluquería SE VALORARÁ: Conocimiento del euskera. SE OFRECE: Contrato laboral indefinido a jornada completa. Horario : 09:30 13:30 y de 15:30 18:00",02/04/2024,162024003631,LABORAL INDEFINIDO,,PELUQUEROS DE SEÑORAS,,,,,Conocimientos FORMACIÓN REGLADA - CERTIFICADOS DE PROFESIONALIDAD Se debe estar en posesión de alguno de los siguientes títulos o certificados: Certificado profesionalidad IMPP10 - PELUQUERO Certificado profesionalidad IMPQ0108 - SERVICIOS AUXILIARES DE PELUQUERÍA Certificado profesionalidad IMPQ0208 - PELUQUERÍA,,,1,4
1,2024-04-14 10:34:56,CAMARER@ PARA ATENDER BARRA Y COMEDOR,Arrasate/Mondragon,Gipuzkoa,"-Imprescindible dominio del castellano -Se valora al experiencia -Contrato temporal de 6 meses de duración -24 horas semanales ( viernes, sábados y domingos de 12:00 a 08:00 horas ) -Salario según convenio -Incorporación inmediata",02/04/2024,162024003629,LABORAL TEMPORAL,,"CAMAREROS, EN GENERAL",,,,,Idiomas requeridos ESPAÑOL Lectura SUPERIOR Escritura SUPERIOR Hablado SUPERIOR,,,1,11
1,2024-04-14 10:34:56,MECÁNICA/O DE VEHÍCULOS,Donostia/San Sebastián,Gipuzkoa,"Se precisa mecánico/a de coches para realizar diagnóstico y reparación de vehículos. IMPRESCINDIBLE: experiencia reciente en el puesto. OFRECEN: contrato indefinido a jornada completa en horario de 08:30 a 13 horas y de 15 a 19 horas de lunes a jueves, viernes de 08:30 a 13:30 horas. Salario bruto anual entre 28.000 y 31.000 euros, según categoría.",02/04/2024,162024003149,LABORAL INDEFINIDO,,TÉCNICOS EN DIAGNOSIS DE VEHÍCULOS,,,,,Experiencia mínima: 1 año,1 año,,2,6
1,2024-04-14 10:34:56,AYUDANTE/A DE CAMARERO/A,Getxo,Bizkaia,"Hamburguesería ubicada en Getxo precisa contratar a un/a ayudante/a de camarero/a para atender a los clientes en barra y mesa. Mantenimiento limpieza y orden del bar, la reposición de bebidas y la preparación general de la barra para el servicio. Administración de stock. Recoger los pagos. Se ofrece contrato laboral temporal con posibilidades de indefinido según valía. Horario de 39h/semana a distribuir según plan establecido de trabajo. Requisito imprescindible: Experiencia mínima de 6 meses demostrable en el puesto. Salario según convenio. Incorporación inmediata.",02/04/2024,162024003018,LABORAL TEMPORAL,,"CAMAREROS, EN GENERAL",,,,,Experiencia mínima: 6 meses,6 meses,,1,52
1,2024-04-14 10:34:56,AYUDANTE/A DE COCINA ( PLANCHISTA),Getxo,Bizkaia,"Hamburguesería ubicada en Getxo precisa contratar a un/a ayudante/a de cocina para preparación de los ingredientes de la comida según lo solicitado por el cocinero. Asegurarse de que todos los productos estén en buen estado. Ayudar en la descarga de las entregas de alimentos. Limpieza de la cocina. Requisito imprescindible: Experiencia mínima en el puesto demostrable de 6 meses. Se ofrece contrato laboral temporal a jornada completa con posibilidades de indefinido según valía. Jornada semanal de 39 horas con horario Lunes, miércoles, jueves y viernes de 13 a 17 horas completando el resto de horas el fin de semana con horario aproximado de 20 a 24 horas. Salario según convenio. Incorporación inmediata.",02/04/2024,162024003010,LABORAL TEMPORAL,,PLANCHISTAS (CAFETERÍA O RESTAURACIÓN),,,,,Experiencia mínima: 6 meses,6 meses,,1,34
1,2024-04-14 10:34:56,MAQUINISTA REBARBADOR,Asparrena,Araba/Álava,"Se necesita maquinista rebarbador para empresa de corte y transformación tanto mecanizada como con plasma-oxicorte. Imprescindible: ciclo formativo de grado medio / superior en mecanizado o curso acreditativo en calderería y/o soldadura. Interpretación de planos. Valorable: manejo de herramientas industriales habiendo trabajado en entornos industriales del sector del metal. Manejo de puente grúa y carretillas elevadoras. Actitud proactiva. Tipo de contrato: indefinido. Tipo de jornada: mañana, tarde y noche. Salario: 14 pagas de 2000¿. Incorporación inmediata.",02/04/2024,162024002597,LABORAL INDEFINIDO,,"OPERADORES DE MÁQUINAS-HERRAMIENTA DE LABRAR METALES, EN GENERAL",,,,,"Conocimientos FORMACIÓN REGLADA - CERTIFICADOS DE PROFESIONALIDAD Se debe estar en posesión de alguno de los siguientes títulos o certificados: TÉCNICO mecanizado TÉCNICO SUPERIOR en Programación de la Producción en Fabricación Mecánica Construcciones Metálicas, calderería, soldadura",,,2,9
1,2024-04-14 10:34:56,FARMACEÚTICO/A,Leioa,Bizkaia,Farmacia ubicada en Leioa precisa contratar a un/a farmaceútico/a para atención al público y demás funciones inherentes al puesto. Requisitos imprescindibles: Licenciatura o Grado Universitario en Farmacia. Experiencia mínima en el puesto acreditable de 6 meses. Se ofrece contrato temporal de 8 meses para sustitución por Baja con horario continuo partido de lunes a viernes y sábados alternos. Salario mensual bruto aproximado 2400 euros.,02/04/2024,162024002550,LABORAL TEMPORAL,,"FARMACÉUTICOS, EN GENERAL",,,,,Experiencia mínima: 6 meses,6 meses,,1,0
1,2024-04-14 10:34:56,TECNICO/A DE SISTEMAS,Oiartzun,Gipuzkoa,"Soporte tanto presencial como remoto a incidencias de usuario. Nuevas configuraciones en el puesto de trabajo, remoto y presencial. Resolución de incidencias HW. Desplazamiento a las diferentes delegaciones en Guipúzcoa para la prestación del servicio. Requisitos imprescindibles: ·CFGM Técnico de sistemas ·Experiencia de al menos un año soporte a usuarios y hardware y tareas similares · Bilingüe Euskera Castellano ·Don de gentes ·Carnet de conducir Se ofrece: ·Contrato indefinido con incorporación inmediata ·Jornada: de lunes a viernes en horario de 07_30 a 15_30 ·Salario 19500¿/brutos al año",02/04/2024,162024002497,LABORAL INDEFINIDO,,ADMINISTRADORES DE SISTEMAS DE REDES,Nº de puestos: 1,,,,Idiomas requeridos ESPAÑOL Lectura SUPERIOR EUSKERA Lectura SUPERIOR,,,1,8
1,2024-04-14 10:34:56,PERSONAL PARA CENTRO DE MECANIZADO,Salvatierra/Agurain,Araba/Álava,Personal para centro de mecanizado. Imprescindible: conocimientos de mecanizado en general. Ciclo formativo de grado medio en mecanizado o similares. Ganas de aprender y de trabajar. Se valorará residencia en Salvatierra/Agurain o alrededores. Formación a cargo de la empresa. Tipo de contrato: indefinido a jornada completa partida (mañana y tarde) Salario según convenio,02/04/2024,162024002153,LABORAL INDEFINIDO,,OPERADORES DE CENTRO DE MECANIZADO,,,,,Conocimientos FORMACIÓN REGLADA - CERTIFICADOS DE PROFESIONALIDAD Se debe estar en posesión de alguno de los siguientes títulos o certificados: TÉCNICO mecanizado,,,1,6
1,2024-04-14 10:34:56,AYUDANTE DE COCINA / CAMARERO_A BARRA,Vitoria-Gasteiz,Araba/Álava,"Dentro de empresa de hostelería (cadena de pizzerias) en Vitoria-Gasteiz. Contrato indefinido. Jornada completa (de lunes a domingo con dos días de libranza), en horarios rotativos y partidos. TAREAS: Perfil mixto con elaboraciones en cocina y atención en sala al cliente. Producción en cocina, manipulación de máquinas de corte, empaquetado de produzto. Atención al cliente en sala/restaurante. Manejo de ERP. Etiquetado y almacenamiento MP y PT. Recepción de mercancía y ubicación. Limpieza y orden de almacén. REQUISITOS IMPRESCINDIBLES: 6 meses de experiencia como en realizar trabajos con funciones de ayudante de cocina. VALORABLE: Manipulación de alimentos. Inglés. Formación en cocina.",02/04/2024,162024002062,LABORAL INDEFINIDO,,PINCHES DE COCINA,Nº de puestos: 2,,,,Experiencia mínima: 6 meses,6 meses,,2,41
1,2024-04-14 10:34:56,INGENIERO/A PARA MONTAJE,Soraluze/Placencia De Las Armas,Gipuzkoa,"Montaje, reparación y puesta en marcha de nuestras máquinas. IMPRESCINDIBLE: Grado en Ingeniería Mecatrónica o Mecánica. Experiencia. Conocimientos de interpretación de planos, montaje de conjuntos, metrología básica y tolerancias geométricas, programación de PLCs y HMIs, neumática. Se valorará experiencia en medición con brazo tipo Faro. A VALORAR: Residir preferentemente en la zona del Alto/Bajo Deba y Permiso de conducir. SE OFRECE: Contrato indefinido a jornada completa de 7h a 15h. Incorporación inmediata. Salario según convenio.",02/04/2024,162024001861,LABORAL INDEFINIDO,,INGENIEROS DE MONTAJE,Nº de puestos: 1,,,,Experiencia mínima: 3 años,3 años,,1,7
1,2024-04-14 10:34:56,CONDUCTOR/A DE CAMION,Zalla,Bizkaia,"PROFESIONAL CON PERMISO DE CONDUCIR C, EXPERIENCIA MINIMA DE 1 AÑO COMO CONDUCTOR/A DE VEHÍCULO Y ESTAR EN POSESION DEL CERTIFICADO DE DISCAPACIDAD MÍNIMO DEL 33% O INCAPACIDAD. COMPETENCIAS NECESARIAS: EMPATIA, PUNTUALIDAD, HABILIDAD EN LA CONDUCCIÓN BAJO TODO TIPO DE CONDICIONES METEOROLÓGICAS, BUENA CONCENTRACIÓN DURANTE LA CONDUCCIÓN, CONOCIMIENTO DE RUTAS Y DEL CÓDIGO DE CIRCULACIÓN, ETC. SE OFRECE CONTRATO DE 6 HORAS/DÍA (JORNADA PARTIDA) Y RTETRIBUCIÓN A CONCRETAR EN LA ENTREVISTA. POSIBILIDAD EN UN FUTURO DE JORNADA COMPLETA.",02/04/2024,162024001817,LABORAL INDEFINIDO,Discapacitados/as,"CONDUCTORES DE CAMIÓN, EN GENERAL",,,,"C1-AUTOMÓVIL MASA MÁXIMA AUTORIZADA > 3.500 KG Y <= 7.500 KG , ASIENTOS <= 9",Experiencia mínima: 1 año,1 año,,1,8
1,2024-04-14 10:34:56,MECÁNICO/A DE AUTOMOCIÓN,Amorebieta-Etxano,Bizkaia,"Empresa de reparación de vehículos solicita una persona para desmontaje de vehículos y trabajos con soplete o herramienta de corte con oxígeno. Requisitos : experiencia en desmontaje de piezas de vehículos, experiencia con el soplete o corte con oxígeno y experiencia en mecánica en general",02/04/2024,162024000870,LABORAL TEMPORAL,,"MECÁNICOS DE MANTENIMIENTO Y REPARACIÓN DE AUTOMOCIÓN, EN GENERAL",,,,,Experiencia mínima: 6 meses,6 meses,,1,13
1,2024-04-14 10:34:56,PEON APRENDIZ PARA OXICORTE,Berriatua,Bizkaia,"Se necesita persona para cortar piezas de fundición con método oxicorte. Requisitos imprescindibles: Tener carnet de conducir y vehículo propio. Requisitos a valorar: Ser de la zona Lea Artibai, titulación en oxicorte, PRL de 20-60 horas, experiencia en trabajos similares. Incorporación inmediata a jornada partida (08:00-13:00 y de 14:00 a 18:00). Duración del contrato 6 meses.",02/04/2024,162024000818,LABORAL TEMPORAL,,OPERADORES DE MÁQUINA OXICORTADORA (METALES),,,,"B-AUTOMOVIL <= 3.500 KG, ASIENTOS <=9, CON REMOLQUE <= 750 KG, Y TRICICLOS Y CUATRICICLOS DE MOTOR",,,,2,16
1,2024-04-14 10:34:56,TÉCNICO DE TELECOMUNICACIONES EN OÑATI,Oñati,Gipuzkoa,"Se precisa técnico de telecomunicaciones en Oñati. Las funciones del puesto serán: * Mantenimiento de la infraestructura de telecomunicaciones. * Atención de averías de instalaciones. * Instalación de redes de fibra.  Se trabajará de lunes a viernes de 8:00 a 12:45 y de 14:00 a 16:45. Duración del contrato: 12 meses prorrogable. Salario bruto mensual: 2254,53 euros.  Requisitos imprescindibles: * Títullo Técnico Superior en Sistemas de Telecomunicaciones e Informáticos. * Nivel alto de euskera * Buen conocimiento de herramientas ofimáticas * Disponibilidad para trabajar fuera de la jornada laboral para dar respuesta a posibles averías puntuales * Permiso de conducir. Se valorará: perfil lingüístico 3 de euskera. Se valorará la experiencia en el sector de telecomunicaciones",02/04/2024,162024000060,LABORAL TEMPORAL,,TÉCNICOS EN TELECOMUNICACIONES,,,,"B-AUTOMOVIL <= 3.500 KG, ASIENTOS <=9, CON REMOLQUE <= 750 KG, Y TRICICLOS Y CUATRICICLOS DE MOTOR","Conocimientos FORMACIÓN REGLADA - CERTIFICADOS DE PROFESIONALIDAD Se debe estar en posesión de alguno de los siguientes títulos o certificados: TÉCNICO SUPERIOR en Sistemas de Telecomunicaciones e Informáticos GRADO en Ingeniería de Sistemas y Servicios de Telecomunicaciones INGENIERO TÉCNICO de telecomunicación, especialidad en sistemas de telecomunicación INGENIERO de telecomunicación GRADO en Ingeniería de Tecnologías y Servicios de Telecomunicación GRADO en Ingeniería de Telecomunicación GRADO en Ingeniería Técnica de Telecomunicación GRADO en Ingeniería de Tecnologías de Telecomunicación GRADO en Tecnologías de Telecomunicación GRADO en Ingeniería de Redes de Telecomunicación GRADO en Ingeniería de Tecnologías Específicas de Telecomunicación",,,1,4
1,2024-04-14 10:34:56,INGENIERO TÉCNICO DE OBRA CIVIL,Vitoria-Gasteiz,Araba/Álava,"Con experiencia en obras lineales. Conocimientos de informática. Imprescindible carnet de conducir. Contrato por obra, jornada completa en horario de mañana y tarde. Sueldo según valía. Incorporación: inmediata",02/04/2024,162023014701,LABORAL TEMPORAL,,INGENIEROS TÉCNICOS EN CONSTRUCCIÓN Y OBRA CIVIL,,,,"B-AUTOMOVIL <= 3.500 KG, ASIENTOS <=9, CON REMOLQUE <= 750 KG, Y TRICICLOS Y CUATRICICLOS DE MOTOR",Experiencia mínima: 1 año,1 año,,1,9
1,2024-04-14 10:34:56,MONTADOR/A DE AISLAMIENTO,Erandio,Bizkaia,"Se precisan personas para montar y desmontar todo tipo de material aislante y recubrimientos metálicos incluidos cortes específicos, partes planas, uniones oblicuas, soportes complejos, respetando los documentos correspondientes: planos, isométricos, estándares de HSQE en centros de Bizkaia. Excepcionalmente los trabajos pueden ser fuera de Bizkaia y fines de semanas. IMPRESCINDIBLE: experiencia en el puesto. A VALORAR: formación en alturas y conocimientos de pintura y soldadura. SE OFRECE: contrato de 3 meses de duración, a jornada completa. SALARIO: 21000 euros brutos/año",02/04/2024,162023014548,LABORAL TEMPORAL,,INSTALADORES DE AISLAMIENTOS,,,,,Experiencia mínima: 3 meses,3 meses,,5,41
1,2024-04-14 10:34:56,RESPONSABLE DE MANTENIMIENTO EN ENPRESA DE OÑATI,Oñati,Gipuzkoa,"-Gestionar y garantizar el mantenimiento de los equipos e instalaciones industriales en su estado de referencia con el mínimo coste, decidiendo la subcontratación de los mismos en función de la saturación de su equipo, complejidad de la tarea y/o plazos de ejecución.  -Responsabilizarse y garantizar la formación de su equipo y de nuevas incorporaciones. -Cumplir y hacer cumplir las normas de seguridad y medioambientales establecidas. -Colaborar activamente en la mejora continua, proponiendo mejoras tanto técnicas como organizativas. IMPRESCINDIBLE: formación grado en ingeniería mecánica o electrónica, técnico superior en mantenimiento electrónico o técnico en intalaciones eléctricas y automáticaso o amplia experiencia como responsable de mantenimiento en empresa industrial. VALORABLE: Residencia en Debagoiena",02/04/2024,162023014490,LABORAL TEMPORAL,,ELECTROMECÁNICOS DE MANTENIMIENTO INDUSTRIAL (MANTENIMIENTO Y REPARACIÓN GENERAL),,,,,Conocimientos FORMACIÓN REGLADA - CERTIFICADOS DE PROFESIONALIDAD Se debe estar en posesión de alguno de los siguientes títulos o certificados: GRADO en Ingeniería Electromecánica GRADO en Ingeniería Electrónica TÉCNICO en Mantenimiento Electromecánico TÉCNICO SUPERIOR en Mantenimiento Electrónico,,,1,3
1,2024-04-14 10:34:56,TÉCNICO DE MANTENIMIENTO PARA EMPRESA DE OÑATI,Oñati,Gipuzkoa,"Realizar las operaciones de instalación, reparación y montaje necesarios para el buen funcionamiento de la maquinaria de planta y efectuar las operaciones previstas en el mantenimiento preventivo y predictivo de las máquinas. Cumplir y hacer cumplir las normas de seguridad y medioambientales establecidas. Colaborar activamente en la mejora continua, proponiendo mejoras tanto técnicas como organizativas. IMPRESCINDIBLE: formación técnico superior en mantenimiento electrónico o técnico en instalaciones eléctricas y automáticas o amplia experiencia como técn. de mantenimiento en empresa industrial. VALORABLE: Residencia en Debagoiena.",02/04/2024,162023014149,LABORAL TEMPORAL,,ELECTROMECÁNICOS DE MANTENIMIENTO INDUSTRIAL (MANTENIMIENTO Y REPARACIÓN GENERAL),,,,,Conocimientos FORMACIÓN REGLADA - CERTIFICADOS DE PROFESIONALIDAD Se debe estar en posesión de alguno de los siguientes títulos o certificados: TÉCNICO SUPERIOR en Mantenimiento Electrónico TÉCNICO en Instalaciones Eléctricas y Automáticas,,,1,16
1,2024-04-14 10:34:56,ASESOR/A COMERCIAL,Irun,Gipuzkoa,"Funciones de presentación, propuesta y realización de trabajos previos a la celebración de contratos de seguros enre personas físicas y compañía de seguros. Requisitos: Titulación mínima bachillerato. Se ofrece: Contrato mercantil.",02/04/2024,162023012136,MERCANTIL,,AGENTES COMERCIALES,,,,,NIVELES FORMATIVOS REQUERIDOS Desde Enseñanzas de bachillerato Hasta Doctorado universitario,,,6,19
1,2024-04-14 10:34:56,DESARROLLADOR/A FRONTEND UX/UI PARA EMPRESA EN ARRASATE,Arrasate/Mondragon,Gipuzkoa,"Desarrollador/a Frontend UX/UI para empresa ubicada en Arrasate. Modalidad de trabajo: 2 días trabajo presencial+3 días de trabajo remoto (negociable). Se ofrece jornada completa y contrato indefinido. Salario bruto: 25.000-35.000¿. Imprescindible: -Formación mínima de grado superior en desarrollo de aplicaciones web/multiplataforma. -Experiencia de al menos 2 años desarrollando proyectos web con React o Vue. -Experiencia de al menos 2 años con herramientas UX/UI. -Conocimiento de tecnologías/herramientas como HTML, CSS, JS, SASS, PUG. Se valorará: -Conocimiento en frameworks, Vue, React e inteligencia artificial. -Euskera",02/04/2024,162023004963,LABORAL INDEFINIDO,,DESARROLLADORES FRONT END(JUNIOR),,,,,Experiencia mínima: 1 año,1 año,,1,9
1,2024-04-14 10:34:56,CALDERERO/A OFICIAL DE SEGUNDA,Laudio/Llodio,Araba/Álava,Se necesitan cuatro caldereros/as oficiales de segunda con experiencia en taller contrastada para trabajar en el municipio de Laudio/Llodio.  Fecha prevista de incorporación: Inmediata.  Sus funciones serán las siguientes:  -Interpretación de planos. -Fabricación de equipos a presión.  Se Ofrece:  -Contrato temporal con posibilidad de conversión a indefinido. -Jornada completa en horario partido.  Requisitos imprescindibles:  Experiencia como oficial de segunda en taller de calderería.,27/03/2024,162024003624,LABORAL TEMPORAL,,CALDEREROS INDUSTRIALES,,,,,,,,4,6
1,2024-04-14 10:34:56,"ELECTRICISTA DE 1ª, 2ª O 3ª",Basauri,Bizkaia,"Se precisa electricista para instalaciones eléctricas en obra nueva, vivienda, locales y garajes.  Requisitos imprescindibles: Estudios de Técnico en Instalaciones Eléctricas. Curso de Prevención de Riesgos Laborales y de oficio (6 horas o 20 horas de electricidad). Experiencia en instalaciones eléctricas en obra nueva.  Se ofrece jornada de 8 horas (de 8:00 h. a 16:00 h.)",27/03/2024,162024003623,LABORAL TEMPORAL,,"INSTALADORES ELECTRICISTAS, EN GENERAL",,,,,"NIVELES FORMATIVOS REQUERIDOS Desde Enseñanzas de grado medio de formación profesional específica, artes plásticas y diseño, y deportivas. Hasta Doctorado universitario",,,2,15
1,2024-04-14 10:34:56,CALDEDERERO/A OFICIAL DE PRIMERA,Laudio/Llodio,Araba/Álava,Se necesitan tres caldereros/as oficiales de primera con experiencia en taller contrastada para trabajar en el municipio de Laudio/Llodio.  Fecha prevista de incorporación: Inmediata.  Sus funciones serán las siguientes:  -Interpretación de planos. -Fabricación de equipos a presión  Se Ofrece:  -Contrato temporal con posibilidad de conversión a indefinido. -Jornada completa en horario partido.  Requisitos imprescindibles:  Experiencia como oficial de primera en taller de calderería.,27/03/2024,162024003622,LABORAL TEMPORAL,,CALDEREROS INDUSTRIALES,,,,,Experiencia mínima: 6 meses,6 meses,,3,2
1,2024-04-14 10:34:56,ENCARGADO/A DEL SERVICIO DE RECOGIDA DE RESIDUOS URBANOS NOCTURNO,Eibar,Gipuzkoa,"Responsable de ejecución de los trabajos, coordinar y garantizar la prestación de los servicios de recogida de residuos urbanos, recogida de muebles y voluminosos, limpieza de los contenedores e islas de recogida de R.U., bajo la supervisión del encargado principal del servicio. Responsable de recogidas selectivas actuales y futuras de manera adecuada, tanto las realizadas por la empresa, como las contratadas a empresas externas, para garantizar la correcta recogida y gestión de todas las fracciones. Imprescindible Bachiller o equivalente. Se valorará carnet de conducir C y CAP y experiencia en otras Administraciones Públicas. Se ofrece contrato temporal para comenzar el 10 de abril",27/03/2024,162024003621,LABORAL TEMPORAL,,BARRENDEROS,,,,"B-AUTOMOVIL <= 3.500 KG, ASIENTOS <=9, CON REMOLQUE <= 750 KG, Y TRICICLOS Y CUATRICICLOS DE MOTOR",NIVELES FORMATIVOS REQUERIDOS Desde Enseñanzas de bachillerato Hasta ENSEÑANZAS UNIVERSITARIAS DE GRADO,,,1,12
1,2024-04-14 10:34:56,GEROCULTOR,Vitoria-Gasteiz,Araba/Álava,Gerocultor/a en residencia de personas mayores en Vitoria. Imprescindible titulación para el puesto. Se valorará experiencia. Jornada completa en turnos de mañana y tarde. Salario mensual bruto: 1065¿ Incorporación inmediata.,27/03/2024,162024003618,LABORAL TEMPORAL,,"CUIDADORES DE PERSONAS CON DISCAPACIDAD Y/O DEPENDENCIA, EN INSTITUCIONES",Nº de puestos: 1,,,,,,,1,21
1,2024-04-14 10:34:56,INTÉRPRETE DE LENGUA DE SIGNOS,Burgos,Burgos,"TAREAS: eliminar las barreras de comunicación, haciendo accesible la información a las personas sordas en todos los ámbitos de la vida. Intérprete de lengua de signos en el ámbito asociativo para sensibilizar a entidades públicos y privadas. IMPRESCINDIBLE: técnico superior en interpretación de la lengua de signos o grado en lengua de signos española y comunidad sorda. OFRECEN: contrato indefinido a jornada completa.",27/03/2024,162024003614,LABORAL INDEFINIDO,,INTÉRPRETES DE LA LENGUA DE SIGNOS,,,,,,,,1,0
1,2024-04-14 10:34:56,PELUQUERO/A,Getxo,Bizkaia,"Se busca peluquero/a oficial de 1ª o de 2ª para las tareas propias en salón de peluquería: lavado, corte, técnicos, peinados... Imprescindible experiencia de un año en puesto similar. Se valorará la puntualidad, capacidad de trabajar en equipo, habilidades sociales. Contrato temporal de 12 meses a jornada partida. Salario mensual bruto aproximado de 1.383 euros.",27/03/2024,162024003611,LABORAL TEMPORAL,,PELUQUEROS UNISEX,,,,,Experiencia mínima: 1 año,1 año,,1,5
1,2024-04-14 10:34:56,EMPLEADO/EMPLEADA DE AGENCIA DE VIAJES,Gernika-Lumo,Bizkaia,Asesoramiento y venta de viajes turísticos.  IMPRESCINDIBLE:  Titulación en turismo o cursos relacionados con turismo.  Experiencia de al menos 3 meses.  Euskera nivel medio.  CONTRATO: indefinido. Jornada partida. Incorporación inmediata.,27/03/2024,162024003609,LABORAL INDEFINIDO,,"EMPLEADOS DE AGENCIAS DE VIAJES, EN GENERAL",,,,,Experiencia mínima: 3 meses,3 meses,,1,5
1,2024-04-14 10:34:56,TÉCNICA/O DE SERVICIOS JURÍDICOS (CONTRATO FORMATIVO PARA LA OBTENCIÓN DE LA PRÁCTICA PROFESIONAL),Bilbao,Bizkaia,"Dar apoyo al equipo jurídico del Grupo EVE en las siguientes áreas: - En la gestión y aplicación de los procedimientos y expedientes de contratación pública y los derivados de las convocatorias de programas de ayudas - En el asesoramiento general y multidisciplinar a los demás departamentos, áreas y sociedades del Grupo EVE - En el desempeño de las labores de Secretaría de consejos de administración de sociedades participadas. - En la gestión de las políticas de protección de datos, transparencia y compliance - Otras cuestiones que puedan surgir en el día a día del área En este proceso de selección se le dará especial consideración a las candidaturas con certificado de DISCAPACIDAD, que cumplan los requisitos del puesto y puedan desempeñar las funciones del puesto de forma óptima.",27/03/2024,162024003608,LABORAL TEMPORAL,,"ABOGADOS, EN GENERAL",,,,,Conocimientos FORMACIÓN REGLADA - CERTIFICADOS DE PROFESIONALIDAD Se debe estar en posesión de alguno de los siguientes títulos o certificados obtenido con fecha posterior al: 15/04/2021 GRADO en Derecho Y además debe estar en posesión de alguno de los siguientes títulos o certificados obtenido con fecha posterior a : 15/04/2021 MÁSTER UNIVERSITARIO en Acceso a la Abogacía MÁSTER UNIVERSITARIO en Acceso al Ejercicio de la Abogacía MÁSTER UNIVERSITARIO en El ejercicio de la Abogacía MÁSTER UNIVERSITARIO en Ejercicio de la Abogacía MÁSTER UNIVERSITARIO en Abogacía,,,1,5
1,2024-04-14 10:34:56,PROFESOR/A HISTORIA DE LA MÚSICA JAZZ,Donostia/San Sebastián,Gipuzkoa,"Se convoca puesto de profesor/a de historia de la música Jazz. Deberán cumplir las bases de la convocatoria, ver documento adjunto o el link www.musikene.eus/selección profesorado. Ofrecen contrato indefinido",27/03/2024,162024003607,LABORAL TEMPORAL,,"PROFESORES DE INSTRUMENTOS MUSICALES, EN GENERAL",,,,,Conocimientos OTROS CONOCIMIENTOS PROFESIONALES DE PIANO,,,1,2
1,2024-04-14 10:34:56,PROFESOR/A PIANO,Donostia/San Sebastián,Gipuzkoa,"Se convoca puesto de profesor/a de piano. Deberán cumplir las bases de la convocatoria, ver documento adjunto o el link www.musikene.eus/selección profesorado.",27/03/2024,162024003606,LABORAL TEMPORAL,,"PROFESORES DE INSTRUMENTOS MUSICALES, EN GENERAL",,,,,Conocimientos OTROS CONOCIMIENTOS PROFESIONALES DE PIANO,,,1,0
1,2024-04-14 10:34:56,TÉCNICO/A DE RESIDUOS,Vitoria-Gasteiz,Araba/Álava,"Deberá idear y redactar proyectos y estudios de optimización de recogida selectiva de residuos y compostaje. También elaborar materiales informativos y de sensibilización, participar en actuaciones formativas e informativas dirigidas a la ciudadanía y a otros generadores sobre economía circular y compostaje. Contrato indefinido. Jornada parcial ampliable pasado el periodo de prueba. Salario mensual aproximado 2100 ¿. Fecha prevista de incorporación 02/05/2024. IMPRESCINDIBLE: Formación superior en Ciencias Ambientales, Biología, Ingeniería o similar. Idioma euskera. Carnet de conducir y coche. VALORABLE : Tres años de experiencia en estudios y proyectos relacionados con residuos municipales. Experiencia en temas relacionados con el compostaje.",27/03/2024,162024003605,LABORAL INDEFINIDO,,TÉCNICOS EN TRATAMIENTO DE RESIDUOS SÓLIDOS,,,,"B-AUTOMOVIL <= 3.500 KG, ASIENTOS <=9, CON REMOLQUE <= 750 KG, Y TRICICLOS Y CUATRICICLOS DE MOTOR",Conocimientos FORMACIÓN REGLADA - CERTIFICADOS DE PROFESIONALIDAD Se debe estar en posesión de alguno de los siguientes títulos o certificados: LICENCIATURA en Ciencias Ambientales GRADO en Ciencias Ambientales GRADO en Ingeniería en Tecnologías Ambientales LICENCIATURA en biología GRADO en Biología,,,1,17
1,2024-04-14 10:34:56,OPERADOR DE GRUA TORRE,Olaberria,Gipuzkoa,Requisitos imprescindibles: carnet grúa torre y experiencia en trabajos de encofrado y albañilería.  Ofrecen contrato indefinido. Incorporación inmediata. Jornada completa en horario partido. Salario bruto aproximado 32.224 ¿/año.,27/03/2024,162024003602,LABORAL INDEFINIDO,,CONDUCTORES-OPERADORES DE GRÚA TORRE,Nº de puestos: 1,,,,Conocimientos OTROS CONOCIMIENTOS Carnet: OPERADOR DE GRÚAS DE TORRE,,,1,11
1,2024-04-14 10:34:56,PROFESOR/A SOCIOSANITARIO,Azpeitia,Gipuzkoa,"Para impartir el curso de tención sociosanitaria a personas dependientes en instituciones sociales¿ (Certificado de Profesionalidad) Requisitos: titulaciones como psicología, enfermería, educación social o trabajo social. Titulo de ¿Docencia de la formación profesional para el empleo. Experiencia profesional en el ámbito de la Atención Sociosanitaria (más de un año). Se valorará el estar acreditado/a en Lanbide Contrato indefinido: 5 horas/día. Inicio: mayo 2024 Salario según convenio de Intervención Social",27/03/2024,162024003597,LABORAL TEMPORAL,,"PROFESORES TÉCNICOS DE FORMACIÓN PROFESIONAL, EN GENERAL",,,,,,,,1,24
1,2024-04-14 10:34:56,AUXILIAR DE CARNICERÍA EN HIPERMERCADO PARA ZIGOITIA.,Zigoitia,Araba/Álava,"Tareas a realizar: Preparación de carne y derivados en mostrador (corte de alguno de los productos). Atención al cliente reposición de mercancía. IMPRESCINDIBLE: Carnet de conducir y vehículo. Disponibilidad horaria. Disponibilidad de incorporación inmediata. OFRECEN: Puesto con estabilidad. Contrato indefinido, Jornada de 35 h/s. Horario rotativo de lunes a sábado, trabajando cinco días. Salario 1.100¿/mes. Incorporación inmediata",27/03/2024,162024003492,LABORAL INDEFINIDO,,DEPENDIENTES DE CARNICERÍA Y/O CHARCUTERÍA,,,,"B-AUTOMOVIL <= 3.500 KG, ASIENTOS <=9, CON REMOLQUE <= 750 KG, Y TRICICLOS Y CUATRICICLOS DE MOTOR",Experiencia mínima: 1 año,1 año,,2,1
1,2024-04-14 10:34:56,CAMARERO/CAMARERA,Loiu,Bizkaia,Asador precisa en Loiu CAMARERO/CAMARERA para servicio de cafetería y mesas. IMPRESCINDIBLE: experiencia mínima de 12 meses atendiendo barra y comedor. SE OFRECE: contrato fijo discontinuo para fines de semana y festivos. SALARIO: según convenio. INCORPORACIÓN: inmediata.,27/03/2024,162024002186,LABORAL TEMPORAL,,CAMAREROS DE BARRA Y/O DEPENDIENTES DE CAFETERÍA,,,,,Experiencia mínima: 1 año,1 año,,1,32
1,2024-04-14 10:34:56,PINTOR/A DE AUTOMOCIÓN,Leioa,Bizkaia,"Empresa radicada en Leioa precisa incorporar 5 PINTORES/AS DE AUTOMOCIÓN para realizar los siguientes trabajos: ¿Desempeño de las tareas acordes con el puesto de técnico en carrocería de automoción: ¿Reparación de superficies aplicando masillas, fonods, imprimaciones o aparejos dependiendo de la reparación. ¿Empapelado para preparaciones y acabado final del vehículo. ¿Lijado respetando afinados y acabados. ¿Pintado parcial y completo de piezas de la carrocería. ¿Sellado de piezas nuevas y piezas sustituidas (aletas traseras, faldones...) SE REQUIERE: Experiencia mínima de 5 años en la ocupación y carnet de conducir B. SE VALORARA: Experiencia en el empleo de productos AkzoNobel Sikkens. Formación en preparación de superficies certificado por Toyota. SE OFRECE: Contrato indefinido a jornada completa en horario partido y/o relevos mañana/tarde.",27/03/2024,162024002132,LABORAL INDEFINIDO,,"PINTORES DE VEHÍCULOS, EN GENERAL",,,,"B-AUTOMOVIL <= 3.500 KG, ASIENTOS <=9, CON REMOLQUE <= 750 KG, Y TRICICLOS Y CUATRICICLOS DE MOTOR",,,,5,2
1,2024-04-14 10:34:56,OFICIAL MAQUINARIA MUEBLE,Usurbil,Gipuzkoa,"Necesitamos oficial para manejo de maquinaria(canteadora, maquinaria CNC,etc) y operar en línea de montaje en taller de fabricación de muebles de madera. Imprescindible experiencia acreditada en el sector. Se ofrece contrato temporal con opción a indefinido. Horario a concretar. Salario según convenio de la industria de la madera. Incorporación inmediata",27/03/2024,162024001126,LABORAL TEMPORAL,,"OPERADORES DE MÁQUINAS PARA FABRICAR PRODUCTOS DE MADERA, EN GENERAL",,,,,,,,1,6
1,2024-04-14 10:34:56,MONITOR/A DE ACTIVIDADES DEPORTIVAS DIRIGIDAS,Arratzua-Ubarrundia,Araba/Álava,"Se necesita cubrir el puesto de monitor/a de actividades deportivas dirigidas, en el centro sociocultural SOLOGANA, de Durana. El horario es lunes y miércoles de 18:00 a 19:00 para Zumba y martes y jueves de 17:00 a 21:00 para pilates y condición fisica. Requisito imprescindible: Titulación de Técnico/a superior actividades fisico deportivas o CAFYD, IVEF o equivalente. Contrato: fijo discontinuo.",27/03/2024,162024000985,LABORAL TEMPORAL,,MONITORES Y/O ANIMADORES DEPORTIVOS,,,,,"Conocimientos FORMACIÓN REGLADA - CERTIFICADOS DE PROFESIONALIDAD Se debe estar en posesión de alguno de los siguientes títulos o certificados: Técnico Superior, enseñanzas de grado superior de FP - Deportes",,,2,1
1,2024-04-14 10:34:56,ESPECIALISTA EN VENTAS Y MARKETING DIGITAL,Ordizia,Gipuzkoa,"PERSONA APASIONADA POR EL MARKETING DIGITAL Y LAS VENTAS, CON HABILIDADES EXCEPCIONALES EN LA ADMINISTRACION DE PROYECTOS, CREACIÓN DE CONTENIDO MULTIMEDIA, ANÁLISIS DE KPI Y ATENCION AL CLIENTE. REQUISITOS IMPRESCINDIBLES: EXPERIENCIA PREVIA EN LOS ROLES DE MARKETING DIGITAL Y VENTAS, TITULACION UNIVERSITARIA O FORMACIÓN PROFESIONAL EN MARKETING, CONOCIMIENTO SOLIDO DE HERRAMIENTAS Y PLATAFORMAS DIGITALES GOOGLE ANALYTICS, REDES SOCIALES, CRM, HABILIDADES DE COMUNICACIÓN VERBAL Y ESCRITA, ADMINISTRAR MULTIPLES PROYECTOS Y PRIORIDADES SIMULTANEAMENTE. SE OFRECE CONTRATO DE 6 MESES + INDEFINIDO, SALARIO 1357¿, INCORPORACIÓN INMEDIATA",26/03/2024,162024003593,LABORAL INDEFINIDO,,DIRECTORES DE DEPARTAMENTO DE MARKETING,,,,,"Conocimientos FORMACIÓN REGLADA - CERTIFICADOS DE PROFESIONALIDAD Se debe estar en posesión de alguno de los siguientes títulos o certificados: ENSEÑANZAS UNIVERSITARIAS DE GRADO Técnico Superior, enseñanzas de grado superior de FP",,,1,8
1,2024-04-14 10:34:56,OPTICO/A,Basauri,Bizkaia,Se requiere óptico/a a jornada completa para cubrir baja de paternidad hasta septiembre. Turnos rotativos de mañana y tarde de lunes a sábado.  Requisitos imprescindibles: Estudios de técnico/a Superior en Óptica o Grado en Óptica.  Requisitos a valorar: Experiencia como óptico/a. Carnet tipo B y vehículo propio.,26/03/2024,162024003588,LABORAL TEMPORAL,,ÓPTICOS Y/U OPTOMETRISTAS,,,,,"NIVELES FORMATIVOS REQUERIDOS Desde Enseñanzas de grado superior de formación profesional específica y equivalentes, artes plásticas y diseño, y deportivas. Hasta Doctorado universitario",,,1,0
1,2024-04-14 10:34:56,CONDUCTOR/A DE AUTOBÚS INTERNACIONAL,Bilbao,Bizkaia,"Conducción por el itinerario internacional con salida desde Bilbao. Líneas: Lisboa, Oporto, Bruselas y París. Revisión de vehículo para garantizar su apropiado funcionamiento.  IMPRESCINDIBLE Carnet de conducir D CAP viajeros vigente. Tacógrafo digital. Experiencia mínima de 3 años como conductor en rutas de largo recorrido y conducción nocturna.  VALORABLE Inglés o Francés nivel alto.  CONTRATO Fijo discontinuo.  JORNADA Completa e irregular.  SALARIO 1.600 euros mensuales X 15 pagas + Variables.  INCORPORACIÓN Inmediata.",26/03/2024,162024003583,LABORAL INDEFINIDO,,CONDUCTORES DE AUTOBÚS INTERNACIONAL,,,,"D - AUT. TRANSPORTE PERSONAS, ASIENTOS > 9, REMOLQUE <= 750 KG",Experiencia mínima: 3 años,3 años,,8,7
1,2024-04-14 10:34:56,CONDUCTOR/A TRAILER,Zarautz,Gipuzkoa,Transporte de hierro a Francia y traer chatarra de vuelta. Algunos días podría tocar dormir fuera de casa. Se requiere tener carnet de trailer y cap de mercancías en vigor. Se valorará hablar francés,26/03/2024,162024003582,LABORAL INDEFINIDO,,"CONDUCTORES DE CAMIÓN, EN GENERAL",,,,,,,,1,15
1,2024-04-14 10:34:56,BARNIZADO DE MADERA,Leaburu,Gipuzkoa,"Se precisa persona con experiencia en el tratamiento y barnizado de madera. Ofrecen contrato indefinido a jornada completa, incorporación inmediata y salario según convenio de madera.",26/03/2024,162024003581,LABORAL INDEFINIDO,,BARNIZADORES-LACADORES DE MUEBLES Y/O ARTESANÍA DE MADERA,,,,,Experiencia mínima: 2 años,2 años,,1,1
1,2024-04-14 10:34:56,OPERARIO/A DE PRODUCCIÓN,Eibar,Gipuzkoa,"Empresa ubicada en Éibar busca Operarios/as para trabajar en prensa y taladro y verificación Requisito, tener una discapacidad igual o superior al 33%. Jornada completa a dos relevos, salario según convenio. Se valora tener vehículo.",26/03/2024,162024003578,LABORAL TEMPORAL,Discapacitados/as,VERIFICADORES-TRAZADORES DE METALES,,,,,EXPERIENCIA Ocupación: VERIFICADORES-TRAZADORES DE METALES (2 Meses ),,,2,10
1,2024-04-14 10:34:56,MAQUINISTA OBRA PUBLICA,Vitoria-Gasteiz,Araba/Álava,"SE PRECISA MAQUINISTA DE OBRA PUBLICA CON EXPERIENCIA EN EL MANEJO DE RETROEXCAVADORA, BULLDOZER.... IMPRESCINDIBLE: EXPERIENCIA EN MANEJO DE MAQUINARIA DE OBRA PÚBLICA Y PRL 20HORAS DE MOVIMIENTO DE TIERRAS. CONTRATO INDEFINIDO.",26/03/2024,162024003575,LABORAL INDEFINIDO,,"CONDUCTORES-OPERADORES DE MAQUINARIA DE TRANSPORTE DE TIERRAS, EN GENERAL",,,,,Conocimientos OTROS CONOCIMIENTOS OPERADOR DE VEHÍCULOS Y MAQUINARIA DE MOVIMIENTO DE TIERRAS,,,1,3
1,2024-04-14 10:34:56,PROGRAMADOR INFORMATICO SENIOR,Lemoa,Bizkaia,"IMPRESCINDIBLE Graduad@ en informática o ingeniería informática. Mas de 5 años de experiencia como programador.  Conocimientos de programación en SAP, ERP  Trabajo presencial en Lemoa. Residencia en cercanías de Lemoa.  Jornada intensiva. Incorporación inmediata.",26/03/2024,162024003574,LABORAL INDEFINIDO,,INGENIEROS INFORMÁTICOS,,,,"B-AUTOMOVIL <= 3.500 KG, ASIENTOS <=9, CON REMOLQUE <= 750 KG, Y TRICICLOS Y CUATRICICLOS DE MOTOR",Experiencia mínima: 5 años,5 años,,1,0
1,2024-04-14 10:34:56,TÉCNICO/A SUPERIOR EN ADMINISTRACION PUBLICA,Güeñes,Bizkaia,"Funciones: Impulso al portal de personal, organización y mejora de los procesos en el Área de Régimen Interior, mejora y simplificación de los procesos de trabajo, implantación de una estructura interna de gestión de subvenciones, transparencia y lucha contra el fraude. Requisitos imprescindibles: Formación académica de licenciatura, ingeniería, master universitario, grado universitario, diplomatura. Cumplir con los requisitos establecidos en la convocatoria de ayudas para el ejercicio 2024, para la contratación de personas jóvenes por entidades locales en el marco del programa FSE de País Vasco2021-2027. Deseable estar en desempleo e inscrit@ en el sistema de garantía juvenil y ser beneficiaria de cara a ser selecionad@ para una actuación de apoyo a la contratación, y emprendimiento, conforme a lo dispuesto en la Ley18/2014 (imprescindible cumplir ambos requisitos el día anterior al inicio del contrato). Ser mayor de 16 y menor de 30 años. Requisitos a valorar: residencia en el municipio de Güeñes.",26/03/2024,162024003571,LABORAL TEMPORAL,,TÉCNICOS SUPERIORES DE LA ADMINISTRACIÓN PÚBLICA,Nº de puestos: 1,Hasta 29 años,DESEMPLEADO-A,,NIVELES FORMATIVOS REQUERIDOS Desde Enseñanzas universitarias de primer ciclo y equivalentes o personas que han aprobado 3 cursos completos de una licenciatura o créditos equivalentes (diplomaturas) Hasta ENSEÑANZAS UNIVERSITARIAS OFICIALES DE MÁSTER,,,1,27
1,2024-04-14 10:34:56,COCINERO/A,Vitoria-Gasteiz,Araba/Álava,"Se busca cocinero/a para cubrir vacaciones realizando las siguientes tareas: realización del menú diario de la residencia, realización del pedido semanal y contactar con los proveedores.  IMPRESCINDIBLE:  Carnet de manipulador de alimentos.  Experiencia 6 meses.  Se valorara titulación en cocina.",26/03/2024,162024003570,LABORAL TEMPORAL,,"COCINEROS, EN GENERAL",,,,,,,,1,9
1,2024-04-14 10:34:56,FACULTATIVO/A ESPECIALISTA MEDICINA DEL TRABAJO,Zumarraga,Gipuzkoa,El Servicio Vasco de Salud Osakidetza necesita contratar especialista en medicina del trabajo. IMPRESCINDIBLE tener titulación de medicina y especialidad obtenida u homologada en España,26/03/2024,162024003569,LABORAL TEMPORAL,,MÉDICOS ESPECIALISTAS EN MEDICINA DEL TRABAJO,Nº de puestos: 1,,,,Conocimientos FORMACIÓN REGLADA - CERTIFICADOS DE PROFESIONALIDAD Se debe estar en posesión de alguno de los siguientes títulos o certificados: Doctorado universitario - Medicina,,,1,0
1,2024-04-14 10:34:56,ADMINISTRATIVO/A,Salvatierra/Agurain,Araba/Álava,Realizará las tareas de facturación a clientes. Facturación .Gestión de pedidos .Atención al cliente. Imprescindible: grado medio en rama administración. Manejo paquete Office. Certificado de discapacidad igual o superior al 33%. Valorable: conocimiento de inglés y/o francés. Salario mensual aprox: 1.600 ¿ Fecha incorporación: 15/04/2024. Duración: cobertura baja de larga duración,26/03/2024,162024003568,LABORAL TEMPORAL,Discapacitados/as,"TÉCNICOS ADMINISTRATIVOS, EN GENERAL",,,,,Conocimientos FORMACIÓN REGLADA - CERTIFICADOS DE PROFESIONALIDAD Se debe estar en posesión de alguno de los siguientes títulos o certificados: TÉCNICO gestión administrativa OTROS CONOCIMIENTOS MICROSOFT OFFICE,,,1,1
1,2024-04-14 10:34:56,ELECTRICISTA PCI,Bilbao,Bizkaia,"Puesta en marcha, ejecución de mantenimientos correctivos, preventivo y revisiones Mantenimiento e instalación en sistemas de protección contra incendios. Contrato indefinido REQUISITOS: Carnet de conducir Titutlo Téc. Electricidad valorable: Conocimientos de sistemas PCI",26/03/2024,162024003567,LABORAL INDEFINIDO,,"TÉCNICOS EN PREVENCIÓN DE INCENDIOS, EN GENERAL",,,,"B-AUTOMOVIL <= 3.500 KG, ASIENTOS <=9, CON REMOLQUE <= 750 KG, Y TRICICLOS Y CUATRICICLOS DE MOTOR",Experiencia mínima: 6 meses,6 meses,,1,5
1,2024-04-14 10:34:56,AGENTE DE PERSONAS CON MOVILIDAD REDUCIDA,Donostia/San Sebastián,Gipuzkoa,"Se necesita agente de PM, es un puesto de trabajo que ofrece servicios de asistencia en las estación de RENFE de San Sebastián, que consiste en asistir a las personas con movilidad reducida o con dificultades para acceder al tren, utilizando herramientas necesarias para ello: sillas de ruedas, rampa, plataforma elevadora etc. IMPRESCINDIBLE: Certificado de discapacidad superior al 33 % . Conocimientos ofimáticos. Autonomía y movilidad. VALORAR: manipulación de cargas superiores a 25 kg. OFRECE: Contrato de sustitución de IT, duración 4 meses aprox. Media jornada ( 20 h/semanales) 2 días de trabajo a la semana en horario de : 04:30 a 14:30 de lunes a viernes y sábados y domingos 06:30 a 14:30 ( con descansos establecidos). Salario: 600 euros por 14 pagas.",26/03/2024,162024003566,LABORAL TEMPORAL,Discapacitados/as,"ASISTENTES, ACOMPAÑANTES DE PERSONAS",,,,,Conocimientos OTROS CONOCIMIENTOS MICROSOFT OFFICE,,,1,7
1,2024-04-14 10:34:56,COMERCIAL DE VENTAS,Bilbao,Bizkaia,"Se necesita comercial de ventas para empresa dedicada al sector de alimentación y hostelería para Bizakaia, con cartera de clientes. Sueldo fijo garantizado además de bonus por objetivos. Contrato temporal con opción indefinido . Jornada de lunes a viernes en horario de mañana y tarde. Requisitos imprescindibles: -Carnet de conducir. -Vehículo propio. -Idioma español. Se valorará la experiencia en ventas.",26/03/2024,162024003563,LABORAL TEMPORAL,,AGENTES COMERCIALES,,,,"B-AUTOMOVIL <= 3.500 KG, ASIENTOS <=9, CON REMOLQUE <= 750 KG, Y TRICICLOS Y CUATRICICLOS DE MOTOR",,,,1,21
1,2024-04-14 10:34:56,VERIFICADOR INSPECTOR CALIDAD DE PIEZAS MECANIZADAS,Arrigorriaga,Bizkaia,"Empresa de Arrigorriaga precisa cubrir un puesto de VERIFICADOR INSPECTOR DE CALIDAD DE PRODUCCION PIEZAS MECANIZADAS, para Medición/verificación y registro de piezas fabricadas. Suministrar a las secciones productivas los útiles de medición necesarios para el control de las piezas fabricadas. A nivel de producto, poder dar marcha a los programas de medición de la tridimensional, realizando verificaciones Definir los Planes de Control, útiles de control y programas de medición. Imprescindible Formación en producción y medición de piezas mecanizadas, valorable experiencia en calidad en empresas mecanizado.",26/03/2024,162024003561,LABORAL INDEFINIDO,,VERIFICADORES-TRAZADORES DE METALES,,,,,"NIVELES FORMATIVOS REQUERIDOS Desde Enseñanzas de grado medio de formación profesional específica, artes plásticas y diseño, y deportivas. Hasta ENSEÑANZAS UNIVERSITARIAS DE GRADO",,,1,6
1,2024-04-14 10:34:56,TELEFONISTA ( RADIO TAXI),Donostia/San Sebastián,Gipuzkoa,"Se precisa para Donostia telefonista para Radio Taxi. Tareas a realizar: atender todos los servicios que vayan entrando en la central, ya sean por teléfono, email, aplicación.... Dichas labores exigen alta capacidad de adaptación, organización y flexibilidad. Trabajo a turnos ( mañana, tarde, noche) de lunes a domingo. Disponibilidad inmediata. IMPRESCINDIBLE: Nivel medio de Euskera Inglés . Conocimientos Ofimática. Dominio del callejero de Donostia. OFRECE. Contrato a jornada completa, una vez superado el periodo de pruebas el contrato sería indefinido. Salario bruto mensual aprox. 1500 euros.",26/03/2024,162024003559,LABORAL TEMPORAL,,OPERADORES DE CENTRAL TELEFÓNICA,,,,,Conocimientos OTROS CONOCIMIENTOS ACCESS MICROSOFT OFFICE MICROSOFT WORD MICROSOFT EXCEL,,,1,25
1,2024-04-14 10:34:56,SOCORRISTA-MONITOR DE PISCINA,Lekeitio,Bizkaia,"OFERTA DE TRABAJO PARA LA IMPARTICIÓN DE CURSOS DE NATACIÓN EN LA PISCINA MUNICIPAL DE LEKEITIO IMPRESCINDIBLES: TITULACIÓN DE SOCORRISTA ACUÁTICO, PRIMEROS AUXILIOS, TITULACIÓN DE MONITOR/A EN AGUAS, MAYORES DE 16 AÑOS Y PERFIL LINGÜÍSTICO II DE EUSKERA A VALORAR: EXPERIENCIA LABORAL Y PREPARACION FISICA",26/03/2024,162024003556,LABORAL TEMPORAL,,BAÑISTAS-SOCORRISTAS,,,,,Conocimientos OTROS CONOCIMIENTOS Carnet: CARNÉ DE SOCORRISTA,,,1,9
1,2024-04-14 10:34:56,SOCORRISTA ACUATICO,Lekeitio,Bizkaia,"OFERTA DE EMPLEO PARA LABORES DE SOCORRISTA EN LA PISCINA TRINKETE DE LEKEITIO IMPRESCINDIBLES: TITULACIÓN DE SOCORRISTA ACUÁTICO, PRIMEROS AUXILIOS, MAYORES DE 16 AÑOS Y PERFIL LINGÜÍSTICO II DE EUSKERA A VALORAR: EXPERIENCIA LABORAL Y PREPARACION FISICA",26/03/2024,162024003554,LABORAL TEMPORAL,,BAÑISTAS-SOCORRISTAS,,,,,Idiomas requeridos EUSKERA Lectura B2 - AVANZADO Escritura B2 - AVANZADO Hablado B2 - AVANZADO,,,1,12
1,2024-04-14 10:34:56,PINTORA / PINTOR INDUSTRIAL,Lakuntza,Navarra,Se necesita una persona para trabajar en una empresa de la zona de Sakana. La función principal consiste en la pintura industrial de piezas metálicas.,26/03/2024,162024003549,LABORAL TEMPORAL,,PINTORES DE ESTRUCTURAS METÁLICAS Y CASCOS DE BUQUES,Nº de puestos: 1,,,,Experiencia mínima: 1 año,1 año,,1,3
1,2024-04-14 10:34:56,ADMINISTRATAIVO/A ASESORÍA,Zarautz,Gipuzkoa,"Para funciones de gestoría y asesoramiento fiscal y contable. llevar contabilidades, liquidar impuestos, IRPF, impuesto de sociedades... Imprescindible tener al menos 3 años de experiencia en puesto similar y tener estudios de gado superior en administración y finanzas. Se valorará hablar euskera y tener estudios de grado en rama de administración o derecho. contrato de 5 horas por las mañanas con posibilidad de ampliación",26/03/2024,162024003545,LABORAL INDEFINIDO,,GESTORES ADMINISTRATIVOS TITULADOS,,,,,,,,1,16
1,2024-04-14 10:34:56,COCINERO/A,Donostia/San Sebastián,Gipuzkoa,"Se busca cocinero con experiencia en elaboración de cocina tradicional vasca para realizar tareas propias de cocina en restaurante. Se ofrece contrato de sustitución con posibilidad de incorporación a la empresa. Jornada completa de 11 a 16 y de 20 a 23. Libre los domingos y festivos, y, lunes y martes noche. Salario según convenio. Requisitos imprescindibles, experiencia de 3 años en puestos similares y vehículo propio y permiso de conducir.",26/03/2024,162024002414,LABORAL TEMPORAL,,"COCINEROS, EN GENERAL",Nº de puestos: 1,,,,,,,1,2
1,2024-04-14 10:34:56,DECORADOR/A CON FRANCES,Zarautz,Gipuzkoa,"Para estar presente en la exposición. Atención al cliente y gestión de proyectos, realizando presupuestos y planos en base al proyecto. Imprescindible tener conocimientos de diseño y arquitectura tener estudios de arquitectura o grado superior de diseño y decoración, hablar francés y euskera de manera fluida, conocimientos informáticos de Office y Autocad, interpretación de planos y elaboración de presupuestos. Jornada de lunes a viernes de 10:00-13:00 / 14:30-19:00 (algunos sábados también).",26/03/2024,162024002210,LABORAL INDEFINIDO,,DECORADORES Y/O DISEÑADORES DE INTERIORES,,,,,,,,1,3
1,2024-04-14 10:34:56,TÉCNICO/A DE PRODUCTO,Abadiño,Bizkaia,Empresa situada en el duranguesado solicita una persona para: -Análisis técnico del producto  Gestión Documental  Personalización  Calidad del producto  Entradas de Compras a proveedores  Consultas técnicas de clientes Requisitos imprescindibles: grado Universitario en Ingeniería Mecánica / eléctrica o similar -Se valorará positivamente el conocimiento de inglés Se ofrece contrato indefinido.,26/03/2024,162024002191,LABORAL INDEFINIDO,,INGENIEROS TÉCNICOS EN MECÁNICA INDUSTRIAL,,,,,NIVELES FORMATIVOS REQUERIDOS Desde Enseñanzas universitarias de primer ciclo y equivalentes o personas que han aprobado 3 cursos completos de una licenciatura o créditos equivalentes (diplomaturas) Hasta Doctorado universitario,,,1,10
1,2024-04-14 10:34:56,AYUDANTE TECNICO DE INYECCION,Zarautz,Gipuzkoa,Ayudar en las tareas básicas al técnico de inyección que se encarga de la puesta a punto de los moldes y proceso de inyección. Imprescindible manejo de carretilla y grúa. Se valora conocimiento en empresa de inyección de plástico y puesto similar. 6:00-14:00 o 14:00-22:00 (cambiando cada semana).,26/03/2024,162024001460,LABORAL TEMPORAL,,"PEONES DE LA INDUSTRIA MANUFACTURERA, EN GENERAL",,,,,,,,1,46
1,2024-04-14 10:34:56,INGENIERO/A DE DISEÑO DE INSTALACIONES MECÁNICAS,Bilbao,Bizkaia,"Necesitamos incorporar a nuestro equipo de proyectos un/a Ingeniero/a de Diseño de Instalaciones Mecánicas para unirse a nuestro equipo de la Zona Norte para el desarrollo de Proyectos de alto valor añadido.  Funciones:  Diseño y cálculo de instalaciones HVAC, PCI, fontanería, aire comprimido, etc  Elaboración de documentación técnica para gestión de ofertas (plannings, presupuestos y memorias técnicas).  Informes varios, seguimiento de trámites de excepcionalidad, justificaciones diversas, etc  Seguimiento en obra.  Requisitos mínimos  Estudios: Ingeniería Superior Mecánica o similar.  Experiencia en diseño de instalaciones mecánicas de almacenes logísticos, CPDs, edificación singular, etc  Se valorará dominio del inglés.",25/03/2024,162024003542,LABORAL INDEFINIDO,,"INGENIEROS EN MECÁNICA, EN GENERAL",,,,,Experiencia mínima: 3 años,3 años,,1,4
1,2024-04-14 10:34:56,PERSONAL TECNICO CONTROL DE PLAGAS,Astigarraga,Gipuzkoa,"SE PRECISA: Personal Técnico control de plagas. FUNCIONES: Tareas de tratamiento de interiores, vía pública y desinfecciones. IMPRESCINDIBLE: Certificado de Profesionalidad para el control de plagas (nivel 2). Carnet de conducir. Experiencia mínima de 1 año. SE VALORARÁ: Estar en posesión de otros títulos formativos relacionados con el sector (Legionalle, TP8, CMR...). Título de EGA. SE OFRECE: Contrato de trabajo temporal de seis meses.",25/03/2024,162024003539,LABORAL TEMPORAL,,TÉCNICOS EN PREVENCIÓN Y CONTROL DE PLAGAS,Nº de puestos: 2,,,,Experiencia mínima: 1 año,1 año,,2,3
1,2024-04-14 10:34:56,DOCENTE FORMACION EN PREVENCION DE RIESGOS LABORALES,Barakaldo,Bizkaia,"Buscamos docentes en Prevención de Riesgos Laborales para impartir formación en diferentes especialidades, incluyendo: Seguridad en el trabajo, Ergonomía y psicosociología, Higiene industrial. Equipos de Protección Individual (EPIs). Planes de emergencia y evacuación. Imprescindible: Titulo Formación Superior en PRL. Experiencia docente en PRL. Se valorará: conocimientos específicos en el sector metal. Habilidades de comunicación y pedagógicas. Capacidad de trabajo autónomo y en equipo.",25/03/2024,162024003536,LABORAL TEMPORAL,,FORMADORES DE FORMACIÓN NO REGLADA,Nº de puestos: 5,,,,"Conocimientos FORMACIÓN REGLADA - CERTIFICADOS DE PROFESIONALIDAD Se debe estar en posesión de alguno de los siguientes títulos o certificados: Técnico Superior, enseñanzas de grado superior de FP OTROS CONOCIMIENTOS Carnet: TÉCNICO DE PREVENCIÓN DE RIESGOS LABORALES (NIVEL SUPERIOR - ESPECIALIDAD ERGONOMÍA Y PSICOSOCIOLOGÍA APLICADA) Carnet: TÉCNICO DE PREVENCIÓN DE RIESGOS LABORALES (NIVEL SUPERIOR - ESPECIALIDAD HIGIENE INDUSTRIAL) Carnet: TÉCNICO DE PREVENCIÓN DE RIESGOS LABORALES (NIVEL SUPERIOR - ESPECIALIDAD SEGURIDAD EN EL TRABAJO)",,,5,9
1,2024-04-14 10:34:56,TÉCNICA/O LOGÍSTICA,Donostia/San Sebastián,Gipuzkoa,"TAREAS: compra, recepción y almacenaje de materias primas necesarias para todas las actividades que se realizan en los diferentes espacios de BCC. Realizar el traslado de la materia prima desde su llegada hasta el almacén. Atender al cliente interno. Apoyar en la gestión de pedidos. Participar en la gestión de los espacios de logística y en el desarrollo de la actividad. IMPRESCINDIBLE: experiencia reciente en control de almacén, preferentemente en industria alimentaria y disponibilidad inmediata. OFRECEN: contrato temporal a jornada completa",25/03/2024,162024003535,LABORAL TEMPORAL,,TÉCNICOS EN GESTIÓN DE STOCKS Y/O ALMACÉN,,,,,Experiencia mínima: 2 años,2 años,,1,17
1,2024-04-14 10:34:56,ADMINISTRATIVO/A,Gernika-Lumo,Bizkaia,Tareas de administración y atender en tienda. *Imprescindible estudios o experiencia en administración y gestión de empresas. *Se valora experiencia e idiomas.,25/03/2024,162024003532,LABORAL INDEFINIDO,,"TÉCNICOS ADMINISTRATIVOS, EN GENERAL",,,,,Experiencia mínima: 6 meses,6 meses,,1,76
1,2024-04-14 10:34:56,TÉCNICO/A ELÉCTRICO ELECTRÓNICO O ELECTROMECÁNICO,Oiartzun,Gipuzkoa,"Ciclo Formativo de Grado Superior en Electricidad, Electrónica o Electromecánica. Se valoraran conocimientos de Autómatas Siemens, Allen Bradley y Omron. Buscamos una persona con ganas de aprender y trabajar. Tareas a realizar: programación y acompañamiento. BENEFICIOS: Formar parte de un equipo dinámico y en crecimiento. Oportunidades de desarrollo profesional. Ambiente de trabajo colaborativo. Horario de de lunes a jueves es de 8.30h a 17.30h y viernes de 8h a 14.30h. Contrato indefinido. Salario según convenio. Fecha de inicio a determinar.",25/03/2024,162024003529,LABORAL INDEFINIDO,,"TÉCNICOS EN ELECTRÓNICA, EN GENERAL",,,,,,,,1,29
1,2024-04-14 10:34:56,COCINERO/A,Leioa,Bizkaia,Cafetería-Restaurante ubicada en Berango precisa contratar un/a cocinero/a para elaboración de menús del día. Requisito imprescindible: Experiencia mínima acreditada en el puesto de 6 meses. Se ofrece contrato indefinido a jornada completa de lunes a sábados. Domingos y festivos libres. Salario según convenio. Incorporación inmediata.,25/03/2024,162024003522,LABORAL INDEFINIDO,,"COCINEROS, EN GENERAL",,,,,Experiencia mínima: 6 meses,6 meses,,1,16
1,2024-04-14 10:34:56,"PROFESOR/A INGLÉS, LCL Y GEOGRAFÍA E HISTORIA",Iruña Oka/Iruña De Oca,Araba/Álava,"Profesor/a de LCL, Inglés y GeH para la ESO en colegio Menesianos de Nanclares del Oca. Imprescindible poseer la titulación adecuada al puesto y el CAP. Se valora experiencia en el puesto. El contrato es temporal a jornada completa para incorporarse en abril.",25/03/2024,162024003520,LABORAL TEMPORAL,,"PROFESORES DE ENSEÑANZA SECUNDARIA, EN GENERAL",,,,,Idiomas requeridos INGLES Lectura C1 - DOMINIO EFICAZ Escritura C1 - DOMINIO EFICAZ Hablado C1 - DOMINIO EFICAZ,,,1,12
1,2024-04-14 10:34:56,PELUQUERO/A,Tolosa,Gipuzkoa,peluquera oficial de 1ª. Media jornada por las tardes y sábado mañana,25/03/2024,162024003519,LABORAL INDEFINIDO,,PELUQUEROS UNISEX,,,,,Experiencia mínima: 5 años,5 años,,1,3
1,2024-04-14 10:34:56,MONITOR/A DE PILATES,Orio,Gipuzkoa,REQUISITOS IMPRESCINDIBLES: formación de pilates con máquinas y experiencia mínima de 2 años en puesto similar.  Contrato laboral temporal de 6 meses a jornada parcial entre 10 y 12 horas semanales de lunes a jueves. También hay la posibilidad de autónomo si interesa.  Horario: entre las 8 y las 12 de la mañana.  Incorporación aproximada para la segunda quincena de abril 2024.,25/03/2024,162024003515,LABORAL TEMPORAL,,MONITORES Y/O ANIMADORES DEPORTIVOS,,,,,Experiencia mínima: 2 años,2 años,,1,2
1,2024-04-14 10:34:56,MECANICO/A DE MANTENIMIENTO GRUAS,Basauri,Bizkaia,"Empresa de Basauri de Mantenimiento de elementos de Elevación, precisa cubrir 1 puesto de MECANICO/A de Mantenimiento de Grúas Puente, Polipastos y Elementos de Elevación, de Oficial 1ª, con jornada partida. Imprescindible Formación en Grado superior Mecánica y PRL básico. Valorable Formación en trabajos en altura, manejo de Grúa puente y plataforma elevadora.",25/03/2024,162024003514,LABORAL TEMPORAL,,MECÁNICOS DE MANTENIMIENTO INDUSTRIAL,,,,,Experiencia mínima: 3 meses,3 meses,,2,1
1,2024-04-14 10:34:56,AYUDANTE DE OBRA,Donostia/San Sebastián,Gipuzkoa,"Empresa líder en el sector de la construcción busca ayudante de obra.Buscamos una persona motivada y con ganas de aprender, dispuesta a colaborar en diversas tareas.Responsabilidades:Asistir en la preparación del sitio de trabajo antes y durante la realización de las tareas de construcción.Carga y descarga de materiales y herramientas.Limpieza y organización del área de trabajo. Apoyo en la ejecución de tareas asignadas, siguiendo las indicaciones del supervisor de obra.Cumplir con los estándares de seguridad y salud.Imprescindible:Experiencia previa en trabajos de construcción o similar(valorada).Capacidad para trabajar en equipo y seguir instrucciones.Disponibilidad para trabajar en horarios flexibles,incluyendo fines de semana si es necesario. Curso básico de PRL obligatorio.Buena condición física para realizar tareas que requieran esfuerzo físico.Se ofrece contrato indefinido a jornada completa(9-13 y 14-18 aprox.).Salario mensual bruto aprox.: 1.500¿.Incorporación:15/04",25/03/2024,162024003511,LABORAL INDEFINIDO,,PEONES DE LA CONSTRUCCIÓN DE EDIFICIOS,,,,"B-AUTOMOVIL <= 3.500 KG, ASIENTOS <=9, CON REMOLQUE <= 750 KG, Y TRICICLOS Y CUATRICICLOS DE MOTOR",Experiencia mínima: 1 año,1 año,,1,21
1,2024-04-14 10:34:56,FONTANERO PARA ZONA BILBAO,Bilbao,Bizkaia,"PARA SUSTITUCION DE UNA BAJA DE PATERNIDAD DE 10 SEMANAS DE DURACIÓN CON OPCIÓN A POSIBLE PRÓRROGA PARA VERANO, SE BUSCA FONTANERO.  REQUISITOS: EDAD MÁXIMA 30 AÑOS Y FORMACIÓN DE FONTANERIA.  VALORABLE CARNET DE CONDUCIR Y EXPERIENCIA. SE OFRECE JORNADA DE LUNES A JUEVES DE 8:30 A 13:00 HRS Y DE 15:00 A 18:30 HRS, VIERNES JORNADA CONTINUA DE 8:30 A 14:00 HRS. INCORPORACION INMEDIATA Y SALARIO SEGUN CONVENIO.",25/03/2024,162024003510,LABORAL TEMPORAL,,FONTANEROS,,Hasta 29 años,,"B-AUTOMOVIL <= 3.500 KG, ASIENTOS <=9, CON REMOLQUE <= 750 KG, Y TRICICLOS Y CUATRICICLOS DE MOTOR",,,,1,0
1,2024-04-14 10:34:56,INGENIERO/A TÉCNICO/A MECÁNICO/A,Abadiño,Bizkaia,"Se precisa INGENIERO/A TÉCNICO/A MECÁNICO/A integrado/a en la Dirección de la empresa ubicada en Abadiño (Bizkaia). REQUISITOS: Formación en Ingeniería Mecánica, manejo de programas de diseño mecánico. Conocimientos de MS Excel. Norma ISO 9001. Nivel de inglés alto. SE OFRECE: Jornada partida. Salario bruto anual aprox: 34.000 euros. Contrato indefinido. Incorporación inmediata.",25/03/2024,162024003509,LABORAL INDEFINIDO,,"INGENIEROS TÉCNICOS EN MECÁNICA, EN GENERAL",,,,,Conocimientos OTROS CONOCIMIENTOS MICROSOFT EXCEL,,,1,7
1,2024-04-14 10:34:56,CAMARERO/A,Mallabia,Bizkaia,"SERVICIO DE RESTAURANTE. REQUISITOS IMPRESCINDIBLES: EXPERIENCIA . REQUISITOS A VALORAR : HABLAR Y ENTENDER EUSKERA, ESTUDIOS DE HOSTELERÍA",25/03/2024,162024003508,LABORAL TEMPORAL,,"CAMAREROS, EN GENERAL",,,DESEMPLEADO-A,,Experiencia mínima: 6 meses,6 meses,,1,10
1,2024-04-14 10:34:56,OPERADOR DE GRUA PUENTE,Lasarte-Oria,Gipuzkoa,Operador de grúa torre con conocimientos de albañilería y encofrados. REQUISITOS IMPRESCINDIBLES: Carnet de grúa torre REQUISITOS A VALORAR: Experiencia en albañilería y encofrado CONTRATO: Indefinido SUELDO: 32000 brutos/año,25/03/2024,162024003506,LABORAL INDEFINIDO,,CONDUCTORES-OPERADORES DE GRÚA TORRE,,,,,Conocimientos OTROS CONOCIMIENTOS Carnet: OPERADOR DE GRÚAS DE TORRE,,,1,8
1,2024-04-14 10:34:56,FORMADOR/A EN PREVENCIÓN DE RIESGOS LABORALES,Muskiz,Bizkaia,Funciones: impartir formación en prevención de riesgos laborales  Requisitos imprescindibles: Master en prevención de riesgos laborales. Inglés alto,25/03/2024,162024002352,LABORAL TEMPORAL,,FORMADORES DE FORMACIÓN NO REGLADA,,,,,Conocimientos FORMACIÓN REGLADA - CERTIFICADOS DE PROFESIONALIDAD Se debe estar en posesión de alguno de los siguientes títulos o certificados: ENSEÑANZAS UNIVERSITARIAS DE GRADO Licenciaturas oficiales Diplomaturas oficiales OTROS CONOCIMIENTOS Carnet: TÉCNICO DE PREVENCIÓN DE RIESGOS LABORALES (NIVEL SUPERIOR - ESPECIALIDAD ERGONOMÍA Y PSICOSOCIOLOGÍA APLICADA) Carnet: TÉCNICO DE PREVENCIÓN DE RIESGOS LABORALES (NIVEL SUPERIOR - ESPECIALIDAD HIGIENE INDUSTRIAL) Carnet: TÉCNICO DE PREVENCIÓN DE RIESGOS LABORALES (NIVEL SUPERIOR - ESPECIALIDAD SEGURIDAD EN EL TRABAJO),,,3,5
1,2024-04-14 10:34:56,MONTADOR/A MANTENEDOR/A DE PUERTAS AUTOMATICAS,Getxo,Bizkaia,"Empresa de mantenimiento de puertas automáticas ubicada en Erandio precisa contratar a un/a profesional para mantenimiento de puertas automáticas y trabajos de herrería. Requisitos imprescindibles: Conocimientos de soldadura, electricidad y herrería. Carné de conducir tipo B. Experiencia mínima demostrable en automatismos de 12 meses. Se ofrece contrato temporal a jornada completa de 6 meses prorrogable según valía. Horario de lunes a viernes de 08 a 17:00 horas. Salario según convenio/negociable. Incorporación inmediata.",25/03/2024,162024002228,LABORAL TEMPORAL,,MONTADORES DE PUERTAS AUTOMÁTICAS,,,,"B-AUTOMOVIL <= 3.500 KG, ASIENTOS <=9, CON REMOLQUE <= 750 KG, Y TRICICLOS Y CUATRICICLOS DE MOTOR",Experiencia mínima: 1 año,1 año,,1,2
1,2024-04-14 10:34:56,ADMINISTRATIVO - PRODUCCIÓN,Zumarraga,Gipuzkoa,"Se requiere un Administrativo/a con espíritu productivo que a la vez proporcione apoyos en producción. REQUISITOS: tener reconocida discapacidad al menos del 33% experiencia en ofimática: excel, word, etc conocimientos o manejo de otros sistemas que pueda ser de utilidad: SAP, etc... SE OFRECE: contrato temporal horario de lunes a sábado",25/03/2024,162024002117,LABORAL TEMPORAL,Discapacitados/as,"TÉCNICOS ADMINISTRATIVOS, EN GENERAL",,,,,Conocimientos OTROS CONOCIMIENTOS MICROSOFT WORD MICROSOFT EXCEL,,,1,5
1,2024-04-14 10:34:56,PELUQUERO/A,Eibar,Gipuzkoa,"Para tareas propias: lavar, cortar, peinar, teñir, mechas, etc. Imprescindible: experiencia de al menos un par de años recientemente en el puesto. A valorar: actitud y ganas de aprender y crecer profesionalmente. Contrato indefinido a media jornada: jueves, viernes y sábado en un comienzo para pasar a completa. Salario a convenir con las candidaturas.",25/03/2024,162024002091,LABORAL INDEFINIDO,,PELUQUEROS UNISEX,,,,,,,,1,8
1,2024-04-14 10:34:56,PEON-A MULTISERVICIOS,Vitoria-Gasteiz,Araba/Álava,"Se precisa personal para tareas varias: dependiente. limpieza, otras labores de la empresa. Imprescindible: Persona con discapacidad reconocida => al 33% y carnet de conducir. Se ofrece contrato temporal, a jornada 20 horas semanales.",25/03/2024,162024001803,LABORAL TEMPORAL,Discapacitados/as,"PEONES DE LA INDUSTRIA MANUFACTURERA, EN GENERAL",Nº de puestos: 1,,,"B-AUTOMOVIL <= 3.500 KG, ASIENTOS <=9, CON REMOLQUE <= 750 KG, Y TRICICLOS Y CUATRICICLOS DE MOTOR",Experiencia mínima: 3 años,3 años,,1,17
1,2024-04-14 10:34:56,TÉCNICO/A DE MANTENIMIENTO,Barakaldo,Bizkaia,"Se necesita técnico/a de mantenimiento para residencia de mayores en Barakaldo. TAREAS A REALIZAR: mantenimiento preventivo y correctivo de instalaciones (electricidad, fontanería, pintura, etc...). REQUISITOS IMPRESCINDIBLES: Experiencia previa en tareas similares formación reglada de la rama electricidad certificado de discapacidad igual o superior al 33% y estar en situación de desempleo en el momento de la contratación. SE OFRECE: Contrato indefinido. 20horas a la semana, en horario a convenir. Salario según convenio de residencias de Bizkaia",25/03/2024,162024001263,LABORAL INDEFINIDO,Discapacitados/as,"ELECTRICISTAS DE MANTENIMIENTO Y REPARACIÓN, EN GENERAL",,,,,Experiencia mínima: 1 año,1 año,,1,6
1,2024-04-14 10:34:56,AYUDANTE DE RECEPCIÓN HOTEL,Ibarrangelu,Bizkaia,"Atención al cliente, entradas y salidas de huéspedes, horario a turnos, 7:30 a 15:30 y de 15:00 a 23:00, cada 3 semanas se libra un fin de semana. *Imprescindible idiomas euskara, castellano, necesario coche por los turnos de trabajo.",25/03/2024,162024001211,LABORAL TEMPORAL,,RECEPCIONISTAS DE HOTEL,,,,,Idiomas requeridos INGLES Hablado SUPERIOR EUSKERA Lectura SUPERIOR Escritura SUPERIOR Hablado SUPERIOR,,,1,28
1,2024-04-14 10:34:56,TECNICO RECAUDADOR/A,Barakaldo,Bizkaia,Se requiere un/a técnico de recaudación de máquinas recreativas a jornada completa. Se ofrece contrato indefinido. Requisitos imprescindibles: conocimientos de electrónica y/o mecánica. Permiso de conducir B. Edad entre 30-45 años. Se valorará experiencia en puestos similares.,25/03/2024,162024000545,LABORAL INDEFINIDO,,TÉCNICOS DE MANTENIMIENTO ELECTRÓNICO,,Hasta 45 años,,"B-AUTOMOVIL <= 3.500 KG, ASIENTOS <=9, CON REMOLQUE <= 750 KG, Y TRICICLOS Y CUATRICICLOS DE MOTOR",Conocimientos FORMACIÓN REGLADA - CERTIFICADOS DE PROFESIONALIDAD Se debe estar en posesión de alguno de los siguientes títulos o certificados: Certificado profesionalidad ELEQ0111 - OPERACIONES AUXILIARES DE MONTAJE Y MANTENIMIENTO DE EQUIPOS ELÉCTRICOS Y ELECTRÓNICOS Certificado profesionalidad ELET10 - ELECTRÓNICO DE MANTENIMIENTO Informática - Electrónica,,,1,20
1,2024-04-14 10:34:56,OFICIAL DE SEGUNDA METAL,Derio,Bizkaia,"Se requiere oficial de segunda del metal para empresa situada en Derio con experiencia previa en taller de dos años en manejo de maquinaria en general: soldadura, mecanizado, plegado, manejo de herramienta manual. Conocimiento de planos de taller de calderería. SE ofrece contrato temporal a jornada completa en turnos de 6 a 14 o 14 a 22 horas.",22/03/2024,162024003504,LABORAL TEMPORAL,,CALDEREROS INDUSTRIALES,,,,,Experiencia mínima: 1 año y 6 meses,1 año y 6 meses,,2,5
1,2024-04-14 10:34:56,ALMACENERO,Mutriku,Gipuzkoa,"MANTENER ORDENADO EL MATERIAL DEL ALMACÉN, DESCARGAR Y ORGANIZAR EL MATERIAL QUE LLEGA Y GESTIONAR LOS PORTES IMPRESCINDIBLES: DIPLOMA DE CARRETILLA ELEVADORA, PERMISO DE CONDUCIR Y TENER ENTRE 30 Y 40 AÑOS. SE VALORARA SER EUSKALDUN Y TENER CONOCIMIENTOS DE INFORMATICA",22/03/2024,162024003502,LABORAL INDEFINIDO,,TÉCNICOS EN GESTIÓN DE STOCKS Y/O ALMACÉN,,,,,,,,1,8
1,2024-04-14 10:34:56,PELUQUERA/O CON EXPERIENCIA,Etxebarri,Bizkaia,"Centro de Peluquería en Etxebarri, precisa cubrir un puesto de PELUQUERA con experiencia. Se requiere Formacion y conocimientos de Peluquería y ser valorará buena actitud hacia el trabajo. Para Incorporación inmediata.",22/03/2024,162024003500,LABORAL INDEFINIDO,,PELUQUEROS UNISEX,,,,,"NIVELES FORMATIVOS REQUERIDOS Desde Enseñanzas de grado medio de formación profesional específica, artes plásticas y diseño, y deportivas. Hasta ENSEÑANZAS UNIVERSITARIAS DE GRADO",,,1,6
1,2024-04-14 10:34:56,OPERARIA/O PRODUCCIÓN - ENVASADO,Azpeitia,Gipuzkoa,"Una empresa ubicada en Azpeitia necesita un/a operario producción envasado para realizar funciones de producción y o envasado. Se valorará conocimiento y/o formación de carretillero/a y tener 33% de discapacidad.  Producción: Control del proceso de extrusionado, gestión de parámetros y seguimiento del producto recién procesado.  Envasado: control, gestión y realización de tareas del proceso de las líneas de envasado incluido transporte de producto terminado.",22/03/2024,162024003499,LABORAL INDEFINIDO,,"CONDUCTORES-OPERADORES DE CARRETILLA ELEVADORA, EN GENERAL",Nº de puestos: 1,,,,,,,1,30
1,2024-04-14 10:34:56,APAREJADOR DE INFRAESTRUCTURA,Oñati,Gipuzkoa,-Requisitos imprescindibles: Titulación en: Arquitectura Técnica/Arquitectura/Ingeniería Técnica de Obras Públicas/Ingeniería de Edificación/Ingeniería Civil Euskera: Perfil Lingüístico 3 -Requisitos a valorar: Euskera: Perfil lingüístico 4 Másteres y cursos relacionados con el puesto. Tarjetas IT. Experiencia en sectores públicos y privados -Un año de contrato de trabajo a jornada completa,22/03/2024,162024003498,LABORAL TEMPORAL,,ARQUITECTOS TÉCNICOS,,,,,Conocimientos FORMACIÓN REGLADA - CERTIFICADOS DE PROFESIONALIDAD Se debe estar en posesión de alguno de los siguientes títulos o certificados: ARQUITECTURA arquitecto,,,1,6
1,2024-04-14 10:34:56,CAMARERO/A,Urduliz,Bizkaia,Se precisa camarera/o de barra para Bar-Cafetería. Requisitos obligatorios: experiencia mínima de 6 meses en puesto similar. Se valorará positivamente el conocimiento de euskera. Jornada parcial a turnos. Incorporación inmediata.,22/03/2024,162024003496,LABORAL TEMPORAL,,BÁRMANES,,,,,Experiencia mínima: 6 meses,6 meses,,1,10
1,2024-04-14 10:34:56,ADMINISTRATIVO LABORAL,Bilbao,Bizkaia,"Se precisa incorporar administrativo para el departamento laboral de asesoría con centro de trabajo en Bilbao. Las principales funciones que realizará son: -Dar apoyo en tareas administrativas y labores de asesoramiento laboral a empresas. -Confección de nóminas y seguros sociales. -Tramitación de DELT@S, CERTIFIC@ y CONTRAT@. Requisito imprescindible experiencia previa . Se ofrece : contrato indefinido a jornada completa , salario mes 1500 eur.",22/03/2024,162024003479,LABORAL INDEFINIDO,,EMPLEADOS ADMINISTRATIVOS DE SERVICIOS DE PERSONAL,,,,,Experiencia mínima: 6 meses,6 meses,,1,29
1,2024-04-14 10:34:56,SERVICIO DE AYUDA A DOMICILIO,Lekeitio,Bizkaia,"Se trata de la atención a personas en situación de dependencia, con riesgo de dependencia o con dificultades para realizar tareas cotidianas. Todo ello con el fin de que las personas usuarias del servicio puedan seguir viviendo en sus domicilios, prestando apoyo personal y doméstico. REQUISITOS OBLIGATORIOS: TITULACIÓN (certificado de profesionalidad de atención sociosanitaria a personas en el domicilio o equivalente, auxiliar de clínica, auxiliar de enfermería, estar en fase de acreditación en el dispositivo de reconocimiento de cualificaciones profesionales) y EUSKERA.",22/03/2024,162024003474,LABORAL TEMPORAL,,ASISTENTES DOMICILIARIOS,,,,,Conocimientos FORMACIÓN REGLADA - CERTIFICADOS DE PROFESIONALIDAD Se debe estar en posesión de alguno de los siguientes títulos o certificados: Certificado profesionalidad SSCS0108 - ATENCIÓN SOCIOSANITARIA A PERSONAS EN EL DOMICILIO Certificado profesionalidad SSCS0208 - ATENCIÓN SOCIOSANITARIA A PERSONAS DEPENDIENTES EN INSTITUCIONES SOCIALES,,,1,8
1,2024-04-14 10:34:56,TÉCNICO/A SOPORTE SISTEMAS INDUSTRIALES IT-OT,Zamudio,Bizkaia,"Instalación/mantenimiento de la infraestructura de comunicaciones, configuración de protocolos  Instalación, integración y puesta en marcha de nueva maquinaria o CNCs, integración sistema MES, direccionamiento IP, etc  Instalación, configuración y soporte de los distintos dispositivos de puesto: PCs, pantallas, lectores de RFID Balluf, etc  Seguimiento y realización de las copias de seguridad REQUISITOS  Conocimiento de arquitectura y redes de comunicaciones, hardware que lo conforman, Routers, Switchs. Firewall, Medios de acceso Fibra Óptica SMF, MMF, Cableado UTP, Normas  Instalación, soporte y reparación de bienes informáticos  Conocimientos sobre lenguajes de Programación industrial  Conocimiento sobre protocolos de comunicaciones Industriales Modbus, Profibus, Profinet Fielbus, Ethernet  OPC cliente/servidor en sus diferentes tipos  Conocimientos sobre sistemas Scada, Mes, Scada/HMI  Conocimiento sobre Control Numéricos, PC¿s Industriales, etc  Conocimientos y manejo de aplicaciones Siemens",22/03/2024,162024003472,LABORAL INDEFINIDO,,TÉCNICOS EN OPERACIONES DE SISTEMAS INFORMÁTICOS,,,,,Experiencia mínima: 2 años,2 años,,1,6
1,2024-04-14 10:34:56,FONTANERO/A,Vitoria-Gasteiz,Araba/Álava,"Fontanero/a calefactor/a-instalador/a-reparador/a de fugas. Contrato temporal, duración 6 meses. Jornada intensiva de 8 a 16 horas. Fecha prevista de incorporación 10/05/2024. Salario mensual bruto aproximado 2083 ¿ 2166 ¿. IMPRESCINDIBLE : Formación profesional o experiencia demostrable, experto en soldadura de cobre. Disponibilidad para la incorporación antes de 15 de mayo. Carnet de conducir. Flexibilidad horaria. VALORABLE : Formación de PRL, habilidad con entornos digitales.",22/03/2024,162024003470,LABORAL TEMPORAL,,FONTANEROS,,,,"B-AUTOMOVIL <= 3.500 KG, ASIENTOS <=9, CON REMOLQUE <= 750 KG, Y TRICICLOS Y CUATRICICLOS DE MOTOR",Experiencia mínima: 3 años,3 años,,6,7
1,2024-04-14 10:34:56,PROGRAMADOR/A JAVA (SPRING BOOT + ANGULAR),Bilbao,Bizkaia,Buscamos incorporar en nuestro equipo un/a Programador/a Java con experiencia y conocimientos de Angular y Spring boot para incorporar al equipo de Osakidetza. Requisitos mínimos  EXPERIENCIA: Al menos 3 años de experiencia en desarrollo de aplicaciones Java para Administración Pública. Muy valorable conocimiento entorno sanitario.  REQUISITOS TÉCNICOS:  Java EE 8/11  JavaScript  Angular 7  Spring boot  Oracle,22/03/2024,162024003465,LABORAL INDEFINIDO,,ANALISTAS-PROGRAMADORES,,,,,Experiencia mínima: 3 años,3 años,,1,2
1,2024-04-14 10:34:56,ASISTENTE DOMICILIARIO,Zumaia,Gipuzkoa,Para cuidado de persona mayor. Horario nocturno de 20:00 a 12:00. Es imprescindible disponer de titulación.,22/03/2024,162024003464,LABORAL TEMPORAL,,ASISTENTES DOMICILIARIOS,Nº de puestos: 1,,,,,,,1,31
1,2024-04-14 10:34:56,ALBAÑIL,Baliarrain,Gipuzkoa,Oficial 1ª. Trabajos de albañilería. REQUISITOS OBLIGATORIOS: Estar en posesión del permiso de conducir y del coche. TIPO DE JORNADA: jornada completa.,22/03/2024,162024003462,LABORAL TEMPORAL,,ALBAÑILES,,,,,,,,1,12
1,2024-04-14 10:34:56,TÉCNICO/A ESPECIALISTA EN BIM,Donostia/San Sebastián,Gipuzkoa,Empresa de ingeniería precisa contratar una persona para el puesto de TÉCNICO/A ESPECIALISTA EN BIM. Imprescindible: titulación de Ingeniería de caminos o Ingeniería civil o Ingeniería Técnica de obras Públicas o Arquitectura técnica. 24 meses de experiencia. Se ofrece contrato por obra a jornada completa en horario de mañana y tarde.,22/03/2024,162024003456,LABORAL TEMPORAL,,INGENIEROS TÉCNICOS EN CONSTRUCCIÓN Y OBRA CIVIL,,,,,Experiencia mínima: 2 años,2 años,,1,2
1,2024-04-14 10:34:56,CONDUCTOR DE TRÁILER,Vitoria-Gasteiz,Araba/Álava,IMPRESCINDIBLE Experiencia como conductor de trailer Carnet de conducir C+E ADR  CONTRATO Indefinido.  JORNADA Completa. De lunes a viernes en horario variable.  SALARIO 2.000 euros mensuales.  INCORPORACIÓN Inmediata.,22/03/2024,162024003453,LABORAL INDEFINIDO,,CONDUCTORES DE CAMIÓN CON REMOLQUE Y/O DE TRACTOCAMIÓN,,,,"C+E-AUTOMÓVIL CLASE C, CON REMOLQUE > 750 KG",Experiencia mínima: 3 meses,3 meses,,1,2
1,2024-04-14 10:34:56,BARBERO /A,Bilbao,Bizkaia,Se necesita : Barbero/a profesional . Requisitos imprescindibles : Conocimientos en corte y experiencia mínima de 3 años. Se ofrece : contrato temporal de 6 meses a media jornada.,22/03/2024,162024003448,LABORAL TEMPORAL,,PELUQUEROS DE CABALLEROS,,,,,Experiencia mínima: 3 años,3 años,,1,2
1,2024-04-14 10:34:56,OPERARIO/A DE LIMPIEZA DE BODEGA,Villabuena De Alava/Eskuernaga,Araba/Álava,"SE OFRECE: Un puesto de Operario/a de limpieza con contrato indefinido a jornada completa. INCORPORACIÓN: inmediata. SALARIO: 1400 euros brutos mensuales aproximados. FUNCIONES: Limpieza diaria de las instalaciones de la bodega y apoyo en tareas de producción relacionadas con línea de etiquetado, embotellado, preparación de pedidos. Organización, limpieza y mantenimiento de zonas de trabajo. IMPRESCINDIBLE: Experiencia mínima de 3 meses realizando laboras similares en una bodega. Vehículo propio y carnet de conducir si se reside fuera del municipio. VALORABLE: Conocimientos de mantenimiento.",22/03/2024,162024003447,LABORAL INDEFINIDO,,PERSONAL DE LIMPIEZA O LIMPIADORES EN GENERAL,,,,,Experiencia mínima: 3 meses,3 meses,,1,13
1,2024-04-14 10:34:56,OPERARIO/A DE ALMACÉN,Vitoria-Gasteiz,Araba/Álava,"Llevar a cabo la gestión de los materiales y productos desde la recepción hasta la expedición de los mismos incluyendo el flujo, la verificación, la preparación, los inventarios y suministros entre los distintos almacenes o procesos.  IMPRESCINDIBLE Experiencia de 3 meses en puesto similar al ofertado. Carnet de carretilla (frontal, retráctil). Conocimientos en gestión de almacén. Inglés nivel alto. Euskera nivel alto.  CONTATO Temporal. 1 mes de duración.  JORNADA Completa. A turnos.  SALARIO Según Convenio.  INCORPORACIÓN Inmediata.",22/03/2024,162024003445,LABORAL TEMPORAL,,"CONDUCTORES-OPERADORES DE CARRETILLA ELEVADORA, EN GENERAL",,,,,Experiencia mínima: 3 años,3 años,,1,6
1,2024-04-14 10:34:56,PEON/A DE BODEGA,Villabuena De Alava/Eskuernaga,Araba/Álava,"SE OFRECE: un puesto de Peon/a de Bodega con contrato indefinido, a jornada completa. INCORPORACIÓN: Inmediata. SALARIO: 1400 euros brutos mensuales aproximados. FUNCIONES: Tareas típicas de producción de una bodega: vendimia, elaboración, trasiegas, etiquetados, embotellados, almacén, carga de pedidos, etc. IMPRESCINDIBLE: Experiencia mínima de 3 meses realizando labores similares en otras bodegas. Vehículo propio y carnet de conducir si se reside fuera del municipio. VALORABLE: Conocimientos de mecánica y electricidad.",22/03/2024,162024003444,LABORAL INDEFINIDO,,BODEGUEROS VINÍCOLA,,,,,Experiencia mínima: 3 meses,3 meses,,1,11
1,2024-04-14 10:34:56,OPERADOR/A MAQUINARIA. ALIMENTADOR/A MANUAL,Vitoria-Gasteiz,Araba/Álava,"Analizar la orden de fabricación, plano, apuntes técnicos, aplicaciones anteriores, gama y control del proceso. Asegurar el correcto aprovisionamiento para el avance del turno. Identificar, evacuar y apilar las piezas producidas en las máquinas, embalando y etiquetando en aquellos casos en los que sea necesario y trasladándolo si fuera necesario a la sección siguiente. Asegurarse que los medios productivos e instalaciones de su sección estén apagados en horas no laborables.  IMPRESCINDIBLE Ciclo Formativo de Grado Medio en mecanizado o Ciclo Formativo de Grado Superior en Programación de la Fabricación Mecánica. Euskera nivel alto.  CONTRATO Temporal. 1 mes de duración.  JORNADA Completa. A turnos.  SALARIO Según Convenio.  INCORPORACIÓN Inmediata.",22/03/2024,162024003443,LABORAL TEMPORAL,,PEONES DE LA INDUSTRIA METALÚRGICA Y FABRICACIÓN DE PRODUCTOS METÁLICOS,,,,,Experiencia mínima: 3 años,3 años,,1,2
1,2024-04-14 10:34:56,PELUQUERA@ OFICIALA DE 2ª,Bilbao,Bizkaia,"Se necesita peluquer@ con mínimo tres años de experiencia en corte de señora, tinte y mechas.",22/03/2024,162024003442,LABORAL INDEFINIDO,,PELUQUEROS DE SEÑORAS,,,,,Experiencia mínima: 3 años,3 años,,1,2
1,2024-04-14 10:34:56,ALBAÑIL OFICIAL DE 1ª CONSTRUCCIÓN,Zamudio,Bizkaia,"Se necesita albañil oficial de primera de construcción , que tenga realizado el nivel básico de PRL de 60horas, curso 2º ciclo de PRL construcción de 20 horas, y con experiencia mínima de 5 años en el sector. Necesario vehículo propio",22/03/2024,162024003433,LABORAL TEMPORAL,,ALBAÑILES,,,,"B-AUTOMOVIL <= 3.500 KG, ASIENTOS <=9, CON REMOLQUE <= 750 KG, Y TRICICLOS Y CUATRICICLOS DE MOTOR",Experiencia mínima: 5 años,5 años,,1,10
1,2024-04-14 10:34:56,APAREJADOR DE INFRAESTRUCTURAS,Oñati,Gipuzkoa,"Requisitos imprescindibles: Arquitecto técnico y 4º perfil lingüístico. Condiciones a valorar: Licenciatura en Arquitectura, Másteres relacionados con el puesto de trabajo, Tarjetas IT (Word, Access, Excel e Internet avanzados) .Experiencia en el sector público y privado.",22/03/2024,162024002971,LABORAL TEMPORAL,,ARQUITECTOS TÉCNICOS,,,,,Conocimientos FORMACIÓN REGLADA - CERTIFICADOS DE PROFESIONALIDAD Se debe estar en posesión de alguno de los siguientes títulos o certificados: Diplomaturas oficiales,,,1,0
1,2024-04-14 10:34:56,ASESOR/A HORTICULTURA ECOLÓGICA,Azpeitia,Gipuzkoa,"Una empresa de jardinería de Azpeitia necesita un/a asesor/a para asesorar e impartir cursos del área de horticultura ecológica, por la tarde, desde las 16:00 hasta las 20:00, aprox. 2 o 3 días a la semana. Deberá reunir las siguientes características: Conocimiento sobre horticultura ecológica Capacidad para impartir cursos Facilidad para relacionarse con el público.",22/03/2024,162024002307,LABORAL TEMPORAL,,ASESORES AGRÍCOLAS,,,,,,,,1,20
1,2024-04-14 10:34:56,GUÍA TURÍSTICO EN Y DESDE SAN SEBASTIÁN,Donostia/San Sebastián,Gipuzkoa,"Se busca guía turístico para liderar actividades turísticas tanto urbanas en San Sebastián y Bilbao como en los alrededores. Se tendrán que liderar grupos de turistas nacionales e internacionales de entre 2 y 30 personas. IMPRESCINDIBLE: La mayoría de las actividades se realizan en inglés por lo que es imprescindible tener un dominio oral avanzado en este idioma. Se realizará prueba oral. También es Indispensable tener carnet de conducir tipo B para conducir furgonetas de hasta 9 personas, y destreza demostrable para hacerlo. OFRECE: Contrato laboral indefinido (fijo discontinuo). Jornada laboral variará en función de la semana. Salario bruto aprox. 1300 euros.",22/03/2024,162024002139,LABORAL INDEFINIDO,,GUÍAS DE TURISMO,,,,"B-AUTOMOVIL <= 3.500 KG, ASIENTOS <=9, CON REMOLQUE <= 750 KG, Y TRICICLOS Y CUATRICICLOS DE MOTOR",Experiencia mínima: 1 año,1 año,,1,14
1,2024-04-14 10:34:56,CHAPISTA/CARROCERO/A DE AUTOMOCIÓN,Leioa,Bizkaia,"Empresa radicada en Leioa precisa incorporar 5 CHAPISTAS/CARROCEROS/AS DE AUTOMOCIÓN para realizar los siguientes trabajos: Desmontajes y montajes de todo tipo de piezas y accesorios de la carrocería. ¿ Sustituciones parciales y completas de la carrocería (paños de puerta, aletas traseras, largueros, refuerzos¿) ¿ Reparaciones de todo tipo de abolladuras. ¿ Ajustes de frentes y piezas sustituidas. ¿ Reparaciones de plásticos ¿ Manejo de sistema de tiro con bancada, interpretación y medición correcta de planos. ¿ Soldadura por resistencia y semiautomática. ¿ Reparaciones en aluminio. SE REQUIERE: Experiencia mínima de 5 años en la ocupación y carnet de conducir B. SE VALORARA: Conocimientos en mecánica y electricidad. Experiencia en sustitución de lunas parabrisas. SE OFRECE: Contrato indefinido a jornada completa en horario partido y/o relevos mañana/tarde.",22/03/2024,162024002130,LABORAL INDEFINIDO,,CHAPISTAS-PINTORES DE VEHÍCULOS,,,,"B-AUTOMOVIL <= 3.500 KG, ASIENTOS <=9, CON REMOLQUE <= 750 KG, Y TRICICLOS Y CUATRICICLOS DE MOTOR",Experiencia mínima: 5 años,5 años,,5,1
1,2024-04-14 10:34:56,DECORADOR/A - DEPENDIENTE/A,Azpeitia,Gipuzkoa,"Una empresa de Azpeitia necesita un/a decorador/a-Dependiente/a. Para ello, es necesario: Tener formación en el ámbito de Decoración, dominar el euskera y el castellano y tener permiso de conducir. Tener experiencia en puesto similar y residir en la comarca se valorarán muy positivamente. Funciones: - Atender al cliente tanto en la tienda como en su casa y realizar seguimiento. - Responsable de los resultados de las reformas y ventas. - Realizar la venta de los proyectos y su seguimiento hasta la conformidad del cliente.",22/03/2024,162024002051,LABORAL INDEFINIDO,,DECORADORES Y/O DISEÑADORES DE INTERIORES,,,,,"Conocimientos FORMACIÓN REGLADA - CERTIFICADOS DE PROFESIONALIDAD Se debe estar en posesión de alguno de los siguientes títulos o certificados: Técnico Superior, enseñanzas de grado superior de FP",,,1,25
1,2024-04-14 10:34:56,MANTENIMIENTO DE PUERTAS AUTOMÁTICAS,Amorebieta-Etxano,Bizkaia,Funciones: Mantenimiento de puertas automáticas tanto comerciales como de garaje. Móvil y vehículo a cargo de la empresa Requisitos imprescindibles: Experiencia de al menos 6 meses en el puesto. Carnet B Requisitos a valorar: Experiencia en el sector Tipo de contrato y jornada: Indefinido a jornada completa,22/03/2024,162024001508,LABORAL INDEFINIDO,,MONTADORES DE PUERTAS AUTOMÁTICAS,,,,"B-AUTOMOVIL <= 3.500 KG, ASIENTOS <=9, CON REMOLQUE <= 750 KG, Y TRICICLOS Y CUATRICICLOS DE MOTOR",Experiencia mínima: 6 meses,6 meses,,1,6
1,2024-04-14 10:34:56,FISIOTERAPEUTA,Iurreta,Bizkaia,SE NECESITA UN/A FISIOTERAPEUTA PARA CENTRO DE REHABILITACION UBICADO EN DURANGO. SE OFRECE UN CONTRATO A JORNADA COMPLETA. REQUISITOS IMPRESCINDIBLES: TITULACIÓN HABILITANTE,22/03/2024,162024000594,LABORAL TEMPORAL,,"FISIOTERAPEUTAS, EN GENERAL",,,,,,,,1,7
1,2024-04-14 10:34:56,COMERCIAL,Arama,Gipuzkoa,"COMERCIAL PARA EMPRESA DE SUMINISTROS INDUSTRIALES VISITAR CLIENTES, CREACIÓN DE NUEVOS CLIENTES. REQUISITOS IMPRESCINDIBLES EXPERIENCIA LABORAL COMO COMERCIAL, DON DE GENTES, AMABLE Y BUENA APTITUD, CARNET DE CONDUCIR, DE LA COMARCA O ALREDEDORES. SE OFRECE CONTRATO TEMPORAL CON OPCIONES DE CONTINUAR, JORNADA COMPLETA, INCORPORACIÓN INMEDIATA.",22/03/2024,162023014581,LABORAL TEMPORAL,,AGENTES COMERCIALES,,,,"B-AUTOMOVIL <= 3.500 KG, ASIENTOS <=9, CON REMOLQUE <= 750 KG, Y TRICICLOS Y CUATRICICLOS DE MOTOR",EXPERIENCIA Ocupación: AGENTES COMERCIALES (3 Meses ),,,1,28
1,2024-04-14 10:34:56,ALMACENERO,Arama,Gipuzkoa,"ALMACENERO: RECEPCIÓN DE PRODUCTOS, COLOCACIÓN DEL PRODUCTO EN EL ALMACÉN, PREPARACIÓN DE PEDIDOS, GESTIÓN DE ALBARANES, FACTURAS. REQUISITOS IMPRESCINDIBLES CARNET DE CONDUCIR, CARNET DE CARRETILLA ELEVADORA, EXPERIENCIA LABORAL COMO ALMACENERO, GANAS DE TRABAJAR ORDENADO, AMABLE, BUENA ACTITUD, DE LA COMARCA DEL GOIERRI. SE OFRECE CONTRATO TEMPORAL A JORNADA COMPLETA CON OPCIONES DE CONTINUAR, HORARIO DE MAÑANA Y TARDE, INCORPORACIÓN INMEDIATA",22/03/2024,162023014576,LABORAL TEMPORAL,,TÉCNICOS EN GESTIÓN DE STOCKS Y/O ALMACÉN,,,,"B-AUTOMOVIL <= 3.500 KG, ASIENTOS <=9, CON REMOLQUE <= 750 KG, Y TRICICLOS Y CUATRICICLOS DE MOTOR",EXPERIENCIA Ocupación: TÉCNICOS EN GESTIÓN DE STOCKS Y/O ALMACÉN (3 Meses ),,,1,64
1,2024-04-14 10:34:56,OPERARIO TALLADORA/ TALADRO,Olaberria,Gipuzkoa,"EL PROCESO DE TALADRO / TALLADO ES UNO DE LOS PROCESOS MAS IMPORTANTES DENTRO DE LA FABRICACIÓN DE RODAMIENTOS. FUNCIONES PLANIFICACIÓN DE LA ACTIVIDAD EN SU PROCESO DE TALLADO / TALADRADO, PUESTA A PUNTO DE LAS MAQUINAS Y LOS PUNTOS CRITICOS DEL PROCESO, CUMPLIR LAS MEDIDAS DE SEGURIDAD, TANTO PREVENTIVAS COMO REACTIVAS, AUTOMANTENIMIENTO DE LA MAQUINARIA, PROMOVER, PROPONER Y PARTICIPAR EN LA IMPLEMENTACION DE UNA CULTUTA DE MEJORA CONTINUA. REQUISITOS IMPRESCINDIBLES CICLO FORMATIVO DE GRADO SUPERIOR MECANICA, MECATRONICA, EXPERIENCIA O CONOCIMIENTOS SOBRE TALLADO / TALADRO, LEER E INTERPRETAR PLANOS. SE VALORARA CARNTE DE CARRETILLA Y PUENTE GRUA. SE OFRECE CONTRATO TEMPORAL DE 6 MESES A JORNADA COMPLETA A TURNOS, INCORPORACIÓN INMEDIATA.",22/03/2024,162023014135,LABORAL TEMPORAL,,OPERADORES DE MÁQUINA CORTADORA DE METALES,,,,,"Conocimientos FORMACIÓN REGLADA - CERTIFICADOS DE PROFESIONALIDAD Se debe estar en posesión de alguno de los siguientes títulos o certificados: Técnico Superior, enseñanzas de grado superior de FP",,,1,18
1,2024-04-14 10:34:56,TECNICO EN INSTALACIONES ELECTRICAS,Belauntza,Gipuzkoa,"INSTALAR ELEMENTOS ELECTRICOS EN LA MAQUINAS, CABLEAR LOS ELEMENTOS ELECTRICOS EN LOS ELEMENTOS DE CAMPO, ASI COMO EN ARMARIOS Y PUPITRES, PUESTA EN MARCHA DE LOS EQUIPOS, MONTAJE MECANICO DE LAS PARTES DE LAS MAQUINAS. REQUISITOS IMPRESCINDIBLES CICLO FORMATIVO DE GRADO SUPERIOR O GRADO MEDIO ÁREA ELECTRICA-MECÁNICA, CONOCIMIENTOS Y EXPERIENCIA EN INSTALACIONES ELECTRICAS, SABER INTERPRETAR LOS ESQUEMAS ELECTRICOS, QUE SEA HABIL EN EL MANEJO DE LAS HERRAMIENTAS, DISPONER DE VEHICULO PROPIO, PUNTUALIDAD, GANAS DE APRENDER Y TRABAJR, SE VALORARA CONOCIMIENTOS DE INGLES. SE OFRECE CONTRATO DE PRACTICAS + INDEFINIDO, JORNADA COMPLETA, HORARIO PARTIDO, INCORPORACIÓN INMEDIATA.",22/03/2024,162023013863,LABORAL TEMPORAL,,INSTALADORES ELECTRICISTAS INDUSTRIALES,,,DESEMPLEADO-A,"B-AUTOMOVIL <= 3.500 KG, ASIENTOS <=9, CON REMOLQUE <= 750 KG, Y TRICICLOS Y CUATRICICLOS DE MOTOR","Conocimientos FORMACIÓN REGLADA - CERTIFICADOS DE PROFESIONALIDAD Se debe estar en posesión de alguno de los siguientes títulos o certificados: Técnico Superior, enseñanzas de grado superior de FP Técnico, enseñanzas de grado medio de FP",,,1,8
1,2024-04-14 10:34:56,CHOFER DE CAMION,Ordizia,Gipuzkoa,"CHOFER DE CAMION PARA TRANSPORTE ESPECIAL TANTO EN EL AMBITO NACIONAL COMO INTERNACIONAL. REQUISITOS IMPRESCINDIBLES CARNET DE CAMIÓN, EXPERIENCIA LABORAL COMO CHOFER DE CAMION PARA TRANSPORTE ESPECIAL, CONOCIMIENTOS DE INGLES. SE OFRECE CONTRATO TEMPORAL DE 6 MESES + INDEFINIDO, A JORNADA COMPLETA, SALARIO MENSUAL BRUTO 2.000¿, INCORPORACIÓN INMEDIATA.",22/03/2024,162023013360,LABORAL TEMPORAL,,"CONDUCTORES DE CAMIÓN, EN GENERAL",,,,"C+E-AUTOMÓVIL CLASE C, CON REMOLQUE > 750 KG","EXPERIENCIA Ocupación: CONDUCTORES DE CAMIÓN, EN GENERAL (3 Meses )",,,1,22
1,2024-04-14 10:34:56,PROGRAMADOR CAD CAM,Bergara,Gipuzkoa,"IMPORTANTE EMPRESA INDUSTRIAL DE LA ZONA DE ALTO DEBA PRECISA INCORPORAR A SU ORGANIZACION UN/A PROGRAMADORa (CAD/ CAM). SU MISION SERA ESTABLECER LOS PROCESOS Y PROGRAMAS DE MECANIZADO. REQUISITOS IMPRESCINDIBLES CICLO FORMATIVO DE GRADO SUPERIOR EN PRODUCCION POR MECANIZADO, INGENIERIA O SIMILAR, EXPERTO EN PROGRAMACIÓN CNC (CAD/CAM) CON EXPERIENCIA EN PROGRAMACION DE TORNOS, LENGUAJE FANUC, MUY VALORABLE EUSKERA.SALARIO ANUAL BRUTO 36.000¿, INCORPORACIÓN INMEDIATA.",22/03/2024,162023013081,LABORAL INDEFINIDO,,"PROGRAMADORES DE MÁQUINAS CON CONTROL NUMÉRICO, EN GENERAL",,,,,"Conocimientos FORMACIÓN REGLADA - CERTIFICADOS DE PROFESIONALIDAD Se debe estar en posesión de alguno de los siguientes títulos o certificados: Técnico Superior, enseñanzas de grado superior de FP",,,1,15
1,2024-04-14 10:34:56,REPARTIDORES A DOMICILIO CON DISCAPACIDAD,Bilbao,Bizkaia,"Imprescindible poseer el certificado de discapacidad emitido por el centro de valoración y carnet de conducir B ó AM. Se requiere persona responsable y orientado al cliente. Se ofrecen 10 puestos de trabajo, a 30 h/s, de lunes a domingo. Contrato temporal + indefinido. Salario mensual bruto aproximado: 1300 ¿. Incorporación inmediata.",22/03/2024,162023011939,LABORAL TEMPORAL,Discapacitados/as,"CONDUCTORES-REPARTIDORES EN MOTOCICLETA, CICLOMOTOR Y/O MOTOCARRO, EXCEPTO MENSAJERÍA",Nº de puestos: 7,,,"AM-CICLOMOTORES DE DOS Y TRES RUEDAS Y CUATRICICLOS LIGEROS B-AUTOMOVIL <= 3.500 KG, ASIENTOS <=9, CON REMOLQUE <= 750 KG, Y TRICICLOS Y CUATRICICLOS DE MOTOR",,,,7,38
1,2024-04-14 10:34:56,MANTENIMIENTO Y REPARACIÓN DE VEHÍCULOS AUTOMÓVILES,Amorebieta-Etxano,Bizkaia,Funciones: Mantenimiento y reparación de vehículos automóviles  Requisitos Imprescindibles: Grado Medio en Electromecánica de Vehículos Automóviles o Grado Superior de Automoción  Tipo de contrato: Indefinido,21/03/2024,162024003440,LABORAL INDEFINIDO,,"MECÁNICOS-AJUSTADORES DEL AUTOMÓVIL, EN GENERAL (TURISMOS Y FURGONETAS)",,,,,Conocimientos FORMACIÓN REGLADA - CERTIFICADOS DE PROFESIONALIDAD Se debe estar en posesión de alguno de los siguientes títulos o certificados: TÉCNICO en Electromecánica de Vehículos Automóviles TÉCNICO SUPERIOR automoción,,,1,6
1,2024-04-14 10:34:56,MANTENIMIENTO Y REPARACIÓN DE VEHÍCULOS INDUSTRIALES,Amorebieta-Etxano,Bizkaia,Funciones: Mantenimiento y reparación de vehículos industriales  Requisitos imprescindibles: Grado Medio en Electromecánica de Vehículos Automóviles o Grado Superior de Automoción  Tipo de contrato: Indefinido,21/03/2024,162024003439,LABORAL INDEFINIDO,,"MECÁNICOS-AJUSTADORES DE MOTORES EN MAQUINARIA PESADA, AGRÍCOLA Y/O INDUSTRIAL AUTOPROPULSADA",,,,,Conocimientos FORMACIÓN REGLADA - CERTIFICADOS DE PROFESIONALIDAD Se debe estar en posesión de alguno de los siguientes títulos o certificados: TÉCNICO en Electromecánica de Vehículos Automóviles TÉCNICO SUPERIOR automoción,,,1,3
1,2024-04-14 10:34:56,AUXILIAR DE FARMACIA,Vitoria-Gasteiz,Araba/Álava,Funciones de Auxiliar de farmacia. Requisito imprescindible: Titulo de Auxiliar de Farmacia. Contrato indefinido a media jornada,21/03/2024,162024003435,LABORAL INDEFINIDO,,AUXILIARES DE FARMACIA,,,,,Conocimientos FORMACIÓN REGLADA - CERTIFICADOS DE PROFESIONALIDAD Se debe estar en posesión de alguno de los siguientes títulos o certificados: TÉCNICO en Farmacia y Parafarmacia,,,1,7
1,2024-04-14 10:34:56,INVESTIGADOR/A EN INDUSTRIALIZACIÓN DE LOS SECTORES PRODUCTIVOS,Donostia/San Sebastián,Gipuzkoa,"Investigación en los proyectos activos en la empresa ETRA: búsqueda y gestión de la información redacción de informes, memorias y búsqueda de soluciones innovadoras coordinación de equipos y gestiones económicas y de rrhh defensa de resultados, redacción de publicaciones indexadas y de cualquier tipo de visualización de los resultados de la investigación. OFRECEN: contrato indefinido de 08 a 13 horas y de 14 a 17 horas. Salario bruto mensual de 2.500 euros. IMPRESCINDIBLE: doctorado en ingeniería o grados con master en carreras técnicas interesadas en doctorarse en la empresa.",21/03/2024,162024003432,LABORAL INDEFINIDO,,INGENIEROS EN QUÍMICA,,,,,,,,2,7
1,2024-04-14 10:34:56,FORMADOR/A CONTROL DE PLAGAS,Vitoria-Gasteiz,Araba/Álava,"persona con estudios superiores obligatorio, así como experiencia docente demostrable mínima de 1 año (600h) y experiencia profesional de al menos 1 año. Para la impartición del certificado de profesionalidad servicios par el control de plagas SEAG0110. Muy valorable estar acreditado por lanbide",21/03/2024,162024003426,LABORAL TEMPORAL,,TÉCNICOS EN PREVENCIÓN Y CONTROL DE PLAGAS,,,,,Experiencia mínima: 1 año,1 año,,1,7
1,2024-04-14 10:34:56,PERSONAL ADMINISTRATIVO CON DISCAPACIDAD,Balmaseda,Bizkaia,"Atención telefónica, gestión de albaranes, facturas, pedidos, etc. Manejo de office.  Requisitos imprescindibles: poseer el certificado de discapacidad y residir cerca del centro de trabajo de Balmaseda.  Requisitos a valorar: experiencia en las funciones anteriormente indicadas.  Contrato a jornada parcial (6 horas) Fecha prevista de incorporación: 06 de Abril.",21/03/2024,162024003425,LABORAL TEMPORAL,Discapacitados/as,"EMPLEADOS ADMINISTRATIVOS, EN GENERAL",Nº de puestos: 1,,,,Experiencia mínima: 1 año,1 año,,1,9
1,2024-04-14 10:34:56,ALMACENERO/A - REPARTIDOR/A,Urnieta,Gipuzkoa,"Se necesita almacenero/a para preparar cargas y cargar camiones de reparto de bebidas dirigidas a la hostelería. Puntualmente tareas de reparto. REQUISITOS IMPRESCINDIBLES: Carnet de carretillas elevadoras, carnet de conducir y experiencia de al menos 3 meses como almacenero/a o repartidor/a. SE OFRECE: Contrato temporal de 6 meses. 6 horas al día. Horario entre 15:00 y 22:00. Fecha prevista de incorporación: 2 de mayo de 2024. Salario neto mensual: 1.000 euros",21/03/2024,162024003412,LABORAL TEMPORAL,,"MOZOS DE CARGA Y DESCARGA, ALMACÉN Y/O MERCADO DE ABASTOS",,,,"B-AUTOMOVIL <= 3.500 KG, ASIENTOS <=9, CON REMOLQUE <= 750 KG, Y TRICICLOS Y CUATRICICLOS DE MOTOR",Experiencia mínima: 3 meses,3 meses,,1,11
1,2024-04-14 10:34:56,ENFERMERO/A,Azkoitia,Gipuzkoa,"Para tareas propias del puesto: -Atención sanitaria asistencial como preventiva. -Valoración sanitaria.Despliegue cuidados al equipo auxiliar.Trabajo en equipo. Evolutivo, seguimiento. -Controles sanitarios. -Analiticas, sintron, control INR. Gestón derivaciones a consultas externas y hospitalización. -Curas e inyectables Imprescindible: titulación A valorar: euskera y experiencia Contrato: temporal a jornada completa con intención de que sea indefinido horario: Mañanas o tardes y 1 fin de semana al mes. Incorporación prevista: mayo Sueldo: convenio",21/03/2024,162024003411,LABORAL TEMPORAL,,ENFERMEROS DE CUIDADOS GENERALES,,,,,,,,1,3
1,2024-04-14 10:34:56,DISEÑADOR INDUSTRIAL PARA EMPRESA DE ITZIAR,Deba,Gipuzkoa,"DISEÑADOR INDUSTRIAL LA VACANTE SE BASARA EN CUMPLIENDO CON LA PLANIFICACIÓN DE PROCESO DE PRODUCCIÓN DE CALDERERÍA Y CORTE LASER, ANALIZARÁS EL DISEÑO DE LAS PIEZAS PARA SACAR EL MAYOR RENDIMIENTO A LAS LÁMINAS DE CHAPA. REQUISITOS IMPRESCINDIBLES CICLO FORMATIVO DE GRADO SUPERIOR EN EL AREA DE FABRICACIÓN MECÁNICA, VALORABLE EXPERIENCIA EN PROCESOS DE NESTING, APORTAR UN NIVEL MEEDIO/ALTO DE EXCEL, PERSONA PROACTIVA Y CON HABILIDADES DE GESTIÓN Y TRABAJO EN EQUIPO. SE OFRECE CONTRATO INDEFINIDO A JORNADA COMPLETA, INCORPROACIÓN INMEDIATA.",21/03/2024,162024003410,LABORAL INDEFINIDO,,DISEÑADORES TÉCNICOS INDUSTRIALES,,,,,"Conocimientos FORMACIÓN REGLADA - CERTIFICADOS DE PROFESIONALIDAD Se debe estar en posesión de alguno de los siguientes títulos o certificados: Técnico Superior, enseñanzas de grado superior de FP",,,1,16
1,2024-04-14 10:34:56,TECNICO INFORMATICO,Beasain,Gipuzkoa,"TECNICO INFORMATICO CONOCIMIENTOS DE REDES, REPARACION DE HARDWARE. REQUISITOS IMPRESCINDIBLES GRADO EN INFORMATICA O CICLO FORMATIVO DE GRADO SUPERIOR ÁREA INFORMATICA, BUENA PRESENCIA, PERSONA EDUCADA Y DISCRETA, CON GANAS DE APRENDER, VIVIR EN LA COMARCA O ALREDEDORES. SE OFRECE CONTRATO DE PRÁCTICAS DE 1 AÑO, SALARIO BRUTO MENSUAL 1.546,75¿, INCORPORACIÓN INMEDIATA.",21/03/2024,162024003409,LABORAL TEMPORAL,,INGENIEROS INFORMÁTICOS,,,,,"Conocimientos FORMACIÓN REGLADA - CERTIFICADOS DE PROFESIONALIDAD Se debe estar en posesión de alguno de los siguientes títulos o certificados: ENSEÑANZAS UNIVERSITARIAS DE GRADO Técnico Superior, enseñanzas de grado superior de FP",,,1,14
1,2024-04-14 10:34:56,TÉCNICO/A ILUMINACIÓN,Hernani,Gipuzkoa,"TAREAS A DESARROLLAR: -Preparación, cableado, explotación y mantenimiento de sistemas de iluminación y efectos electrónicos. -Producción de espectáculos.  REQUISITOS OBLIGATORIOS: saber euskera estudios de audiovisual o experiencia en puesto similar. SE VALORARÁ: Ser de Hernani o alrededores, tener conocimientos del sistema de alumbrado. SE OFRECE: contrato indefinido, incorporación inmediata y salario a convenir. Tipo de jornada y horario según el espectáculo.",21/03/2024,162024003408,LABORAL INDEFINIDO,,"TÉCNICOS EN ILUMINACIÓN DE TEATRO, CINE Y TELEVISIÓN",,,,,"Conocimientos FORMACIÓN REGLADA - CERTIFICADOS DE PROFESIONALIDAD Se debe estar en posesión de alguno de los siguientes títulos o certificados: TÉCNICO SUPERIOR en Iluminación, Captación y Tratamiento de Imagen",,,1,10
1,2024-04-14 10:34:56,GRADUADO EN ADMINISTRACION Y DIRECCION DE EMPRESAS JUNIOR,Ordizia,Gipuzkoa,"GRADUADO EN ADMINISTRACION Y DIRECCION DE EMPRESAS JUNIOR GESTION DE LA RECEPCION DE LOS COBROS MEDIANTE LA INTEGRACION DE LA DOCUMENTACION DE DIFERENTES AREAS DE LA COMPAÑIA. RECLAMACION DE DOCUMENTOS CON CLIENTE EXTERNO E INTERNO. RECOPILAR Y MONITORIZAR LA INFORMACION DE PEDIDOS. REQUISITOS IMPRESCINDIBLES FORMACIÓN EN ADE, ECONÓMICAS O SIMILARES, INGLES B2, DOMINIO DE EXCEL, VIVIR EN LA COMARCA O ALREDEDORES. SE OFRECE CONTRATO DE PRACTICAS DE 1 AÑO A JORNADA COMPLETA. SALARIO ANUAL BRUTO 23.000¿, INCORPORACIÓN INMEDIATA",21/03/2024,162024003407,LABORAL TEMPORAL,,"TÉCNICOS SUPERIORES EN ORGANIZACIÓN Y ADMINISTRACIÓN DE EMPRESAS, EN GENERAL",,,,,Conocimientos FORMACIÓN REGLADA - CERTIFICADOS DE PROFESIONALIDAD Se debe estar en posesión de alguno de los siguientes títulos o certificados: ENSEÑANZAS UNIVERSITARIAS DE GRADO,,,1,6
1,2024-04-14 10:34:56,CONDUCTOR/A CAMION GRUA CON GANCHO,Vitoria-Gasteiz,Araba/Álava,"Conductor/a de camión para provincia de Álava.  Funciones:  Conducción de camión gura gancho Multilift, portacontenedores, caja tres ejes para el transporte de residuos.  Limpieza cuidado y revisión del camión.  cumplir con la diligencia y responsabilidad las tareas demandadas cada día. IMPRESCINDIBLE:  Experiencia 3 años.  Carnet C+E.  CAP vigente.  Se valorara carnet ADR y experiencia en empresas del sector construcción o transporte de residuos.",21/03/2024,162024003403,LABORAL INDEFINIDO,,"CONDUCTORES DE CAMIÓN, EN GENERAL",,,,"C+E-AUTOMÓVIL CLASE C, CON REMOLQUE > 750 KG",Conocimientos OTROS CONOCIMIENTOS Carnet: TARJETA CUALIFICACIÓN DEL CONDUCTOR (CAP MERCANCÍAS),,,1,7
1,2024-04-14 10:34:56,GIZARTE LANGILEA,Donostia/San Sebastián,Gipuzkoa,"DYA Fundazioak Donostiako Udalerako ematen duen GLUZ SMUS (Gizarte Larrialdietarako Udal zerbitzua Servicio Municipal de Urgencias Sociales) zerbitzuan kasuen arreta egitea. Ezinbestekoa: gizarte langintzako diplomatura edo gradua EGA edo baliokidea eta B gida baimena. Baloratzekoa: gizarte arloan esperientzia eta Donostiatik gertu bizitzea. Eskaintzen da: Aldi baterako lan kontratua, ordezkapenetarako, Gipuzkoako gizarte esku-hartze konbenioaren araberako soldata eta ordezkatzen den postuaren araberako ordutegia.",21/03/2024,162024003401,LABORAL TEMPORAL,,TRABAJADORES SOCIALES,,,,"B-AUTOMOVIL <= 3.500 KG, ASIENTOS <=9, CON REMOLQUE <= 750 KG, Y TRICICLOS Y CUATRICICLOS DE MOTOR",Idiomas requeridos EUSKERA Lectura C1 - DOMINIO EFICAZ Escritura C1 - DOMINIO EFICAZ Hablado C1 - DOMINIO EFICAZ,,,1,37
1,2024-04-14 10:34:56,MANAGER MUSICAL,Durango,Bizkaia,"Se precisa MANAGER MUSICAL en Durango (Bizkaia). FUNCIONES: Gestión de promoción, marketing y management de artistas musicales. REQUISITOS: Se valorará formación en Gestión de la Industria Musical. Conocimientos de la industria de la música y experiencia en funciones similares. Competencias transversales: habilidades de comunicación, negociación y organización.",21/03/2024,162024003394,LABORAL TEMPORAL,,"REPRESENTANTES ARTÍSTICOS, DEPORTIVOS Y/O DE ESPECTÁCULOS",,,,,,,,1,16
1,2024-04-14 10:34:56,"DOCENTE CONTABILIDAD, NOMINAS Y FACTURACION",Erandio,Bizkaia,"Empresa formadora precisa FORMADOR/A para la impartición de contabilidad general, facturación y nóminas. SE REQUIERE: Experiencia de 3 meses en puesto similar, Licenciado, Diplomado, Ingeniero Técnico o título de grado correspondiente o Técnico Superior de Administración y Gestión, Acreditación de competencia docente (CP de Formador Ocupacional o equivalente en metodología didáctica de FP para adultos, o experiencia docente de 600 hs. en los últs. 7 años) SE VALORARA: Conocimientos de Contafoke y Nóminafoke. SE OFRECE: Contrato de sustitución, jornada mañanas, incorporación Abril 2024, salario s/convenio.",21/03/2024,162024003379,LABORAL TEMPORAL,,FORMADORES DE FORMACIÓN NO REGLADA,,,,,Experiencia mínima: 6 meses,6 meses,,1,7
1,2024-04-14 10:34:56,GUÍA DE ECOTURISMO,Mutriku,Gipuzkoa,"Atención al público en el Museo de Mutriku y realización de actividades guiadas ecoturísticas en el Geoparque de la Costa Vasca ( sobre todo Mutriku). REQUISITOS IMPRESCINDIBLES: Grado o similar en Ciencias de la Tierra: Geología, Ciencias Ambientales, Geografía, Biología, Ciencias del Mar, etc. Nivel superior de euskera y castellano. REQUISITOS A VALORAR: Inglés y/o francés, Curso de ecoturismo. Se ofrece contrato temporal, de marzo a noviembre Salario según convenio. Incorporación inmediata",21/03/2024,162024003293,LABORAL TEMPORAL,,GUÍAS DE TURISMO,,,,,Conocimientos FORMACIÓN REGLADA - CERTIFICADOS DE PROFESIONALIDAD Se debe estar en posesión de alguno de los siguientes títulos o certificados: LICENCIATURA en geografía LICENCIATURA en Ciencias Ambientales LICENCIATURA en ciencias del mar LICENCIATURA en geología INGENIERO geólogo GRADO en Geografía GRADO en Ciencias Ambientales GRADO en Ciencias del Mar ENSEÑANZAS UNIVERSITARIAS DE GRADO - Geología y meteorología GRADO en Biología Humana,,,1,5
1,2024-04-14 10:34:56,TELEOPERADOR/A,Donostia/San Sebastián,Gipuzkoa,Labores administrativas. Realización de atención telefónica mediante encuestas telefónicas.  IMPRESCINDIBLE Grado de discapacidad del 33% o superior. Euskera nivel superior. Titulación mínima de Ciclo formativo de Grado Medio de Formación Profesional o estudios superiores.  CONTRATO Indefinido.  JORNADA Completa.  SALARIO 1.323 Euros mensuales  INCORPORACIÓN Inmediata.,21/03/2024,162024002452,LABORAL INDEFINIDO,Discapacitados/as,TELEOPERADORES,,,,,"Conocimientos FORMACIÓN REGLADA - CERTIFICADOS DE PROFESIONALIDAD Se debe estar en posesión de alguno de los siguientes títulos o certificados: Técnico, enseñanzas de grado medio de FP Enseñanzas de grado medio de música y danza Técnico Superior, enseñanzas de grado superior de FP Licenciaturas oficiales Diplomaturas oficiales Postgrados oficales ENSEÑANZAS UNIVERSITARIAS DE GRADO ENSEÑANZAS UNIVERSITARIAS DE MÁSTER Doctorado universitario",,,2,6
1,2024-04-14 10:34:56,PERSONAL DE MANTENIMIENTO,Iurreta,Bizkaia,Se precisa personal de MANTENIMIENTO para desarrollar labores de mantenimiento de maquinaria eléctrica. SE OFRECE: Sustitución por baja. Incorporación inmediata.,21/03/2024,162024002135,LABORAL TEMPORAL,,TÉCNICOS DE MANTENIMIENTO DE EQUIPOS ELÉCTRICOS,,,,,,,,1,16
1,2024-04-14 10:34:56,TECNICO EN PREVENCION DE RIESGOS LABORALES PARA DONOSTIA,Donostia/San Sebastián,Gipuzkoa,"TÉCNICO DE PRL EN OBRA, SUPERVISIÓN DE TRABAJOS Y COORDINACIÓN DE ACTIVIDADES. REQUISITOS IMPRESCINDIBLESTÉCNICO SUPERIOR EN PREVENCIÓN DE RIESGOS LABORALES, O CICLO FORMATIVO DE GRADO MEDIO EN PREVENCIÓN DE RIESGOS LABORALES, SE VALORARA EXPERIENCIA LABORAL EN OBRA, SE OFRECE CONTRATO TEMPORAL A JORNADA COMPLETA EN EMPRESA ESTABLE CON OPCIONES DE CONTINUAR, INCORPORACIÓN INMEDIATA.",21/03/2024,162024001786,LABORAL TEMPORAL,,"TÉCNICOS EN SEGURIDAD Y SALUD EN EL TRABAJO, EN GENERAL",,,DESEMPLEADO-A,,"EXPERIENCIA Ocupación: TÉCNICOS EN SEGURIDAD Y SALUD EN EL TRABAJO, EN GENERAL (3 Meses )",,,1,8
1,2024-04-14 10:34:56,INSTALADOR-A ELECTRICISTA INDUSTRIAL/CUADRISTA,Zamudio,Bizkaia,oElectricista industrial de Baja y Media tensión oConocimientos de interpretación de planos eléctricos oTrabajos en cuadros eléctricos oDetección de averías en cuadros oMontaje de circuitos variados y servos. Experiencia en puesto similar de al menos 12 meses y CFGS rama eléctrica,21/03/2024,162024001249,LABORAL TEMPORAL,,ELECTRICISTAS DE FABRICACIÓN INDUSTRIAL,,,,,Experiencia mínima: 1 año,1 año,,1,6
1,2024-04-14 10:34:56,PROFESOR DEL ÁREA DE FABRICACIÓN MECÁNICA,Vitoria-Gasteiz,Araba/Álava,"persona con estudios superiores (licenciatura en fabricación mecánica, ingeniería mecánica etc), para la impartición de diferentes curso de la rama de fabricación mecánica. imprescindible experiencia docente demostrable mínima de 12 meses",20/03/2024,162024003393,LABORAL TEMPORAL,,INGENIEROS EN MECÁNICA INDUSTRIAL,,,,,Experiencia mínima: 1 año,1 año,,2,10
1,2024-04-14 10:34:56,RESPONSABLE DE SAP,Madrid,Madrid,"Persona con estudios superiores, para la realización de funciones propias de responsable de SAP, gestión e impartición de formación interna y externa. Imprescindible acreditación oficial en SAP, valorable experiencia docente",20/03/2024,162024003392,LABORAL TEMPORAL,,ANALISTAS DE GESTIÓN Y ORGANIZACIÓN,,,,,"Conocimientos FORMACIÓN REGLADA - CERTIFICADOS DE PROFESIONALIDAD Se debe estar en posesión de alguno de los siguientes títulos o certificados: Técnico Superior, enseñanzas de grado superior de FP OTROS CONOCIMIENTOS SAP",,,4,0
1,2024-04-14 10:34:56,ENFERMERA / ENFERMERO,Baztan,Navarra,Tareas de enfermería en una residencia en la zona del Baztan.,20/03/2024,162024003390,LABORAL INDEFINIDO,,ENFERMEROS DE CUIDADOS GENERALES,Nº de puestos: 1,,,,Conocimientos FORMACIÓN REGLADA - CERTIFICADOS DE PROFESIONALIDAD Se debe estar en posesión de alguno de los siguientes títulos o certificados: Enfermería,,,1,1
1,2024-04-14 10:34:56,OPERARIO-A DE INYECCIÓN EPOXY,Amorebieta-Etxano,Bizkaia,"Para fabricación de piezas aislantes en prensas de inyección en empresa multinacional ubicada en Amorebieta. Se ofrece contrato laboral a tres turnos rotatorios con salario 21.561,00 + pluses en 14 pagas. REQUISITOS IMPRESCINDIBLES Certificado de profesionalidad de Op. de transformación de polímeros termoestables y sus compuestos (QUIT0109) o Grado Medio en Mecanizado o Grado Superior en Programación de la producción en fabricación mecánica Conocimientos / Experiencia: Procesos de inyección preferentemente de plásticos. Pautas de fabricación e inspección visual. Competencias / Habilidades: Trabajo en equipo, meticulosidad, ganas de aprender y de hacer bien las cosas Movilidad: disponibilidad de carnet de conducir y vehículo propio. SE VALORARA Titulación obtenida en los últimos 3 años.",20/03/2024,162024003383,LABORAL TEMPORAL,,"OPERADORES DE MÁQUINA MOLDEADORA DE PLÁSTICO, POR INYECCIÓN",,,,"B-AUTOMOVIL <= 3.500 KG, ASIENTOS <=9, CON REMOLQUE <= 750 KG, Y TRICICLOS Y CUATRICICLOS DE MOTOR","Conocimientos FORMACIÓN REGLADA - CERTIFICADOS DE PROFESIONALIDAD Se debe estar en posesión de alguno de los siguientes títulos o certificados: Certificado profesionalidad QUIT0109 - OPERACIONES DE TRANSFORMACIÓN DE POLÍMEROS TERMOESTABLES Y SUS COMPUESTOS Técnico Superior, enseñanzas de grado superior de FP - Fabricación Mecánica (Construcciones Metálicas y Desarrollo y Fabricación de Productos) Técnico, enseñanzas de grado medio de FP - Fabricación Mecánica (Construcciones Metálicas y Desarrollo y Fabricación de Productos)",,,1,1
1,2024-04-14 10:34:56,GUIA DE MUSEO,Pasaia,Gipuzkoa,"Se necesita guía de museo para realizar las tareas propias del puesto:  Realizar visitas guiadas y talleres.  Realizar trabajos generales de atención al visitante.  Atención del puesto de tienda. Requisitos:  Euskera nivel superior.  Francés nivel superior.  Castellano nivel superior.  Se valorará estar cursando o ser graduado en Historia, Historia del arte, Turismo o Magisterio y nivel alto de inglés. Se ofrece:  Contrato temporal de 6 meses, a jornada parcial y fines de semana alternos.  Sueldo aproximado: 1600 Euros brutos al mes",20/03/2024,162024003381,LABORAL TEMPORAL,,GUÍAS DE TURISMO,,,,,Idiomas requeridos FRANCES Lectura SUPERIOR Escritura SUPERIOR Hablado SUPERIOR EUSKERA Lectura SUPERIOR Escritura SUPERIOR Hablado SUPERIOR,,,1,3
1,2024-04-14 10:34:56,AUXILIAR DE RECEPCION ALBERGUE,Lekeitio,Bizkaia,"ATENCION A LA RECEPCION DEL ALBERGUE TRINKETE DE LEKEITIO (ATENCION AL PUBLICO, INFORMACION Y GESTION DE RESERVAS) IMPRESCINDIBLE: SER SUSCEPTIBLE DE TENER UN CONTRATO DE INSERCION LABORAL, TENER CONOCIMIENTOS INFORMATICOS, EUSKERA E INGLES. SE VALORARA: FORMACION EN EL AMBITO Y EXPERIENCIA EN PUESTO SIMILAR. JORNADA 51% (PRINCIPALMENTE FIN DE SEMANA MAÑANA Y TARDE)",20/03/2024,162024003376,LABORAL TEMPORAL,,RECEPCIONISTAS DE HOTEL,,,,,Idiomas requeridos INGLES Lectura MEDIO Escritura MEDIO Hablado MEDIO EUSKERA Lectura MEDIO Escritura MEDIO Hablado MEDIO,,,1,8
1,2024-04-14 10:34:56,TÉCNICO/A SUPERIOR DE RIESGOS LABORALES,Basauri,Bizkaia,"Empresa del sector de la construcción, ubicada en Basauri, necesita un técnico/a de riesgos laborales.  El puesto requiere de elaboración de planes de seguridad, certificados de calidad y gestión de residuos.  Requisitos imprescindibles: coche propio, carnet de conducir B y 12 meses de experiencia en puestos similares.  Se ofrece contrato indefinido a media jornada o jornada completa a convenir con la persona interesada y salario según convenio. Incorporación en abril.",20/03/2024,162024003375,LABORAL INDEFINIDO,,"TÉCNICOS EN SEGURIDAD Y SALUD EN EL TRABAJO, EN GENERAL",,,,"B-AUTOMOVIL <= 3.500 KG, ASIENTOS <=9, CON REMOLQUE <= 750 KG, Y TRICICLOS Y CUATRICICLOS DE MOTOR",Experiencia mínima: 1 año,1 año,,1,12
1,2024-04-14 10:34:56,AGENTE COMERCIAL,Balmaseda,Bizkaia,"Desde Biogoien, empresa dedicada a la distribución de productos de alta cosmética capilar desde 2008, estamos seleccionando candidatos con habilidades comerciales y de gestión para ampliar nuestro equipo de ventas. -Desarrollo comercial: Visita, asesoramiento y evaluación de clientes. Desarrollo, captación y fidelización. -Ejecución de la estrategia comercial de la compañía. -Tratamientos y gestión de pedidos.  REQUISITOS IMPRESCINDIBLES: -Carnet de conducir y vehículo propio. -Titulación acorde al puesto ofertado O Bachiller. -3 meses de experiencia en puestos similares (agente comercial o peluquería).  REQUISITOS A VALORAR: -Responsabilidad empresarial, iniciativa, dinamismo y proactividad.  Tipo de contrato: Indefinido Tipo de jornada: completa (40 horas) Salario mensual:1.800¿ + comisiones",20/03/2024,162024003374,LABORAL INDEFINIDO,,AGENTES COMERCIALES,Nº de puestos: 2,,,"B-AUTOMOVIL <= 3.500 KG, ASIENTOS <=9, CON REMOLQUE <= 750 KG, Y TRICICLOS Y CUATRICICLOS DE MOTOR",Conocimientos FORMACIÓN REGLADA - CERTIFICADOS DE PROFESIONALIDAD Se debe estar en posesión de alguno de los siguientes títulos o certificados: Bachillerato,,,2,12
1,2024-04-14 10:34:56,COMERCIAL,Eibar,Gipuzkoa,"Funciones: Prospección de mercado, captación de clientes, elaboración de planes comerciales para lograr los objetivos planteados y prestación de atención personalizada a los clientes interesados. Requisitos imprescindibles: Experiencia de 36 meses como comercial, vehículo propio, alto perfil comercial, gestión en empresas y comercios, alta capacidad de comunicación telefónica. Se valorará la experiencia en comercialización de cursos de formación, sistemas de purificación de aguas, intermediación sistemas financieros, telefonía móvil, seguros, servicios de consultoría. Sueldo bruto 1750¿",20/03/2024,162024003373,LABORAL TEMPORAL,,AGENTES COMERCIALES,,,,,Experiencia mínima: 3 años,3 años,,1,8
1,2024-04-14 10:34:56,MONITOR/A JARDINERÍA CENTRO ESPECIAL DE EMPLEO,Santurtzi,Bizkaia,"Monitor/a de Jardinería en Taller de Centro Especial de Empleo, personal de atención directa, responsable de supervisar, formar y apoyar a brigada de operarios/as discapacitados/as de Centro Especial de Empleo en tareas de jardinería y en las zonas asignadas. IMPRESCINDIBLE: Ciclo formativo de grado superior de Paisajismo y Medio rural y/o Gestión Forestal y del Medio natural ó equivalente ó Certificado de profesionalidad de nivel 3 de familia profesional agraria de jardinería. Experiencia mínima de 2 años en jardinería. Carnet de conducir tipo B VALORABLE: Experiencia como monitor/a de jardinería en Taller de Empleo Protegido, formación técnica en jardinería, productos fitosanitarios, plataformas elevadoras ,etc. Carnet de conducir camiones tipo C1. Conocimientos de euskera",20/03/2024,162024003371,LABORAL INDEFINIDO,,TÉCNICOS EN FLORES Y/O JARDINERÍA,Nº de puestos: 1,,,"B-AUTOMOVIL <= 3.500 KG, ASIENTOS <=9, CON REMOLQUE <= 750 KG, Y TRICICLOS Y CUATRICICLOS DE MOTOR","Conocimientos FORMACIÓN REGLADA - CERTIFICADOS DE PROFESIONALIDAD Se debe estar en posesión de alguno de los siguientes títulos o certificados: Certificado profesionalidad AGAJ0109 - GESTIÓN Y MANTENIMIENTO DE ÁRBOLES Y PALMERAS ORNAMENTALES Certificado profesionalidad AGAJ0208 - ARTE FLORAL Y GESTIÓN DE LAS ACTIVIDADES DE FLORISTERÍA Certificado profesionalidad AGAJ0308 - GESTIÓN DE LA INSTALACIÓN Y MANTENIMIENTO DE CÉSPEDES EN CAMPOS DEPORTIVOS Certificado profesionalidad AGAO0308 - JARDINERÍA Y RESTAURACIÓN DEL PAISAJE Técnico Superior, enseñanzas de grado superior de FP - Entornos naturales y vida salvaje",,,1,12
1,2024-04-14 10:34:56,COMERCIAL,Vitoria-Gasteiz,Araba/Álava,"Funciones: Prospección de mercado, captación de clientes, elaboración de planes comerciales para lograr los objetivos planteados y prestación de atención personalizada a los clientes interesados. Requisitos imprescindibles: Experiencia de 36 meses como comercial, vehículo propio, alto perfil comercial, gestión en empresas y comercios, alta capacidad de comunicación telefónica. Se valorará la experiencia en comercialización de cursos de formación, sistemas de purificación de aguas, intermediación sistemas financieros, telefonía móvil, seguros, servicios de consultoría. Sueldo bruto 1750¿.",20/03/2024,162024003366,LABORAL TEMPORAL,,AGENTES COMERCIALES,,,,,Experiencia mínima: 3 años,3 años,,2,4
1,2024-04-14 10:34:56,OFICIAL PELUQUERÍA,Lasarte-Oria,Gipuzkoa,"Se necesita oficial de peluquería para hacer cortes, secado, peinado, mechas, tintes,... REQUISITOS IMPRESCINDIBLES: Mínimo 5 años de experiencia, título de peluquería, habilidad en el área, conocimiento de pelos latinos. REQUISITOS A VALORAR: disponibilidad horaria y buen comportamiento hacia los clientes. SE OFRECE: Contrato temporal de 6 meses. Media jornada. Horario: Martes Jueves: 15:00 a 18:00 viernes: 15:00 a 19:00 sábado: 10:00 a 15:00. Incorporación inmediata. Salario aproximado: 644,56 euros",20/03/2024,162024003363,LABORAL TEMPORAL,,PELUQUEROS UNISEX,,,,,Experiencia mínima: 5 años,5 años,,1,3
1,2024-04-14 10:34:56,AUXILIAR DE GERIATRÍA,Eibar,Gipuzkoa,"Empresa de Leioa selecciona 3 Auxiliares de Geriatría para residencia de mayores en Eibar. REQUISITOS IMPRESCINDIBLES: Certificado de discapacidad igual o superior al 33% y tener alguna de las siguientes titulaciones: Certificado de profesionalidad de atención sociosanitaria a personas dependientes en instituciones sociales, Técnico/a en cuidados auxiliares de enfermería, Técnico/a en atención a personas en situación de dependencia o Habilitación excepcional. SE VALORARÁ: conocimientos de euskera. SE OFRECE: contrato temporal a media jornada (17,5 horas por semana) para cobertura de vacaciones, bajas, excedencias y similar, en horario de fines de semana y festivos, y a turnos de mañana y tarde. Posibilidad de continuidad. Salario 25.000 euros brutos anuales por jornada completa.",20/03/2024,162024003362,LABORAL TEMPORAL,Discapacitados/as,AUXILIARES DE ENFERMERÍA DE GERIATRÍA,,,,,Conocimientos FORMACIÓN REGLADA - CERTIFICADOS DE PROFESIONALIDAD Se debe estar en posesión de alguno de los siguientes títulos o certificados: Certificado profesionalidad SSCS0208 - ATENCIÓN SOCIOSANITARIA A PERSONAS DEPENDIENTES EN INSTITUCIONES SOCIALES TÉCNICO cuidados auxiliares de enfermería TÉCNICO en Atención a Personas en Situación de Dependencia OTROS CONOCIMIENTOS Carnet: HABILITACIÓN EXCEPCIONAL CUIDADORES PERSONAS DEPENDIENTES EN INSTITUCIONES,,,3,1
1,2024-04-14 10:34:56,TÉCNICO.A PUESTA EN MARCHA,Ermua,Bizkaia,"CONCEPTO DE TRABAJO Nuestra empresa tiene un fuerte carácter de trabajo en equipo, con personas interdependientes y total autonomía. Este nuevo puesto se ubicaría en el departamento técnico. UBICACIÓN La persona estará basada en nuestras oficinas de Ermua, Bizkaia y desarrollará su trabajo en el territorio que cubre nuestra filial, es decir, la Península Ibérica. PRINCIPALES FUNCIONES: Puesta en marcha y formación de sistemas de medición en máquinas CNC. Desarrollo de aplicaciones CNC llave en mano. Participación técnica en elaboración de proyectos Participación en ferias y eventos (Open houses, etc.) Participación en visitas técnico-comerciales junto al equipo de ventas. Se ofrece horario flexible. Imprescindible: Formación en electrónica, automatismos o programación. Conocimientos de programación CNC, preferible programación paramétrica, control numérico FANUC, HEIDENHAIN, SIEMENS. Habilidad para montajes electromecánicos. Vehículo de empresa. Comienzo junio 2024",20/03/2024,162024003361,LABORAL TEMPORAL,,"MONTADORES ELECTROMECÁNICOS, EN GENERAL",,,,,"NIVELES FORMATIVOS REQUERIDOS Desde Enseñanzas de grado superior de formación profesional específica y equivalentes, artes plásticas y diseño, y deportivas. Hasta Estudios oficiales de especialización profesional.",,,1,2
1,2024-04-14 10:34:56,AUXILIAR DE FARMACIA,Vitoria-Gasteiz,Araba/Álava,IMPRESCINDIBLE Formación en área sanitaria. Experiencia en ventas  VALORABLE Titulación como técnico/a de Farmacia. Experiencia en oficina de farmacia.  CONTRATO Indefinido.  JORNADA Completa. Horario partido.  SALARIO Según Convenio.  INCORPORACIÓN Inmediata.,20/03/2024,162024003359,LABORAL INDEFINIDO,,AUXILIARES DE FARMACIA,,,,,Experiencia mínima: 3 meses,3 meses,,1,12
1,2024-04-14 10:34:56,IGELTSEROA,Amezketa,Gipuzkoa,Igeltseroa behar da. EZINBESTEKO BALDINTZAK: gidabaimena eta ibilgailua. ORDUTEGIA: 08:00etatik 13:00etara eta 14:00etatik 17:00etara. SOLDATA: 1.700 euro.,20/03/2024,162024003357,LABORAL INDEFINIDO,,ALBAÑILES,,,,,,,,1,9
1,2024-04-14 10:34:56,DOCENTE - INVESTIGADOR/A EN SOSTENIBILIDAD AMBIENTAL,Arrasate/Mondragon,Gipuzkoa,"Requisitos:  Doctorado en economía circular y sostenibilidad: análisis del ciclo de vida, ecodiseño, ecología industrial, producción limpia, tecnologías ambientales, innovación para la economía circular y el desarrollo sostenible. De otro modo: máster en viabilidad, máster en ecología industrial, máster en ecodiseño, máster en tecnologías ambientales o ingeniería industrial, máster o ingeniería en diseño industrial, ingeniería ambiental, ingeniería en eco-tecnologías.  Certificado de discapacidad igual o superior al 33%.  Inglés C1, Español C1 y Euskera C1 Se valorará: experiencia en la empresa",20/03/2024,162024003356,LABORAL TEMPORAL,Discapacitados/as,INGENIEROS AMBIENTALES,,,,,Conocimientos FORMACIÓN REGLADA - CERTIFICADOS DE PROFESIONALIDAD Se debe estar en posesión de alguno de los siguientes títulos o certificados: ENSEÑANZAS UNIVERSITARIAS DE MÁSTER,,,1,0
1,2024-04-14 10:34:56,COCINERA/O,Donostia/San Sebastián,Gipuzkoa,"Se precisa cocinera/o para centro de trabajo ubicado en Donostia/San Sebastián, para trabajar dos días a la semana (jueves/viernes y sábado/domingo en semanas alternas) en horario de 7:30 a 14:30. Se encargará de preparar comidas y cenas para 25 30 pax, disponiendo de un menú preestablecido. REQUISITO IMPRESCINDIBLE: Carnet de manipulador de alimentos. REQUISITOS A VALORAR: Experiencia previa en cocina. Titulación B2 euskera. SE OFRECE: 670 euros brutos/mes. Incorporación inmediata. Contrato Laboral Temporal de un año.",20/03/2024,162024003355,LABORAL TEMPORAL,,"COCINEROS, EN GENERAL",,,,,,,,1,9
1,2024-04-14 10:34:56,AUXILIAR DE AYUDA A DOMICILIO EN RÉGIMEN INTERNO,Vitoria-Gasteiz,Araba/Álava,"Cuidado de persona joven con discapacidad física. Aseo e higiene diaria (tres días a la semana cuenta además con asistencia adicional externa de ayuda a domicilio). Ayuda para la transferencia de la cama a la silla o de la silla al aseo. Para ello cuenta con la ayuda de una grúa. Realización de sondajes. Administración de medicación. Tareas del hogar: Limpieza, compras y cocina mediterránea.  IMPRESCINDIBLE Titulación de auxiliar de enfermería o certificado de Profesionalidad de Atención Socio Sanitaria. Experiencia como asistente domiciliario. Conocimientos de cocina.  CONTRATO Temporal. 6 meses de duración prorrogables. (Período de prueba de 2 meses).  JORNADA En régimen interno.  SALARIO Según Convenio.  INCORPORACIÓN Mayo de 2024.",20/03/2024,162024003353,LABORAL TEMPORAL,,ASISTENTES DOMICILIARIOS,,,,,Experiencia mínima: 6 meses,6 meses,,1,9
1,2024-04-14 10:34:56,OPERARIO.A TALLER,Deba,Gipuzkoa,"Realizar las distintas operaciones en los procesos de mecanizado y montaje, tanto con arranque de viruta como en mecanizados especiales, controlando los productos y responsabilizándose del mantenimiento del primer nivel de las máquinas y equipos, obteniendo la producción en las condiciones de calidad, seguridad y plazo requeridos. Requisito imprescindible: Ciclo Superior de Mecanizado y 33% de discapacidad reconocida. Requisito a valorar: experiencia en el puesto. Se ofrece contrato de 6 meses con posibilidad de prórroga. Jornada completa a relevos. Salario: 1800 brutos/mes.",20/03/2024,162024003352,LABORAL TEMPORAL,Discapacitados/as,PEONES DE LA INDUSTRIA METALÚRGICA Y FABRICACIÓN DE PRODUCTOS METÁLICOS,Nº de puestos: 4,,,,"NIVELES FORMATIVOS REQUERIDOS Desde Enseñanzas de grado superior de formación profesional específica y equivalentes, artes plásticas y diseño, y deportivas. Hasta Estudios oficiales de especialización profesional.",,,4,4
1,2024-04-14 10:34:56,COCINERA/COCINERO,Güeñes,Bizkaia,"Se busca cocinero/a para cafetería hamburguesería en Güeñes, para trabajar 5 días a la semana en el siguiente horario:  lunes y martes: de 06:00 a 08:00  viernes: de 06:00 a 08:00 y de 19:00 a 23:30  sábados: de 08:00 a 10:00 y de 19:00 a 23:30  domingos: de 08:00 a 15:00  Se ofrece incorporación inmediata.  REQUISITOS IMPRESCINDIBLES: experiencia mínima de tres años. Si la persona no reside en Güeñes, será imprescindible tener vehículo propio.",20/03/2024,162024003350,LABORAL INDEFINIDO,,"COCINEROS, EN GENERAL",,,,,Experiencia mínima: 3 años,3 años,,1,4
1,2024-04-14 10:34:56,TECNICO/A DE AUTOMATIZACION Y ROBOTICA,Igorre,Bizkaia,Técnico/a en fabricación y montaje de equipos mecánicos y de automatización. Instalaciones. Elaboración e interpretación de esquemas eléctricos. Programación. Requisitos imprescindibles: grado de discapacidad igual o superior al 33%. Formación:  Eléctrica  Robótica  Alturas  Grúa Puente  Carretilla elevadora  curso de Convenio del Metal de 20 horas c15 Experiencia de al menos 2 años en instalación y reparación de líneas de equipos eléctricos Se ofrece contrato indefinido,20/03/2024,162024003349,LABORAL INDEFINIDO,Discapacitados/as,INSTALADORES-AJUSTADORES-REPARADORES DE AUTOMATISMOS,,,,,Experiencia mínima: 2 años,2 años,,2,2
1,2024-04-14 10:34:56,ELECTRICISTA,Bilbao,Bizkaia,electricista con experiencia,20/03/2024,162024003348,LABORAL INDEFINIDO,,INSTALADORES ELECTRICISTAS DE EDIFICIOS Y VIVIENDAS,,,,,Experiencia mínima: 3 años,3 años,,1,9
1,2024-04-14 10:34:56,PROFESOR/A DE VOZ,Errenteria,Gipuzkoa,"Se busca profesor de voz, en Errenteria. IMPRESCINDIBLE: titulación superior de música, euskera C1. SE OFRECE: Funcionario interino a jornada completa del 28 de abril al 30 de junio de 2024. HORARIO: (26 horas presenciales) lunes 13:50-21: 00, martes 13:55-20:00, miércoles 15:15-20:00, jueves 15:15-20:00. SALARIO: 2888,68 euros al mes. INCORPORACIÓN: 8 de abril de 2024.",20/03/2024,162024003343,LABORAL TEMPORAL,,PROFESORES DE CANTO,,,,,Conocimientos FORMACIÓN REGLADA - CERTIFICADOS DE PROFESIONALIDAD Se debe estar en posesión de alguno de los siguientes títulos o certificados: Música y artes del espectáculo,,,1,2
1,2024-04-14 10:34:56,FONTANERO,Bilbao,Bizkaia,"Instalar y mantener sistemas de suministro de agua. Solucionar y reparar problemas con las tuberías de suministro de agua (por ejemplo, fugas). Reparar o sustituir tuberías de desagüe rotas, desagües obstruidos, grifos, etc. Instalación de tuberías de calefacción y para agua caliente o fría. Instalación de grifería y sanitarios, ya sean del baño o de la cocina. colocacion de aparatos sanitarios",20/03/2024,162024003342,LABORAL INDEFINIDO,,FONTANEROS,,,,,Experiencia mínima: 3 años,3 años,,1,11
1,2024-04-14 10:34:56,FISIOTERAPEUTA,Beasain,Gipuzkoa,"TAREAS: Atención fisioterapéutica, clases de pilates y gimnasia abdominal hipopresiva. REQUISITOS IMPRESCINDIBLES: Grado o diplomatura de fisioterapia. Formación en pilates CONTRATO: Temporal, media jornada en horario de tarde. Fecha prevista de incorporación abril. Salario a convenir.",20/03/2024,162024003340,LABORAL TEMPORAL,,"FISIOTERAPEUTAS, EN GENERAL",,,,,Conocimientos FORMACIÓN REGLADA - CERTIFICADOS DE PROFESIONALIDAD Se debe estar en posesión de alguno de los siguientes títulos o certificados: DIPLOMATURA en fisioterapia GRADO en Fisioterapia,,,1,1
1,2024-04-14 10:34:56,COMERCIAL,Arrasate/Mondragon,Gipuzkoa,"Gestión de varios clientes de la cartera de clientes de Goiena. Visitas para conseguir nuevos clientes. Venta de suplementos. Elaboración de la guía Goiena 0km de septiembre a diciembre. Conseguir nuevos goienkales: negocios y asociaciones. Requisitos imprescindibles: Saber euskera y escribir bien. Tener permiso de conducir y coche. Carácter dinámico y capacidad de relación. Gusto por el trabajo de vendedor. Experiencia en ventas. Requisitos a valorar: Tener un grado o ciclo formativo de grado superior Saber trabajar en equipo. Duración del contrato: 6-12 meses, Horario: 9: 00-13:00 15:00-18: 00.Soldata: 1600 ¿brutos",20/03/2024,162024003335,LABORAL TEMPORAL,,AGENTES COMERCIALES,,,,"B-AUTOMOVIL <= 3.500 KG, ASIENTOS <=9, CON REMOLQUE <= 750 KG, Y TRICICLOS Y CUATRICICLOS DE MOTOR",Experiencia mínima: 1 año,1 año,,1,2
1,2024-04-14 10:34:56,ALMACENERO,Bergara,Gipuzkoa,"Ayudante de responsable de almacén, encargado de realización de albaránes de entrada y salida de producto, inventario de material, organización de producto de salida y almacenamiento de materiales.",20/03/2024,162024000349,LABORAL TEMPORAL,Discapacitados/as,"MOZOS DE CARGA Y DESCARGA, ALMACÉN Y/O MERCADO DE ABASTOS",,,,,,,,1,5
1,2024-04-14 10:34:56,ENFERMERO/ENFERMERA,Arrasate/Mondragon,Gipuzkoa,"Enfermero/Enfermera para realizar sustituciones (situaciones de incapacidad, vacaciones, licencias, etc.) y completar la jornada de una reducción. Se responsabilizará, siguiendo las instrucciones del coordinador de la unidad sanitaria, de la vigilancia de la salud de los residentes y de garantizar los servicios de los que dispone la residencia. Llevar a cabo cuidados y consultas enfermeras (curas, control de constantes vitales, defecaciones, supervisión de la salud de los residentes, etc.). Realizar cualesquiera otras tareas que sean necesarias y así se le requieran, de acuerdo con la clasificación de su puesto de trabajo. REQUISITO IMPRESCINDIBLE: Grado en Enfermería. SE VALORARÁ: Euskera PL3. Experiencia laboral y formación en la residencia de mayores. SE OFRECE: contrato de trabajo de 95% de jornada. Duración: de junio a diciembre. De lunes a domingo, de mañanas y de tardes. Se aplicarán las condiciones laborales de la Administración Pública.",20/03/2024,162023006634,LABORAL TEMPORAL,,ENFERMEROS DE CUIDADOS GENERALES,,,,,Conocimientos FORMACIÓN REGLADA - CERTIFICADOS DE PROFESIONALIDAD Se debe estar en posesión de alguno de los siguientes títulos o certificados: GRADO en Enfermería,,,1,5
1,2024-04-14 10:34:56,TÉCNICO/TÉCNICA DE ATENCIÓN A PERSONAS USUARIAS,Zamudio,Bizkaia,"Empresa ubicada en el Parque Tecnológico de Zamudio precisa incorporar personal técnico para atención telefónica a clientes, resolución de incidencias informáticas y escalado y tareas de gestión administrativa derivadas del puesto. IMPRESCINDIBLE: experiencia de al menos 3 meses atendiendo incidencias informáticas de nivel medio, conocimientos avanzados del paquete Office, carnet de conducir y vehículo propio. SE OFRECE: contrato temporal de 6 meses a 30 horas/semana, en horario de lunes a sábado turnos rotativos en franja de 6:00 a 23:00 y festivos no nacionales (con dos fines de semana libres al mes) y salario mensual bruto de 1.065 euros/mes. INCORPORACIÓN: 6 de mayo.",19/03/2024,162024003333,LABORAL TEMPORAL,,TELEOPERADORES,,,,"B-AUTOMOVIL <= 3.500 KG, ASIENTOS <=9, CON REMOLQUE <= 750 KG, Y TRICICLOS Y CUATRICICLOS DE MOTOR",Experiencia mínima: 3 meses,3 meses,,2,3
1,2024-04-14 10:34:56,PROFESOR DE NOMINAS Y SEGUROS SOCIALES,Arrasate/Mondragon,Gipuzkoa,"Se precisa profesor para impartir curso de nominas y seguros sociales: Imprescindible formación, experiencia docente t experiencia en el ámbito laboral. (mínimo 1 año)",19/03/2024,162024003327,LABORAL TEMPORAL,,PROFESORES TÉCNICOS DE FORMACIÓN PROFESIONAL (ADMINISTRACIÓN Y GESTIÓN),,,,,,,,2,11
1,2024-04-14 10:34:56,MEDICO/A,Oñati,Gipuzkoa,Se precisa médico o médica para centros de reconocimiento de conductores y armas en Debagoiena. Jornada de 12 horas semanales + bolsa de 40 horas anuales para posibles sustituciones. Se ofrece contrato indefinido. Salario anual bruto 29000 ¿ (incluidas dietas) a razón de las 12 horas semanales.,19/03/2024,162024003324,LABORAL INDEFINIDO,,"MÉDICOS, MEDICINA GENERAL",,,,"B-AUTOMOVIL <= 3.500 KG, ASIENTOS <=9, CON REMOLQUE <= 750 KG, Y TRICICLOS Y CUATRICICLOS DE MOTOR",Conocimientos FORMACIÓN REGLADA - CERTIFICADOS DE PROFESIONALIDAD Se debe estar en posesión de alguno de los siguientes títulos o certificados: LICENCIATURA en medicina GRADO en Medicina,,,1,3
1,2024-04-14 10:34:56,RECEPCIONISTA DE HOTEL,Mendexa,Bizkaia,Funciones propias de recepcionista de hotel: contacto con clientes de diversas nacionalidades.  Requisitos imprescindibles: inglés fluido y conocimientos básicos en manejo de programas informáticos de reservas.,19/03/2024,162024003323,LABORAL TEMPORAL,,RECEPCIONISTAS DE HOTEL,Nº de puestos: 1,,,,,,,1,27
1,2024-04-14 10:34:56,TECNICO/A DE VIVIENDA,Zumarraga,Gipuzkoa,"Oferta acogida a la Convocatoria de ayudas para la contratación de personas jóvenes en el marco del Programa FSE Plus del País Vasco 2021-2027.TAREAS: Dentro del proyecto de economia urbana del ayuntamiento se encargara censar locales comerciales vacios,contactar con propietarios,elaborar ficha técnica de inmuebles,posibilidad de albergar actividad economica ,informar de subvenciones ,dar apoyo en el proyecto Zumerk piztuz.REQUISITOS:REQUISITOS IMPRESCINDIBLES: Grado universitario en arquitectura técnica o grado en fundamentos de arquitectura. Euskara: Perfil 3, a valorar perfil 2. Estar desempleado/a e inscrito/a como demandante en Lanbide. Estar inscrito en el Sistema de Garantía Juvenil. Ser mayor de 16 y menor de 30 años.SE VALORARA: Especialización en urbanismo y master en arquitectura.Se ofrece contrato 1 año jornada completa de 7h30 a 15h.Salario mensual bruto 2532,30E.Fecha prevista de incorporacion 15 mayo 2024",19/03/2024,162024003316,LABORAL TEMPORAL,,ARQUITECTOS,Duración: 12 meses,Hasta 29 años,DESEMPLEADO-A,,Conocimientos FORMACIÓN REGLADA - CERTIFICADOS DE PROFESIONALIDAD Se debe estar en posesión de alguno de los siguientes títulos o certificados: GRADO en Arquitectura Técnica GRADO en Fundamentos de la Arquitectura,,,1,5
1,2024-04-14 10:34:56,TÉCNICO/A DE TURISMO,Zumarraga,Gipuzkoa,"Oferta acogida a la Convocatoria de ayudas para la contratación de personas jóvenes en el marco del Programa FSE Plus del País Vasco 2021-2027. TAREAS: Dinamizar las rutas turísticas Bide Bizia diinamizar la app Berrikusi coordinar las propuestas culturales, deportivas, turísticas y comerciales servir de interlocutor con la hostelería y comercio para desarrollar acciones de dinamización público-privada. REQUISITOS IMPRESCINDIBLES: Licenciatura/Grado universitario en Turismo, Publicidad, Marketing, ADE. Euskara: Perfil 3, a valorar perfil 2. Estar desempleado/a e inscrito/a como demandante en Lanbide. Estar inscrito en el Sistema de Garantía Juvenil. Ser mayor de 16 y menor de 30 años. REQUISITOS A VALORAR: experiencia en dinamización de productos turísticos. SE OFRECE: contrato de 1 año a jornada completa de 7:30 h. a 15:00 h. Fecha prevista de incorporación: 15 de mayo de 2024",19/03/2024,162024003310,LABORAL TEMPORAL,,AGENTES DE DESARROLLO TURÍSTICO,Duración: 12 meses,Entre 16 y 29 años,DESEMPLEADO-A,,"Conocimientos FORMACIÓN REGLADA - CERTIFICADOS DE PROFESIONALIDAD Se debe estar en posesión de alguno de los siguientes títulos o certificados: GRADO en Comercio y Marketing GRADO en Publicidad, Marketing y Relaciones Públicas GRADO en Publicidad, Relaciones Públicas y Marketing GRADO en Administración y Dirección de Empresas GRADO en Turismo GRADO en Administración de Empresas GRADO en Dirección Internacional de Empresas de Turismo y Ocio GRADO en Turismo - Administración de Organizaciones y Recursos Turísticos",,,1,7
1,2024-04-14 10:34:56,INSTRUCTOR/A DE GIMNASIO,Vitoria-Gasteiz,Araba/Álava,"Instructor para el equipo de fitness en gimnasio. Buscamos monitor/a de sala y clases colectivas como ciclo, body pump, body balance, gap y entrenamiento funcional, entre otras. También funciones en recepción. 25 horas semanales o más, según polivalencia.  Imprescindible titulación TAFAD o similar.  Se valorará la experiencia en gimnasios. Incorporación inmediata",19/03/2024,162024003309,LABORAL INDEFINIDO,,MONITORES DE MANTENIMIENTO FÍSICO,,,,,Experiencia mínima: 1 año,1 año,,1,5
1,2024-04-14 10:34:56,PERSONA OPERARIA DE ALMACÉN,Hondarribia,Gipuzkoa,"Persona operaria de almacén para realizar las funciones propias del puesto: recepción de material, almacenamiento, empaquetado y preparación de pedidos para su distribución. Imprescindible: carnet de carretillero/a en vigor. A valorar: conocimiento en el sector de automoción habilidad comunicativa persona organizada, resolutiva, productiva y que trabaje en equipo. Tipo de contrato: laboral indefinido. Jornada completa. Salario según convenio. Incorporación inmediata.",19/03/2024,162024003300,LABORAL INDEFINIDO,,"CONDUCTORES-OPERADORES DE CARRETILLA ELEVADORA, EN GENERAL",,,,,Conocimientos OTROS CONOCIMIENTOS OPERADOR-CONDUCTOR DE CARRETILLA ELEVADORA,,,1,43
1,2024-04-14 10:34:56,TÉCNICO/A DE AUTOMATIZACIÓN,Derio,Bizkaia,"Buscamos ampliar nuestro equipo con un/a persona con experiencia como Técnico/a de automatización para incorporarse a proyecto de larga duración en uno de nuestros clientes del sector Administraciones Públicas. Automatización y administración de Windows Server y entornos virtuales. REQUISITOS:  Título universitario de grado o superior, o en su defecto Ciclo Formativo de GS en el ámbito de la Informática y Comunicaciones  Experiencia y/o conocimientos:  Scripting powershell, con diferentes módulos de cmdlets  Administración de Directorio Activo (usuarios, maquinas, políticas....)  Administración de roles y features de Microsoft (DFS, FailoverCluster, DHCP, DNS...)  Administración de productos de Microsoft (SCOM, SCCM, Exchange, SharePoint...)  Algo de administración de SQL Server  Virtualización de máquinas con VMware y de aplicaciones y escritorios (Horizon, Citrix...) REQUISITOS DESEADOS  Microsoft MCSA: Windows Server 2016 o Scrum: PROFESSIONAL SCRUM MASTER I o equivalente",19/03/2024,162024003298,LABORAL INDEFINIDO,,ADMINISTRADORES DE SISTEMAS DE REDES,,,,,Experiencia mínima: 5 años,5 años,,1,8
1,2024-04-14 10:34:56,COCINERO/A Ó AYUDANTE DE COCINA,Zarautz,Gipuzkoa,Se necesitan 3 cocineros/as ó ayudantes de cocina. Ser responsables y con ganas de trabajar. Se valorará residencia en Urola Kosta. Contrato hasta Octubre con posibilidad de indefinido. Jornada segun servicio. Salario segun convenio e incorporación inmediata.,19/03/2024,162024003297,LABORAL TEMPORAL,,"COCINEROS, EN GENERAL",,,,,,,,3,45
1,2024-04-14 10:34:56,ADMINISTRATIVO/A PARA CAMPAÑA DE RENTA,Sopelana,Bizkaia,Gestoría ubicada en Sopelana precisa contratar a un/a Técnico/a Administrativo/a en General para la Campaña de la Renta 2024 (tres meses). Requisitos imprescindibles: Formación reglada mínima de Técnico/a Superior en Administración y Finanzas. Doce meses de experiencia mínima acreditada en el puesto. Se ofrece contrato temporal a jornada partida con horario de lunes a jueves de 09:00 a 14:00 y de 15:00 a 18:00 horas. Viernes de 08:00 a 15:00 horas. A partir del 15 de junio jornada intensiva de 08 a 15:00 horas. Salario según convenio.,19/03/2024,162024003295,LABORAL TEMPORAL,,"TÉCNICOS ADMINISTRATIVOS, EN GENERAL",,,,,Experiencia mínima: 1 año,1 año,,1,23
1,2024-04-14 10:34:56,CAMARERO/A,Zarautz,Gipuzkoa,"Se necesitan 8 camareros/as de restaurante(desayunos,comidas y cenas). Imprescindible:responsabilidad y ganas de trabajar. Se valorará residencia en Urola-Kosta. Contrato hasta Octubre con posibilidad de indefinido. Horario segun servicios. Salario segun convenio e incorporación inmediata",19/03/2024,162024003294,LABORAL TEMPORAL,,"CAMAREROS, EN GENERAL",,,,,,,,8,41
1,2024-04-14 10:34:56,JAVA SOFTWARE ENGINEER,Bilbao,Bizkaia,"Buscamos incorporar en nuestro equipo un/a desarrollador/a senior con experiencia en JAVA para incorporar en proyecto de INDITEX. Es imprescindible que la persona que se incorpore tenga, al menos, 3 años de experiencia en diseño y desarrollo de aplicaciones backend java. CONOCIMIENTOS REQUERIDOS  Java8  Frameworks: Spring, Spring Boot, SpringSecurity  Integración: API Rest  Persistencia de datos: JPA, Hibernate  SQL: Oracle o DB2 o CoachBase  Sistemas de control de versiones: Git  Desarrollo orientado a pruebas: Test Unitarios (JUnit, Mockito) y test integración.  Requisitos deseados  Familiarizado con procesos ágiles de desarrollo software y Scrum  Integración JMS, Kafka  Conocimiento de patrones de diseño, arquitectura J2EE y DDD (data driven development).  Experiencia con herramientas como Grafana, Graylog y Zipkin  Conocimiento de protocolo HTTP y nociones de seguridad de la información (SSL, certificados, encriptación, ...).  Arquitectura de microservicios y hexagonal",19/03/2024,162024003291,LABORAL INDEFINIDO,,"INGENIEROS TÉCNICOS EN INFORMÁTICA, EN GENERAL",,,,,Experiencia mínima: 3 años,3 años,,1,2
1,2024-04-14 10:34:56,DEPENDIENTE/A TIENDA DE DECORACIÓN,Donostia/San Sebastián,Gipuzkoa,"Se necesita dependiente/a para tienda de decoración dedicada a la venta de materiales y reformas. Tareas principales: atención al cliente elaboración y gestión de presupuestos tramitar pedidos seguimiento de pedidos, hacer facturas, cobros solución de incidencias. REQUISITOS IMPRESCINDIBLES: como mínimo estudios de Bachiller, experiencia de al menos 6 meses, nivel de Euskera medio, ofimática, interpretación de planos, don de gentes. REQUISITOS A VALORAR: Manejo de Teowin o similar, residir cerca del puesto de trabajo. SE OFRECE: Contrato indefinido. Jornada completa. Horario de lunes a viernes de 09:45 13:30 y de 16:00 a 19:30, sábados de 10:30 a 13:30. Incorporación inmediata. Salario anual aproximado: 16.000 euros más objetivos",19/03/2024,162024003285,LABORAL INDEFINIDO,,DEPENDIENTES DE MUEBLES Y ARTÍCULOS DE DECORACIÓN,,,,,Experiencia mínima: 6 meses,6 meses,,1,9
1,2024-04-14 10:34:56,DESARROLLADOR/A FULLSTACK SENIOR ENTORNO MICROSOFT .NET,Bilbao,Bizkaia,"Como Desarrollador/a Fullstack de entorno Microsoft .NET, bajo la coordinación del/a Responsable funcional del Proyecto, diseñarás e implementarás soluciones para distintos proyectos de desarrollo y mantenimiento de aplicaciones Web, dentro de un entorno estable y con un alto grado de autonomía.  CONOCIMIENTOS REQUERIDOS: Trabajarás utilizando la siguiente tecnología, por lo que será importante disponer de autonomía técnica (conocimiento y experiencia técnica mínima de 3-5 años):  Microsoft SQL Server y Microsoft Transact-SQL.  Aplicaciones microservicios en entorno Microsoft .NET Core.  Angular (Javascript), HTML 5, CSS 3.  Git. CONOCIMIENTOS VALORABLES: se valorará el conocimiento y experiencia utilizando algunas de las siguientes tecnologías:  Servicios web WCF.  .NET Framework.  Experiencia con protocolos de tiempo real.",19/03/2024,162024003282,LABORAL INDEFINIDO,,ANALISTAS-PROGRAMADORES WEB Y MULTIMEDIA,,,,,Experiencia mínima: 3 años,3 años,,1,3
1,2024-04-14 10:34:56,CONTABLE-FINANCIERO/A,Legutio,Araba/Álava,"CONTABLE-FINANCIERO/A para empresa de fabricación de mobiliario urbano y artículos de ferretería en Polígono Industrial de Gojain (Legutiano). FUNCIONES: Control riguroso de las transacciones económicas preparación de estados financieros conciliación bancaria cumplimiento de oblicaciones fiscales. IMPRESCINDIBLE: Experiencia mínima previa 2 años sólidos conocimientos en contabilidad y fiscalidad manejo herramientas tecnológicas como ERP o software contable habilidad para trabajar con grandes volúmenes de información nivel INGLÉS C1, valorándose otros idiomas: francés y/o alemán. SE OFRECE: Contrato indefinido, jornada laboral flexible (09:00-18:00 h.)",19/03/2024,162024003281,LABORAL INDEFINIDO,,"EMPLEADOS ADMINISTRATIVOS DE CONTABILIDAD, EN GENERAL",,,,,Conocimientos FORMACIÓN REGLADA - CERTIFICADOS DE PROFESIONALIDAD Se debe estar en posesión de alguno de los siguientes títulos o certificados: GRADO en Contabilidad y Finanzas,,,1,13
1,2024-04-14 10:34:56,ESPECIALISTA EN DESARROLLO COMERCIA,Vitoria-Gasteiz,Araba/Álava,"ESPECIALISTA EN DESARROLLO COMERCIAL en empresa ubicada en Vitoria, dedicada a Servicios Profesionales-. IMPRESCINDIBLE: Grado en ADE o similar. Experiencia previa en desarrollo comercial, preferiblemente en Interim Management o consultoría. TAREAS Y FUNCIONES A DESARROLLAR: Identificar y contactar proactivamente con empresas potenciales que podrían beneficiarse de nuestros servicios de Interim Management. Potenciación de la visibilidad digital de la empresa en Web y LinkedIn. Construir y mantener relaciones sólidas con clientes existentes y potenciales. Cumplimiento de Objetivos de Contratación. Mantenerse actualizada/o sobre las tendencias del mercado y la competencia. Gestión de la información de clientes y mercados, facturación y tareas de administración básicas. Apoyar la coordinación de Socios y Asociados. SE OFRECE: Contrato y jornada negociables según candidatura.",19/03/2024,162024003280,LABORAL INDEFINIDO,,"DIRECTORES COMERCIALES, EN GENERAL",,,,,Conocimientos FORMACIÓN REGLADA - CERTIFICADOS DE PROFESIONALIDAD Se debe estar en posesión de alguno de los siguientes títulos o certificados: LICENCIATURA en administración y dirección de empresas,,,1,13
1,2024-04-14 10:34:56,OFICIAL DE PRIMERA PARA OBRADOR DE PASTELERÍA,Bilbao,Bizkaia,Oficial de primera para obrador de pastelería. Imprescindible:experiencia de al menos tres años Contrato indefinido,19/03/2024,162024002090,LABORAL INDEFINIDO,,PASTELEROS,,,,,Experiencia mínima: 2 años,2 años,,1,3
1,2024-04-14 10:34:56,SERVICIO DE ASISTENCIA TECNICA,Olaberria,Gipuzkoa,"OPERARIO DE ASISTENCIA TECNICA, CON CONOCIMIENTOS DE ELECTRONICA Y ELECTRICIDAD, PARA LA REPARACION Y MANTENIMIENTO DE EQUIPOS DE SOLDADURA Y CORTE. REQUISITOS IMPRESCINDIBLES CICLO FORMATIVO DE GRADO SUPERIOR DEL AREA ELECTRICA ELECTRONICA, CARNE DE CONDUCIR, INICIATIVA, DON DE GENTES, INGLES Y EUSKERA E INFORMATICA. SE OFRECE CONTRATO DE PRACTICAS + CONTRATO INDEFINIDO A JORNADA COMPLETA, JORNADA PARTIDA. INCORPORACIÓN INMEDIATA.",19/03/2024,162023013195,LABORAL TEMPORAL,,ELECTROMECÁNICOS DE MANTENIMIENTO INDUSTRIAL (MANTENIMIENTO Y REPARACIÓN GENERAL),,,,"B-AUTOMOVIL <= 3.500 KG, ASIENTOS <=9, CON REMOLQUE <= 750 KG, Y TRICICLOS Y CUATRICICLOS DE MOTOR","Conocimientos FORMACIÓN REGLADA - CERTIFICADOS DE PROFESIONALIDAD Se debe estar en posesión de alguno de los siguientes títulos o certificados: Técnico Superior, enseñanzas de grado superior de FP",,,1,10
1,2024-04-14 10:34:56,AGENTE PROFESIONAL DE SEGUROS Y PRODUCTOS FINANCIEROS.,Barakaldo,Bizkaia,"Se ofrece la incorporación a un proyecto estratégico para la Compañía. Comercialización de la gama más completa de productos aseguradores y financieros del mercado. Formación inicial con acreditación oficial en la DGSFP. Posibilidad de dirigir una Oficina Delegada. Plan de Formación continuo para adquirir Conocimientos, Habilidades y Técnicas para el desempeño Profesional del sector Asegurador y Financiero dirigido a Clientes Particulares y Empresas. Equipo comprometido en el proceso de aprendizaje y lanzamiento. Se ofrece contrato mercantil. Requisitos imprescindibles: Bachillerato o Ciclo Formativo de Grado Superior. Valorable Titulación Superior Universitaria. Orientación al servicio. Capacidad de trabajo en equipo. Dotes de liderazgo y comunicación. Manejo de Herramientas ofimáticas, Redes Sociales y Profesionales. Requisitos a valorar: Experiencia comercial y gestión con clientes. Prospección, venta, asesoramiento , telemarketing.",18/03/2024,162024003273,MERCANTIL,,AGENTES DE SEGUROS,,,,,"Conocimientos FORMACIÓN REGLADA - CERTIFICADOS DE PROFESIONALIDAD Se debe estar en posesión de alguno de los siguientes títulos o certificados: Bachillerato Técnico Superior, enseñanzas de grado superior de FP",,,1,8
1,2024-04-14 10:34:56,ELECTRICISTA OFICIAL 1ª - 2ª - 3ª,Getxo,Bizkaia,"Empresa ubicada en Getxo necesita contratar una persona como INSTALADOR ELECTRICISTA oficial de 1ª, 2ª o 3ª para realizar los trabajos propios del puesto en reformas de viviendas: picar, colocar tubo, pasar cables, instalar cuadro¿ Imprescindible: experiencia mínima de 12 meses, tener el curso de Prevención de Riesgos Laborales de 60 horas, carnet de conducir B1 Se valorará que la experiencia sea reciente. Se ofrece contrato indefinido, a jornada completa partida, horario de lunes a viernes de 8 a 13h y de 14 a 17h, salario según convenio e incorporación inmediata.",18/03/2024,162024003268,LABORAL INDEFINIDO,,"INSTALADORES ELECTRICISTAS, EN GENERAL",,,,"B-AUTOMOVIL <= 3.500 KG, ASIENTOS <=9, CON REMOLQUE <= 750 KG, Y TRICICLOS Y CUATRICICLOS DE MOTOR",Experiencia mínima: 1 año,1 año,,1,26
1,2024-04-14 10:34:56,RESPONSABLE DE ALMACEN,Irura,Gipuzkoa,"Persona con experiencia en la gestión de almacén. Dominio de los procesos de recepción, ubicación de materiales, control de stocks y materiales, aprovisionamiento a líneas y expedición. Coordinará un equipo de cinco personas. REQUISITOS: Responsabilidad, dominio ofimática, excel y correo electrónico. Experiencia en coordinación de equipos. Manejo de carretilla elevadora y grúa puente. VALORABLE: Cursos del convenio del metal JORNADA: 9:30 a 17:30 SALARIO: 1.700¿ netos",18/03/2024,162024003267,LABORAL INDEFINIDO,,TÉCNICOS EN GESTIÓN DE STOCKS Y/O ALMACÉN,Nº de puestos: 1,,,,Conocimientos OTROS CONOCIMIENTOS OPERADOR-CONDUCTOR DE CARRETILLA ELEVADORA OPERADOR DE PUENTE GRÚA,,,1,7
1,2024-04-14 10:34:56,TECNICO LOGISTICA,Itsasondo,Gipuzkoa,"TÉCNICO EN LOGÍSTICA REALIZACIÓN DE INVENTARIO CONTINUADO, DESTREZA EN EL USO DE ORDENADORES, TÍTULO DE CARRETILLA ELEVADORA Y DESTREZA EN EL MANEJO DE CARRETILLA, RESIDENTE EN LA COMARCA DEL GOIERRI. SE OFRECE UN CONTRATO A JORNADA COMPLETA CON POSIBILIDAD DE CONTINUAR.",18/03/2024,162024003266,LABORAL TEMPORAL,,TÉCNICOS EN GESTIÓN DE STOCKS Y/O ALMACÉN,,,,,EXPERIENCIA Ocupación: TÉCNICOS EN GESTIÓN DE STOCKS Y/O ALMACÉN (3 Meses ),,,1,30
1,2024-04-14 10:34:56,MÉDICO/A,Balmaseda,Bizkaia,"Médico/a de centro residencial en Balmaseda. Se ofrece jornada completa y turno fijo de mañana. Salario bruto: 40.000¿. Funciones: Planificar analíticas, realizar volantes, programar y solicitar citas para especialistas, historias médicas, reconocimientos médicos, programas de atención sanitaria, exámenes y diagnósticos, prescripción de tratamientos y control de stock de medicamentos. Establecer con el equipo interdisciplinar los programas específicos a desarrollar, tanto individuales como grupales, respecto a las necesidades asistenciales y de la vida diaria del/a residente. Atender consultar de familiares del/a residente relacionadas con su especialización. Requisitos imprescindibles: Licenciatura o grado en medicina. Valorable: especialidad en cuidados paliativos, médico/a de familia, medicina interna , gerontología, geriatría.",18/03/2024,162024003263,LABORAL TEMPORAL,,MÉDICOS ESPECIALISTAS EN GERIATRÍA,,,,,Experiencia mínima: 6 meses,6 meses,,1,2
1,2024-04-14 10:34:56,SOLDADOR/A,Laudio/Llodio,Araba/Álava,"Se buscan personas para cubrir 1 puesto para realizar funciones de soldador/a o calderero/a. Se valorará PRL. IMPRESCINDIBLE: carnet de conducir y 12 meses de experiencia. Incorporación inmediata, contrato indefinido a jornada continua y salario según convenio.",18/03/2024,162024003255,LABORAL INDEFINIDO,,SOLDADORES DE ESTRUCTURAS METÁLICAS LIGERAS,,,,"B-AUTOMOVIL <= 3.500 KG, ASIENTOS <=9, CON REMOLQUE <= 750 KG, Y TRICICLOS Y CUATRICICLOS DE MOTOR",Experiencia mínima: 1 año,1 año,,1,9
1,2024-04-14 10:34:56,OPERARIO/A DE SERRERÍA Y FABRICACIÓN DE EMBALAJE,Hernani,Gipuzkoa,"Dependiendo del encargado en la sección de embalaje, realizará confección de las diferentes piezas: palets, cajas... Manejará pistolas clavadoras y trabajará en sierras con control digital y programas de gestión. Utilizará carretillas elevadoras y mantendrá limpio y ordenado el puesto de trabajo. REQUISITOS IMPRESCINDIBLES: título de Educación Secundaria Obligatoria (ESO) y experiencia en puesto similar. REQUISITOS A VALORAR: Uso de carretillas elevadoras y uso de herramientas de clavado y corte. SE OFRECE: Contrato indefinido. Horario partido de lunes a jueves de 07:30 a 12:30 y de 13:30 a 17:00 viernes de 07:00 a 14:00. Incorporación inmediata. Salario bruto aproximado 2.025 euros",18/03/2024,162024003249,LABORAL INDEFINIDO,,"OPERADORES DE SERRERÍAS, EN GENERAL",,,,,Experiencia mínima: 6 meses,6 meses,,2,23
1,2024-04-14 10:34:56,PROFESOR DE INGLES,Leioa,Bizkaia,"Docente de Inglés Imprescindible experiencia docente de al menos 1 año. Titulación requerida:Licenciado en Filología, Traducción e Interpretación de la lengua extranjera correspondiente o título de grado equivalente.",18/03/2024,162024003247,LABORAL TEMPORAL,,"PROFESORES DE IDIOMAS, EN GENERAL",,,,,Idiomas requeridos INGLES Lectura C2 - MAESTRÍA Escritura C2 - MAESTRÍA Hablado C2 - MAESTRÍA,,,2,3
1,2024-04-14 10:34:56,PROFESOR DE APOYO PRIMARIA Y SECUNDARIA,Zalla,Bizkaia,Impartir clases de apoyo a alumnos de primaria y secundaria.  REQUISITOS IMPRESCINDIBLES: -Experiencia mínima de 4 meses en puestos similares. -Euskera C1. -ingles B2.  REQUISITOS A VALORAR: -Disponer de coche.  Tipo de jornada: Media jornada Fecha prevista de incorporación: Inmediata Salario mensual según convenio.,18/03/2024,162024003245,LABORAL TEMPORAL,,"MAESTROS DE EDUCACIÓN PRIMARIA, EN GENERAL",Nº de puestos: 1,,,,Idiomas requeridos INGLES Lectura B2 - AVANZADO Escritura B2 - AVANZADO Hablado B2 - AVANZADO Docencia Sí EUSKERA Lectura C1 - DOMINIO EFICAZ Escritura C1 - DOMINIO EFICAZ Hablado C1 - DOMINIO EFICAZ Docencia Sí,,,1,10
1,2024-04-14 10:34:56,VENTAS INTERNAS Y GESTIÓN DE ALMACÉN,Donostia/San Sebastián,Gipuzkoa,"Se necesita persona para almacén de material eléctrico en Donostia-San Sebastián. FUNCIONES: almacén, atención telefónica y de mostrador. SE REQUIERE: Experiencia mínima de un año en puesto similar / manejo informático a nivel de usuario y estar habituado/a a trabajar con programas de gestión / carnet de conducir tipo B. SE VALORARÁ: experiencia superior a 2 años /conocimientos de electricidad / experiencia en el sector eléctrico / euskera. SE OFRECE: contrato indefinido, jornada completa y partida de lunes a viernes, incorporación inmediata.",18/03/2024,162024003244,LABORAL INDEFINIDO,,TÉCNICOS EN GESTIÓN DE STOCKS Y/O ALMACÉN,,,,"B-AUTOMOVIL <= 3.500 KG, ASIENTOS <=9, CON REMOLQUE <= 750 KG, Y TRICICLOS Y CUATRICICLOS DE MOTOR",Experiencia mínima: 1 año,1 año,,1,18
1,2024-04-14 10:34:56,FORMADOR/A-MONITOR/A DE ALBAÑILERIA Y PINTURA,Errenteria,Gipuzkoa,"Formador/a / monitor/a para programa de formación y empleo. Impartir formación práctica de albañilería y pintura y tutorizar grupo de alumnos trabajadores. Se requiere formación en la familia Edificación y Obra Civil y/o experiencia profesional acreditada de 3 años relacionada con dicha familia profesional. Competencia docente: Formación metodológica y/o 300 horas de experiencia docente en los últimos 7 años, preferentemente con colectivos vulnerables. Permiso de conducir B. Valorable conocimientos en carpintería, electricidad, fontanería y pladur. Se ofrece: contrato de sustitución a jornada completa en horario intensivo de mañanas. Salario: 2325,61¿ brutos x 14 pagas. Incorporación inmediata",18/03/2024,162024003241,LABORAL TEMPORAL,,FORMADORES DE FORMACIÓN OCUPACIONAL NO REGLADA,Duración: 12 meses,,,"B-AUTOMOVIL <= 3.500 KG, ASIENTOS <=9, CON REMOLQUE <= 750 KG, Y TRICICLOS Y CUATRICICLOS DE MOTOR",Conocimientos FORMACIÓN REGLADA - CERTIFICADOS DE PROFESIONALIDAD Se debe estar en posesión de alguno de los siguientes títulos o certificados: Edificación y Obra Civil,,,1,4
1,2024-04-14 10:34:56,OPERARIO DE CONSTRUCCIÓN,Bergara,Gipuzkoa,"Buscamos un trabajador, con algún tipo de experiencia en obras y reformas, que sea responsable y que tenga carnet de conducir",18/03/2024,162024003234,LABORAL TEMPORAL,,PEONES DE LA CONSTRUCCIÓN DE EDIFICIOS,,,,"B-AUTOMOVIL <= 3.500 KG, ASIENTOS <=9, CON REMOLQUE <= 750 KG, Y TRICICLOS Y CUATRICICLOS DE MOTOR",,,,5,28
1,2024-04-14 10:34:56,VIGILANTE DE INSTALACIONES DEPORTIVAS,Vitoria-Gasteiz,Araba/Álava,"Persona para la realización de funciones propias del puesto, tareas de vigilancia y control de accesos. imprescindible b2 en euskera y 33% de certificado de discapacidad mínima con buena movilidad.",15/03/2024,162024003230,LABORAL TEMPORAL,,VIGILANTES DE SEGURIDAD,,,,,,,,1,13
1,2024-04-14 10:34:56,AUXILIAR DE AYUDA A DOMICILIO,Legorreta,Gipuzkoa,"Se requiere auxiliar de ayuda a domicilio con titulación para Legorreta. Con posibilidad entre semana. Realizará tareas domésticas (limpieza del hogar, zonas comunes) y atención personal (higiene personal, gestiones varias, alimentación, medicación) a los usuarios. Se ofrece contrato de interinidad con jornada parcial y discontinua (según necesidad de la empresa).  Requisito imprescindible:  Titulación o certificado de profesionalidad en ayuda a domicilio.  Coche  Requisitos a valorar:  Se valorará positivamente que sepa comunicarse en Euskera.",15/03/2024,162024003228,LABORAL TEMPORAL,,ASISTENTES DOMICILIARIOS,,,,"B-AUTOMOVIL <= 3.500 KG, ASIENTOS <=9, CON REMOLQUE <= 750 KG, Y TRICICLOS Y CUATRICICLOS DE MOTOR",Conocimientos FORMACIÓN REGLADA - CERTIFICADOS DE PROFESIONALIDAD Se debe estar en posesión de alguno de los siguientes títulos o certificados: Certificado profesionalidad SSCS0108 - ATENCIÓN SOCIOSANITARIA A PERSONAS EN EL DOMICILIO Certificado profesionalidad SSCS0208 - ATENCIÓN SOCIOSANITARIA A PERSONAS DEPENDIENTES EN INSTITUCIONES SOCIALES,,,1,5
1,2024-04-14 10:34:56,PSICÓLOGO/A,Irun,Gipuzkoa,"Se precisa psicólogo/a para la realización de pruebas psicotécnicas. Requisitos imprescindibles: Licenciatura en psicología y máster en Psicología General Sanitaria o habilitación sanitaria. Euskaldun, colegiado en el Colegio Oficial de Psicología de Guipúzcoa y habilidades para trato con los clientes. Jornada parcial 75%, duración de contrato: 2 semanas. Salario a convenir y fecha prevista de incorporación 29/03/2024.",15/03/2024,162024003225,LABORAL TEMPORAL,,"PSICÓLOGOS, EN GENERAL",,,,,Idiomas requeridos EUSKERA Lectura SUPERIOR Escritura SUPERIOR Hablado SUPERIOR,,,1,2
1,2024-04-14 10:34:56,AUXILIAR DE ENFERMERÍA,Alegria-Dulantzi,Araba/Álava,"Se requiere personal con formación en Grado medio de Auxiliar de clínica, o Certificado de Profesionalidad de Atención Sociosanitaria en Instituciones Sociales para trabajar en centro residencial. Imprescindible: titulación mencionada. Valorable: experiencia en puesto ofertado. Contrato indefinido. Jornada a concretar. Incorporación inmediata.",15/03/2024,162024003219,LABORAL INDEFINIDO,,AUXILIARES DE ENFERMERÍA,,,,,Conocimientos FORMACIÓN REGLADA - CERTIFICADOS DE PROFESIONALIDAD Se debe estar en posesión de alguno de los siguientes títulos o certificados: Certificado profesionalidad SSCS0208 - ATENCIÓN SOCIOSANITARIA A PERSONAS DEPENDIENTES EN INSTITUCIONES SOCIALES TÉCNICO cuidados auxiliares de enfermería,,,1,16
1,2024-04-14 10:34:56,INSTRUCTOR/A PARAPENTE,Zalduondo,Araba/Álava,"Instructor de parapente con nivel de inglés nativo. Contrato temporal para julio y agosto. Jornada de 20 horas semanales. Salario mensual aproximado 682,58 ¿. IMPRESCINDIBLE : Nivel de inglés nativo.",15/03/2024,162024003213,LABORAL TEMPORAL,,MONITORES Y/O ANIMADORES DEPORTIVOS,,,,,Idiomas requeridos INGLES Lectura SUPERIOR Escritura SUPERIOR Hablado SUPERIOR,,,1,1
1,2024-04-14 10:34:56,ADMINISTRATIVO/A CONTABLE,Lemoa,Bizkaia,"CONTABILIDAD DE LA EMPRESA, EMITIR REVISAR Y COTEJAR FACTURAS Y ALBARANES. CON CONOCIMIENTOS DE IMPUESTOS Y COTIZACIONES.",15/03/2024,162024003210,LABORAL TEMPORAL,Discapacitados/as,"EMPLEADOS ADMINISTRATIVOS DE CONTABILIDAD, EN GENERAL",Duración: 12 meses,,,,Experiencia mínima: 1 año,1 año,,1,2
1,2024-04-14 10:34:56,ADMINISTRATIVO CONTABLE,Mutriku,Gipuzkoa,"Contabilidad, teléfono, trabajos administrativos varios. Requisitos imprescindibles: formación en contabilidad e idiomas (euskara, francés e ingles). Tipo de contrato: sustitución por baja (a media jornada)",15/03/2024,162024003208,LABORAL TEMPORAL,,"EMPLEADOS ADMINISTRATIVOS DE CONTABILIDAD, EN GENERAL",,,,,Idiomas requeridos FRANCES Lectura MEDIO Escritura MEDIO Hablado MEDIO EUSKERA Lectura MEDIO Escritura MEDIO Hablado MEDIO,,,1,3
1,2024-04-14 10:34:56,LIJADOR DE PIEZAS DE MADERA,Azpeitia,Gipuzkoa,"Se necesitan 2 personas para el puesto de LIJADOR de PIEZAS de MADERA para LACAR/BARNIZAR.  -Tareas a realizar: lijar y preparar piezas de mobiliario de madera para lacar/barnizar y ayudar al barnizador. -Requisitos imprescindibles: experiencia mínima de 6 meses como lijador o trabajando en el sector de la madera como operario. Estudios primarios completos. -Valorable: Euskera. -Se ofrece: Incorporación inmediata, contrato laboral de 1 año con 3 meses de periodo de prueba con posibilidad de consolidación, horario de 6h-14h. Salario: 1100Euros/brutos mensuales durante el periodo de prueba, 1200Euros/brutos hasta completar el primer año y posibilidad de revisión de sueldo en caso de consolidación.",15/03/2024,162024003207,LABORAL TEMPORAL,,PEONES DE LA INDUSTRIA DE LA MADERA Y DEL CORCHO,Nº de puestos: 2,,,,Experiencia mínima: 6 meses,6 meses,,2,13
1,2024-04-14 10:34:56,TÉCNICO/A DE LICENCIA (DELEGADO/A COMERCIAL),Leioa,Bizkaia,"Empresa farmacéutica ubicada en Leioa precisa contratar a un/a Técnico/a de licencia (Delegado/a Comercial). Descripción del puesto y funciones: Ver documento adjunto Requisitos imprescindibles: - Experiencia de al menos 3 años en Out-Licensing de productos preferiblemente innovadores o en su defecto, genéricos o de fabricación a terceros. - Licenciatura en Farmacia, Biología, (cualquier otra relacionada con Ciencias de la Salud) o Administración de Empresas. - Inglés muy alto, mínimo nivel C1. - Disponibilidad para viajar. - Estar en posesión de certificado de discapacidad mínimo 33%. Requisitos a valorar: - Formación de Postgrado en aspectos como Administración, Comercio internacional o marketing. Tipo de contrato: Indefinido. Jornada completa. Salario bruto anual:30.000 euros a superior a S.V.",15/03/2024,162024003206,LABORAL INDEFINIDO,Discapacitados/as,"DELEGADOS COMERCIALES, EN GENERAL",,,DESEMPLEADO-A,,Experiencia mínima: 3 años,3 años,,1,0
1,2024-04-14 10:34:56,ADMINITRATIVO/A,Errenteria,Gipuzkoa,"Estamos buscando una persona para realizar tareas administrativas en nuestro equipo. Estas incluyen, pero no se limitan a, facturación, contabilidad, gestión laboral y otras tareas administrativas. El contrato sería indefinido a media jornada, iniciándose con un periodo de prueba de un mes. Salario según convenio. Requisitos imprescindibles: Titulación mínima de Licenciatura/Diplomatura en Empresariales o Ciclo Formativo de Grado Superior en Administración y Finanzas (CFG o CFGS similar). Experiencia mínima de 2 años en puesto similar. Disponibilidad de vehículo propio. Nivel alto de euskara, francés e inglés. Requisitos a valorar: Conocimiento del sector de las Artes Escénicas. Experiencia en gestión de subvenciones y proyectos europeos. Beneficios: Formar parte de un equipo dinámico y en crecimiento. Oportunidades de desarrollo profesional. Ambiente de trabajo colaborativo. ámbito de trabajo internacional, con posibilidad de trabajar en red con otras regiones y países.",15/03/2024,162024003205,LABORAL INDEFINIDO,,"TÉCNICOS ADMINISTRATIVOS, EN GENERAL",,,,,NIVELES FORMATIVOS REQUERIDOS Desde Estudios oficiales de especialización profesional. Hasta ENSEÑANZAS UNIVERSITARIAS OFICIALES DE MÁSTER,,,1,20
1,2024-04-14 10:34:56,GEROCULTOR/A,Zuia,Araba/Álava,"Labores propias del puesto de auxiliar o gerocultor: aseo a personas dependientes, dar de comer, apoyo en las actividades básicas de la vida diaria, apoyo a la autonomía personal, apoyo en las actividades lúdicas, apoyo a enfermería y médico.   REQUISITOS IMPRESCINDIBLES: · Titulación de Auxiliar de enfermería y/o Atención sociosanitaria a personas dependientes en instituciones sociales.  -REQUISITOS A VALORAR:  Vehículo",15/03/2024,162024003195,LABORAL TEMPORAL,,AUXILIARES DE ENFERMERÍA DE GERIATRÍA,,,,,Conocimientos FORMACIÓN REGLADA - CERTIFICADOS DE PROFESIONALIDAD Se debe estar en posesión de alguno de los siguientes títulos o certificados: Certificado profesionalidad SSCS0208 - ATENCIÓN SOCIOSANITARIA A PERSONAS DEPENDIENTES EN INSTITUCIONES SOCIALES TÉCNICO cuidados auxiliares de enfermería,,,3,15
1,2024-04-14 10:34:56,PERSONAL DE LIMPIEZA,Arrasate/Mondragon,Gipuzkoa,"Realizar tareas propias del puesto Requisitos a valorar: Experiencia y vehículo propio. Tipo de Contrato: temporal, 6 meses. Tipo de jorndad y horario: turnos rotativos mañana y tarde. Incorporación inmediata.",15/03/2024,162024003191,LABORAL TEMPORAL,,PERSONAL DE LIMPIEZA O LIMPIADORES EN GENERAL,,,,,Experiencia mínima: 6 meses,6 meses,,20,113
1,2024-04-14 10:34:56,PERSONAL DE CONDUCCIÓN DE AUTOBUS,Vitoria-Gasteiz,Araba/Álava,"Buscamos personas responsables, con orientación al cliente y ganas de integrarse en una organización que presta servicios para la administración pública, para la conducción de autobuses urbanos e interurbanos ,cumpliendo con los estándares de calidad establecidos y velando por la atención y satisfacción del cliente.  IMPRESCINDIBLE:  Educación secundaria obligatoria.  carnet de conducir D, CAP y Tacógrafo Digital.  certificado de discapacidad.  Se valorara formación en atención al cliente, cursos de conducción económica y ecológica, conocimientos de Euskera y experiencia.",15/03/2024,162024003140,LABORAL TEMPORAL,Discapacitados/as,"CONDUCTORES DE AUTOBÚS, EN GENERAL",,,,"D - AUT. TRANSPORTE PERSONAS, ASIENTOS > 9, REMOLQUE <= 750 KG",Conocimientos FORMACIÓN REGLADA - CERTIFICADOS DE PROFESIONALIDAD Se debe estar en posesión de alguno de los siguientes títulos o certificados: CERTIFICADO educación primaria (LOGSE) EGB-Graduado Escolar Graduado en ESO OTROS CONOCIMIENTOS Carnet: TARJETA CUALIFICACIÓN DEL CONDUCTOR (CAP VIAJEROS) Carnet: TARJETA DE CONDUCTOR (TACÓGRAFO DIGITAL),,,5,6
1,2024-04-14 10:34:56,OPERARIO DE MANTENIMIENTO Y CONSERVACIÓN,Bergara,Gipuzkoa,"Se requiere un operario/a para realizar tareas de mantenimiento en carreteras. Requisito imprescindible: tener formación mínima de ciclo grado medio, FP1 o similar, tener carné de conducir B y vehículo propio. Requisitos a valorar: residir en Gipuzkoa, tener carné C con experiencia, tener conocimientos básicos de algún oficio (pintura, albañilería, fontanería...), de mecánica de automóvil, de soldadura, en manejo de herramientas (motosierra, desbrozadora, rotaflex¿) o en aplicación de productos fitosanitarios. Asimismo, se valorará la experiencia en señalización y en tareas relacionadas con el mantenimiento de carreteras, sensibilización hacia la prevención de riesgos laborales y saber euskera hablado. Se ofrece contrato temporal (con opción de incorporación en bolsa de trabajo) y salario según convenio.",15/03/2024,162024001573,LABORAL TEMPORAL,,"PEONES DE OBRAS PUBLICAS, EN GENERAL",,,,"B-AUTOMOVIL <= 3.500 KG, ASIENTOS <=9, CON REMOLQUE <= 750 KG, Y TRICICLOS Y CUATRICICLOS DE MOTOR","NIVELES FORMATIVOS REQUERIDOS Desde Enseñanzas de grado medio de formación profesional específica, artes plásticas y diseño, y deportivas. Hasta Doctorado universitario",,,2,30
1,2024-04-14 10:34:56,MECANICO DE VEHICULO INDUSTRIAL,Ordizia,Gipuzkoa,"REALIZAR LOS MANTENIMIENTO Y REPARACION DE VEHICULOS INDUSTRIALES. REQUISITOS IMPRESCINDIBLES FORMACIÓN EN MECANICA DE VEHICUKLOS INDUSTRIALES, EXPERIENCIA LABORAL EN MECÁNICA DE VEHÍCULOS INDUSTRIALES. SE OFRECE CONTRATO TEMPORAL DE 6 MESES + INDEFINIDO, A JORNADA COMPLETA, SALARIO MENSUAL BRUTO 2.000¿, INCORPORACIÓN INMEDIATA.",15/03/2024,162023013372,LABORAL TEMPORAL,,"MECÁNICOS-AJUSTADORES DE CAMIONES Y AUTOBUSES, EN GENERAL",,,,,"EXPERIENCIA Ocupación: MECÁNICOS-AJUSTADORES DE CAMIONES Y AUTOBUSES, EN GENERAL (3 Meses )",,,1,7
1,2024-04-14 10:34:56,TELEOPERADOR/A COMERCIAL,Eibar,Gipuzkoa,"Solicitamos teleoperador/a para la comercialización de productos en el sector de las telecomunicaciones. Gestión de llamadas telefónicas para la captación de clientes potenciales. Imprescindible experiencia comercial telefónica o canales adicionales (Televenta). Buscamos una persona activa, dinámica, resolutiva y con actitud comercial. Dominiio de ofimática a nivel usuario y correo electrónico. Se valorará Euskera hablado y escrito",14/03/2024,162024003176,LABORAL INDEFINIDO,,TELEOPERADORES,,,,,Experiencia mínima: 6 meses,6 meses,,1,15
1,2024-04-14 10:34:56,OPERARIO/A DE FRESADORA CNC (CONTRATO DE RELEVO),Markina-Xemein,Bizkaia,"Mecanizado de piezas unitarias de grandes dimensiones de calderería hasta 6m. Programación Control HEIDENHAIN a pie de máquina. Interpretación de planos de mecanizado. Conocimiento de los materiales, herramientas de mecanizado y procedimientos de verificación de tolerancias hasta 0.02mm para piezas muy grandes en mecanizado. Imprescindible: experiencia mínima de 2 años en mecanizado de piezas bajo plano. Estudios de FP2 ó superior. Verificación de piezas. Trabajar en equipo y facilidad de adaptación al entorno de trabajo",14/03/2024,162024003172,LABORAL INDEFINIDO,,OPERADORES DE MÁQUINA FRESADORA CON CONTROL NUMÉRICO (METALES),,,,,Experiencia mínima: 2 años,2 años,,1,4
1,2024-04-14 10:34:56,PROFESOR/A DE INGLÉS,Elgoibar,Gipuzkoa,Impartir clases de inglés desde niveles básicos hasta avanzados. REQUISITOS IMPRESCINDIBLES: Nivel C1 de inglés. REQUISITOS A VALORAR: Nivel C2 de inglés y experiencia como docente. Se ofrece contrato mercantil con opción de regentar el negocio a fututo.,14/03/2024,162024003171,MERCANTIL,,"PROFESORES DE IDIOMAS, EN GENERAL",,,,,Idiomas requeridos INGLES Lectura C1 - DOMINIO EFICAZ Escritura C1 - DOMINIO EFICAZ Hablado C1 - DOMINIO EFICAZ,,,1,7
1,2024-04-14 10:34:56,OFICIAL/A DE BODEGA,Elciego,Araba/Álava,SE OFRECE: Un puesto de Oficial/a de Bodega con contrato de trabajo temporal a jornada completa ampliable a indefinido según adaptación y valía. INCORPORACIÓN: Abril-mayo 2024. SUELDO: Según convenio. FUNCIONES: Desempeño de labores de bodega desde recepción de vendimia hasta preparación y expedición de pedidos. VALORABLE: Carnet de carretillero y experiencia previa. Compromiso.,14/03/2024,162024003165,LABORAL TEMPORAL,,BODEGUEROS VINÍCOLA,Nº de puestos: 1,,,,,,,1,16
1,2024-04-14 10:34:56,GUÍAS DE TURISMO,Gernika-Lumo,Bizkaia,"Guía responsable de las explicaciones a grupos organizados en visitas de carácter histórico y patrimonial. Será la persona que lleve el grupo y dé las explicaciones sobre los elementos que se visitan: historia, características, curiosidades, etc. Podría ser una persona con estudios de turismo, historias, arte y humanidades o enseñanza. *Imprescindible Idiomas: capacidad para expresarse y entender correctamente en euskera, castellano e inglés. Capacidad para el trato social: dotes para relacionarse con la gente. Capacidad para expresarse con fluidez. Nivel cultural medio-alto. *Requisito a valorar: Requisito a valorar: dominio de francés y otros idiomas. Conocimientos y estudios de turismo, historia y patrimonio.",14/03/2024,162024003148,LABORAL TEMPORAL,,GUÍAS DE TURISMO,,,,,Idiomas requeridos INGLES Lectura SUPERIOR Escritura SUPERIOR Hablado SUPERIOR EUSKERA Lectura SUPERIOR Escritura SUPERIOR Hablado SUPERIOR,,,2,19
1,2024-04-14 10:34:56,FACULTATIVO ESPECIALISTA MÉDICO/A CIRUGÍA PEDIÁTRICA,Barakaldo,Bizkaia,Tres puestos de Médico/a especialista Cirugía Pediátrica. Para sustitución incapacidad temporal. Previsión de larga duración.,14/03/2024,162024003052,LABORAL TEMPORAL,,MÉDICOS ESPECIALISTAS EN CIRUGÍA PEDIÁTRICA,Nº de puestos: 3,,,,Conocimientos FORMACIÓN REGLADA - CERTIFICADOS DE PROFESIONALIDAD Se debe estar en posesión de alguno de los siguientes títulos o certificados: MÉDICO ESPECIALISTA en cirugía pediátrica,,,3,1
1,2024-04-14 10:34:56,CARROCERO/A,Vitoria-Gasteiz,Araba/Álava,"PINTOR/A CARROCERO/A ESPECIALISTA EN FIBRA, ALUMINIO Y CHAPA CON CONOCIIENTO DE VARILLERO Y MADERA CON ESPERIENCIA IMPRESCINDIBLE: EXPERIENCIA Contrato Indefinido, Horario: DE 09:30 a 13:00 y de 15:00 a 19:00. Salario mensual aprox: 1400 euros",14/03/2024,162024001927,LABORAL INDEFINIDO,,"PINTORES DE VEHÍCULOS, EN GENERAL",,,,,Experiencia mínima: 6 meses,6 meses,,1,0
1,2024-04-14 10:34:56,PROMOTOR/A COMERCIAL,Portugalete,Bizkaia,"TAREAS: promocionar tarjeta de fidelización de supermercado, captar posibles clientes e informarles del producto. Son 5 puestos ubicados en Zalla, Portugalete, Barakaldo, Gorliz y Zorroza. OFRECEN: jornada parcial a turnos rotativos de 10 a 15 horas y de 16 a 21 horas. Salario bruto mensual 1.058,58 euros al mes.",13/03/2024,162024003114,LABORAL TEMPORAL,,AZAFATOS O AUXILIARES DE INFORMACIÓN,,,,,Experiencia mínima: 1 año,1 año,,4,29
1,2024-04-14 10:34:56,FISIOTERAPEUTA,Lesaka,Navarra,Para clínica privada de Lesaka (Navarra). Requisitos imprescindibles: Titulación en fisioterapia. Requisitos a valorar: Conocimientos de euskara. Se ofrece: Contrato laboral temporal con horario adaptable.,13/03/2024,162024003108,LABORAL TEMPORAL,,"FISIOTERAPEUTAS, EN GENERAL",,,,,Conocimientos FORMACIÓN REGLADA - CERTIFICADOS DE PROFESIONALIDAD Se debe estar en posesión de alguno de los siguientes títulos o certificados: DIPLOMATURA en fisioterapia GRADO en Fisioterapia,,,1,0
1,2024-04-14 10:34:56,TECNICO CONTROL DE PLAGAS Y LEGIONELLA,Vitoria-Gasteiz,Araba/Álava,"Responsable técnico en sanidad ambiental y control y prevención de legionella. Con responsabilidad en la elaboración de planes de control, presupuestos y tratamientos. IMPRESCINDIBLE:  Carne de conducir B  Formación en técnicos de prevención y control de plagas.  Se valorara experiencia en el sector.",13/03/2024,162024003088,LABORAL INDEFINIDO,,TÉCNICOS EN PREVENCIÓN Y CONTROL DE PLAGAS,,,,"B-AUTOMOVIL <= 3.500 KG, ASIENTOS <=9, CON REMOLQUE <= 750 KG, Y TRICICLOS Y CUATRICICLOS DE MOTOR",,,,1,4
1,2024-04-14 10:34:56,DEPENDIENTA/E,Lazkao,Gipuzkoa,"Para tienda de ropa. Asesoramiento y atención al pùblico. IMPRESCINDIBLE: Que sepa hablar en Euskera. SE OFRECE: Contrato indefinido, jornada completa de lunes a viernes de 9:30-13:00/16:30-20:15, sábados de 9:30-13:00. Salario bruto: 1543,55¿Inicio: junio 2024",13/03/2024,162024003086,LABORAL INDEFINIDO,,"DEPENDIENTES DE COMERCIO, EN GENERAL",,,,,Idiomas requeridos EUSKERA Lectura SUPERIOR Escritura SUPERIOR Hablado SUPERIOR,,,1,47
1,2024-04-14 10:34:56,CAMARER@,Abadiño,Bizkaia,"Se precisan CAMAREROS/AS de barra y comedor. REQUISITOS: Experiencia de al menos 3 meses en el puesto solicitado. Se valorará formación en hostelería así como conocimientos de euskera. Permiso de conducir B1. SE OFRECE: Contrato indefinido. Uno de los puestos ofertados será para trabajar en fin de semana (viernes a domingo) y otro de los puestos ofertados, será de 40h semanales en turnos de relevos (de 09.00 13.00h // 13.00-22.00h)",13/03/2024,162024003076,LABORAL INDEFINIDO,,CAMAREROS DE BARRA Y/O DEPENDIENTES DE CAFETERÍA,,,,,,,,1,17
1,2024-04-14 10:34:56,COCINERO/A,Durango,Bizkaia,"Se precisa COCINERO/A para puesto en Durango (Bizkaia). REQUISITOS: Experiencia de al menos 2 años en cocina vasca para elaboración de plato de la carta, menús especiales y menú del día. Se valorará formación en Cocina. Se valorará positivamente residencia en el Duranguesado. Otras competencias: Trabajo en equipo, persona activa. Disponibilidad inmediata. SE OFRECE: Contrato indefinido. Jornada completa en horario de mañana y tarde.",13/03/2024,162024003062,LABORAL INDEFINIDO,,"COCINEROS, EN GENERAL",Nº de puestos: 1,,,,,,,1,6
1,2024-04-14 10:34:56,CONDUCTOR/A AUTOBUS,Ermua,Bizkaia,Se precisa CONDUCTOR/A AUTOBUS y mantenimiento del vehículo. REQUISITOS: Experiencia en el puesto solicitado. Permiso de conducir tipo D. Certificado de Aptitud Profesional (CAP).,13/03/2024,162024003060,LABORAL TEMPORAL,,"CONDUCTORES DE AUTOBÚS, EN GENERAL",,,,"D - AUT. TRANSPORTE PERSONAS, ASIENTOS > 9, REMOLQUE <= 750 KG",Conocimientos OTROS CONOCIMIENTOS Carnet: TARJETA CUALIFICACIÓN DEL CONDUCTOR (CAP VIAJEROS),,,1,17
1,2024-04-14 10:34:56,FARMACÉUTIC@ ADJUNT@,Gernika-Lumo,Bizkaia,"Labores propias de un@ farmacéutic@. IMPRESCINDIBLE: Grado o licenciatura en Farmacia. CONTRATO: indefinido, jornada completa o parcial.",13/03/2024,162024003058,LABORAL INDEFINIDO,,"FARMACÉUTICOS, EN GENERAL",,,,,Conocimientos FORMACIÓN REGLADA - CERTIFICADOS DE PROFESIONALIDAD Se debe estar en posesión de alguno de los siguientes títulos o certificados: Farmacia Procesos químicos Tecnología de diagnóstico y tratamiento médico,,,1,0
1,2024-04-14 10:34:56,CONDUCTOR/A AUTOBUS,Eibar,Gipuzkoa,"Conducir autobuses. IMPRESCINDIBLE, carnet de conducir autobús.",12/03/2024,162024003039,LABORAL TEMPORAL,,"CONDUCTORES DE AUTOBÚS, EN GENERAL",,,,"D+E-AUTOMÓVIL CLASE D, CON REMOLQUE > 750 KG",,,,1,35
1,2024-04-14 10:34:56,ENCARGADOS/AS DE AREA EN EL AREA INDUSTRIAL CON DISCAPACIDAD,Vitoria-Gasteiz,Araba/Álava,"Indesa 2010, inicia un proceso selectivo para dar cobertura a dos puestos indefinidos de Encargados/as de Área, un puesto para almacén y otro para producción. Sera requisito indispensable la acreditación de la discapacidad en grado no inferior al 33%. Buscamos personas con capacidad de liderazgo, metódicas y organizadas con iniciativa y orientación al cliente. Quienes deseen tomar parte del proceso selectivo deberán presentar su solicitud (conforme a las bases de la convocatoria publicada en la página web de Indesa 2010, en el apartado OFERTAS DE EMPLEO) en las Oficinas Centrales de Indesa a partir del 15 de marzo hasta el 25 de marzo en horario de 09:00 a 12:00 horas.",12/03/2024,162024003034,LABORAL INDEFINIDO,Discapacitados/as,"ENCARGADOS DE TALLER DE MAQUINARIA INDUSTRIAL, EN GENERAL",,,,No requerido,,,,2,14
1,2024-04-14 10:34:56,LIMPIADOR/A,Berango,Bizkaia,"Se precisa limpiador/a para limpieza de comunidades de vecinos. Cobertura de vacaciones los meses de agosto y septiembre. Requisitos imprescindibles: experiencia mínima de 6 meses en limpieza comunidades de vecinos, permiso de conducir B y vehículo. Jornada completa. Salario según convenio.",12/03/2024,162024003022,LABORAL TEMPORAL,,PERSONAL DE LIMPIEZA O LIMPIADORES EN GENERAL,,,,"B-AUTOMOVIL <= 3.500 KG, ASIENTOS <=9, CON REMOLQUE <= 750 KG, Y TRICICLOS Y CUATRICICLOS DE MOTOR",Experiencia mínima: 6 meses,6 meses,,1,28
1,2024-04-14 10:34:56,ELECTROMECÁNICO - MECANICO TALLER AUTOMOCIÓN,Erandio,Bizkaia,"Seleccionamos para empresa dedicada al mantenimiento de maquinaria de elevación una persona para realizar las funciones de mantenimiento preventivo y correctivo de carretillas elevadoras, plataformas, maquinaria de limpieza, traspaletas.... Pensamos en una persona con experiencia como mecánico en talleres de automoción de al menos 3 años,con ganas de aprender .Contrato indefinido",12/03/2024,162024003017,LABORAL INDEFINIDO,,TÉCNICOS EN MECÁNICA DE AUTOMOCIÓN,,,,,Experiencia mínima: 2 años,2 años,,1,2
1,2024-04-14 10:34:56,CONDUCTOR/A DE TRÁILER,Vitoria-Gasteiz,Araba/Álava,Conductor/a de tráiler para ruta nocturna con salida desde Vitoria. Se encargará de realizar el transporte de mercancía.  IMPRESCINDIBLE Experiencia mínima de 1 año con tráiler en ruta nacional. Carnet de conducir C+E. CAP de mercancías. Tarjeta de tacógrafo en vigor.  CONTRATO Indefinido.  JORNADA Completa.  SALARIO 2.300 euros brutos mensuales.  INCORPORACIÓN Inmediata.,12/03/2024,162024003014,LABORAL INDEFINIDO,,CONDUCTORES DE CAMIÓN CON REMOLQUE Y/O DE TRACTOCAMIÓN,,,,"C+E-AUTOMÓVIL CLASE C, CON REMOLQUE > 750 KG",Experiencia mínima: 1 año,1 año,,1,14
1,2024-04-14 10:34:56,SOCORRISTA,Leioa,Bizkaia,"Se buscan Socorristas para distintas comunidades de propietarios ubicadas en municipios de Bizkaia como Bilbao, Barakaldo, Leioa y Sopelana. La temporada de trabajo es desde finales de mayo a finales de septiembre. El horario es de lunes a domingo de 10:00 a 20:00 h. en turnos rotativos ( una semana completa de lunes a domingo y otra se libra entera). Las funciones son: Control de acceso a la piscina, Ejecutar labores de primeros auxilios en caso de ser necesario y rescatar a usuarios. REQUISITO IMPRESCINDIBLE: Título de socorrista y 3 meses de experiencia como socorrista.",12/03/2024,162024003006,LABORAL TEMPORAL,,BAÑISTAS-SOCORRISTAS,,,,,Experiencia mínima: 3 meses,3 meses,,25,25
1,2024-04-14 10:34:56,AUXILIAR DE TRÁFICO,Hernani,Gipuzkoa,"Empresa de logística, necesita para su oficina de Hernani Auxiliar de tráfico. Tareas: atención telefónica. Gestión y control de operativa. Trato con clientes. Gestión de almacén, recepción y control de mercancías. IMPRESCINDIBLE: Dominio del paquete office. Vehículo propio. Experiencia en logística, transporte y almacén. OFRECE: contrato temporal, jornada partida (de 8 a 13 h y de 16 a 19 horas). incorporación inmediata. Sueldo entre 1200 y 1500 euros brutos mensuales.",12/03/2024,162024002948,LABORAL TEMPORAL,,"EMPLEADOS ADMINISTRATIVOS DE LOS SERVICIOS DE TRANSPORTE, EN GENERAL",,,,"B-AUTOMOVIL <= 3.500 KG, ASIENTOS <=9, CON REMOLQUE <= 750 KG, Y TRICICLOS Y CUATRICICLOS DE MOTOR",Conocimientos OTROS CONOCIMIENTOS MICROSOFT OFFICE,,,1,20
1,2024-04-14 10:34:56,OPERARIOS/AS COCINA,Vitoria-Gasteiz,Araba/Álava,"Centro Especial de Empleo selecciona operarios/as para trabajar en Cocina central y Residencias. Requisitos: certificado de discapacidad igual o superior al 33%, estar en desempleo y alta como demandante de empleo en Lanbide. Valorable: Experiencia laboral en puesto similar, carnet de conducir, flexibilidad de horarios y adaptación a equipos de trabajo. Zona: Vitoria-Gasteiz. Salario según convenio propio de empresa.",12/03/2024,162024000040,LABORAL TEMPORAL,Discapacitados/as,PINCHES DE COCINA,Nº de puestos: 1,,,,,,,1,26
1,2024-04-14 10:34:56,OPERARIOS/AS JARDINERIA,Vitoria-Gasteiz,Araba/Álava,"Centro Especial de Empleo selecciona operarios/as para trabajar en jardinería horticultura y venta de planta. Perfil: persona autónoma con capacidad de trabajo en equipo y atención al público en la venta de plantas. Requisitos: certificado de discapacidad igual o superior al 33%, estar en desempleo y alta como demandante de empleo en Lanbide. Valorable: Experiencia laboral en puesto similar, carnet de conducir, flexibilidad de horarios y adaptación a equipos de trabajo. Zona: Vitoria-Gasteiz Salario según convenio propio de empresa.",12/03/2024,162024000039,LABORAL TEMPORAL,Discapacitados/as,"PEONES DE HORTICULTURA, JARDINERÍA",Nº de puestos: 2,,,,,,,2,22
1,2024-04-14 10:34:56,GESTOR/A COMERCIAL,Urnieta,Gipuzkoa,Empresa de Urnieta busca Gestor comercial con don de gentes. REQUISITO IMPRESCINDIBLE: experiencia en ventas. SE VALORARÁ: conocimientos de euskera. SE OFRECE: contrato laboral indefinido. Horario de 09:30 a 13:30.,11/03/2024,162024002959,LABORAL INDEFINIDO,,AGENTES COMERCIALES,,,,,EXPERIENCIA Ocupación: AGENTES COMERCIALES (12 Meses ),,,1,20
1,2024-04-14 10:34:56,AUXILIAR DE AYUDA A DOMICILIO - MEDIA JORNADA,Zumarraga,Gipuzkoa,"TAREAS: Aseo personal, higiene de las personas encamadas, ayuda o apoyo a la movilidad, acompañamiento, tareas de limpieza y apoyo en el hogar. REQUISITOS OBLIGATORIOS: Formación requerida: CFGM Cuidados Aux. Enfermería Técnico de atención sociosanitario en instituciones o/a domicilio, Certificado de profesionalidad Habilitación excepcional en la categoría profesional de Asistente Personal/Auxiliares de Ayuda a Domicilio. REQUISITOS A VALORAR: Residencia en Zumarraga. SE OFRECE: contrato a media jornada en horario de 9:00 h. a 13:00 h.",11/03/2024,162024002956,LABORAL TEMPORAL,,ASISTENTES DOMICILIARIOS,,,,,Conocimientos FORMACIÓN REGLADA - CERTIFICADOS DE PROFESIONALIDAD Se debe estar en posesión de alguno de los siguientes títulos o certificados: Certificado profesionalidad SSCS0108 - ATENCIÓN SOCIOSANITARIA A PERSONAS EN EL DOMICILIO Certificado profesionalidad SSCS0208 - ATENCIÓN SOCIOSANITARIA A PERSONAS DEPENDIENTES EN INSTITUCIONES SOCIALES TÉCNICO cuidados auxiliares de enfermería,,,1,33
1,2024-04-14 10:34:56,ANALISTA PROGRAMADOR JAVA-LIFERAY,Vitoria-Gasteiz,Araba/Álava,Analista prgramador Java-Liferay con conocimientos de: · Desarrollo Java sobre UDA y/o experiencia en EJIE y Liferay   REQUISITOS IMPRESCINDIBLES: · Experiencia entre 4 y 8 años en Java y Liferay · Certificado de discapacidad para el cumplimiento de cuota de reserva en la empresa,11/03/2024,162024002947,LABORAL INDEFINIDO,Discapacitados/as,ANALISTAS-PROGRAMADORES,,,,,Experiencia mínima: 4 años,4 años,,1,0
1,2024-04-14 10:34:56,FISIOTERAPEUTA,Bilbao,Bizkaia,Se necesita fisioterapeuta para trabajar en centro de fisioterapia y rehabilitación. Requisito imprescindible : Experiencia de 6 meses como fisioterapeuta. Se ofrece contrato indefinido y jornada a convenir con el trabajador /a.,08/03/2024,162024002881,LABORAL INDEFINIDO,,"FISIOTERAPEUTAS, EN GENERAL",,,,,Experiencia mínima: 6 meses,6 meses,,2,5
1,2024-04-14 10:34:56,DESARROLLADOR/A J2EE/JAVA,Donostia/San Sebastián,Gipuzkoa,"SE PRECISA: Desarrollador/A J2EE/Java FUNCIONES: Desarrollo J2EE/Java. Complementario Spring framework, Spring boot, Maven, Eclipse, GIT, SVN, BBDD relacionales tales como DB2, Jenkins, Liferay. REQUISITOS IMPRESCINDIBLES: Ingeniería Informática o equivalente. Experiencia mínima como desarrollador/a de J2EE/JAVA de 2 años. Persona con discapacidad. SE OFRECE: Contrato indefinido.",08/03/2024,162024002880,LABORAL INDEFINIDO,Discapacitados/as,INGENIEROS INFORMÁTICOS,,,DESEMPLEADO-A,,Experiencia mínima: 2 años,2 años,,1,1
1,2024-04-14 10:34:56,ROBOT DE SOLDADURA,Zegama,Gipuzkoa,"SOLDADURA (OFICIAL DE 2ª). ALIMENTAR Y EVACUAR ROBOT AUTOMATIZADO DE SOLDADURA. REQUISITOS IMPRESCINDIBLES CICLO FORMATIVO DE GRADO SUPERIOR DE CONSTRUCCIONES METALICAS O CICLO FORMATIVO DE GRADO MEDIO DE SOLDADURA, SOLDADURA MANUAL, SOLDADURA ROBOTIZADA, MANEJO DE PUENTE GRUA Y CARRETILLA, INTERPRETACIÓN DE PLANOS. SE OFRECE CONTRATO TEMPORAL A JORNADA COMPELTA A TRES TURNOS, INCORPORACIÓN INMEDIATA.",08/03/2024,162024001098,LABORAL TEMPORAL,,"OPERADORES DE ROBOTS INDUSTRIALES, EN GENERAL",,,DESEMPLEADO-A,,"Conocimientos FORMACIÓN REGLADA - CERTIFICADOS DE PROFESIONALIDAD Se debe estar en posesión de alguno de los siguientes títulos o certificados: Técnico Superior, enseñanzas de grado superior de FP Técnico, enseñanzas de grado medio de FP",,,1,13
1,2024-04-14 10:34:56,TERAPEUTAS OCUPACIONALES,Zigoitia,Araba/Álava,* Descripción del puesto: Terapia ocupacional con personas mayores.  * Requisitos imprescindibles: -Diplomatura o Grado en Terapia Ocupacional. -Experiencia mínima: 12 meses.  * Requisitos a valorar: Flexibilidad horaria.  * Tipo de contrato: Indefinido.  * Tipo de jornada y Horario: 3:00 HS Semanales Flexibles.  * Salario Mensual Bruto Aproximado en euros: Convenio.,07/03/2024,162023009135,LABORAL INDEFINIDO,,TERAPEUTAS OCUPACIONALES,,,,,Experiencia mínima: 1 año,1 año,,1,3
1,2024-04-14 10:34:56,2 VIGILANTES DE SEGURIDAD (UNO A JORNADA COMPLETA Y OTRO PARCIAL),Oiartzun,Gipuzkoa,"Ejercer la vigilancia y protección de bienes, establecimientos, lugares y eventos privados, así como la protección de las personas encontradas en los mismos, llevando a cabo las comprobaciones, registros y prevenciones para el cumplimiento de su misión. Imprescindible TIP habilitación vigilante de seguridad. Contrato indefinido. A jornada completa: salario: 1353+ 250 euros. Jornada parcial: salario según convenio + pluses.",06/03/2024,162024002823,LABORAL INDEFINIDO,,VIGILANTES DE SEGURIDAD,,,,,Conocimientos OTROS CONOCIMIENTOS Carnet: VIGILANTE DE SEGURIDAD (TIP),,,2,5
1,2024-04-14 10:34:56,AUXILIAR ADMINISTRATIVO/A,Lanciego/Lantziego,Araba/Álava,"SE OFRECE: Puesto de Auxiliar Administrativo a jornada completa y contrato de un año. SUELDO: 1855 E brutos mensuales. FUNCIONES: Apoyo a la secretaría, atención al público en trámites de administración electrónica. Depuración del padrón de habitantes, expedientes de gestión tributaria y administrativos, páginas web y tramitaciones electrónicas. IMPRESCINDIBLE: Ser mayor de 16 y menor de 30 años, ser persona desempleada e inscrita y de alta como demandante de empleo en LANBIDE, estar inscrita en el fichero del Sistema de Garantía Juvenil, con formación de Graduado en ESO, Formación Profesional Básica o Certificado de Profesionalidad, sin superar este nivel formativo y no haber sido contratadas para acciones locales de promoción de empleo en el ejercicio 2023 por la misma entidad o en convocatoria de ayudas para la contratación de personas jóvenes en entidades locales en el marco del Programa FSE Plus del País Vasco 2021-2027 para el ejercicio 2023. VALORABLE: Formación y conocimiento en habilidades digitales.",06/03/2024,162024002816,LABORAL TEMPORAL,,"EMPLEADOS ADMINISTRATIVOS COMERCIALES, EN GENERAL",Duración: 12 meses,Hasta 29 años,DESEMPLEADO-A,,NIVELES FORMATIVOS REQUERIDOS Desde Primera etapa de educación secundaria con título de graduado escolar o equivalente. Hasta Programas para la formación e inserción laboral que precisan de una titulación de estudios secundarios de primera etapa para su realización (más de 300 horas),,,1,3
1,2024-04-14 10:34:56,ESTETICISTA,Tolosa,Gipuzkoa,"Persona a la que le guste el oficio, con ganas de aprender y avanzar. REQUISITOS IMPRESCINDIBLES: experiencia (mínimo 3 meses) y euskera. HORARIO: mañanas y tardes (de 14:00 a 17:00Horas). 40 horas semanales.",06/03/2024,162024002800,LABORAL TEMPORAL,,ESTETICISTAS,Nº de puestos: 1,,,,Experiencia mínima: 3 meses,3 meses,,1,1
1,2024-04-14 10:34:56,FORMADOR/A ÁREA EDIFICACIÓN Y OBRA CIVIL,Etxebarri,Bizkaia,Formador/a en el área de edificación y obra civil concretamente en formaciones de pintura industrial y decorativa en construcción.  Requisitos imprescindibles: Certificado de Profesionalidad de Formador Ocupacional o formación equivalente. Técnico y Técnico Superior de la familia profesional de Edificación y Obra Civil. Certificados de Profesionalidad de nivel 2 y 3 de las áreas profesionales de Edificación y Obra Civil.  Requisitos a valorar: Experiencia docente contrastada de al menos 600 horas.,06/03/2024,162024002792,LABORAL TEMPORAL,,FORMADORES DE FORMACIÓN OCUPACIONAL NO REGLADA,,,,,"NIVELES FORMATIVOS REQUERIDOS Desde Enseñanzas de grado superior de formación profesional específica y equivalentes, artes plásticas y diseño, y deportivas. Hasta Doctorado universitario",,,3,0
1,2024-04-14 10:34:56,FISIOTERAPEUTA,Errenteria,Gipuzkoa,Centro de fisioterapia de Errenteria precisa fisioterapeuta para atender pacientes privados. Imprescindible: Titulación de grado y capacidad para hablar en euskera. Valorable: experiencia en consulta privada y formación complementaria relacionada. Se ofrece: contrato mercantil a media jornada (ampliable). Fecha prevista de incorporación abril-mayo preferiblemente.,06/03/2024,162024002788,MERCANTIL,,"FISIOTERAPEUTAS, EN GENERAL",,,,,Conocimientos FORMACIÓN REGLADA - CERTIFICADOS DE PROFESIONALIDAD Se debe estar en posesión de alguno de los siguientes títulos o certificados: GRADO en Fisioterapia DIPLOMATURA en fisioterapia,,,1,0
1,2024-04-14 10:34:56,OFICIAL DE PELUQUERÍA,Vitoria-Gasteiz,Araba/Álava,"Funciones de oficial de peluquería: Conocimientos de color, mechas, corte, permanentes, recogidos. Atención al cliente y administrar citas.  IMPRESCINDIBLE Experiencia mínima de 12 meses en peluquería. Conocimientos de color, mechas, corte, permanentes, recogidos.  VALORABLE Conocimientos de maquillaje y depilación de cejas.  CONTRATO indefinido.  JORNADA Completa. Horario continuo de mañana.  INCORPORACIÓN Inmediata.",05/03/2024,162024002751,LABORAL INDEFINIDO,,PELUQUEROS UNISEX,,,,,Experiencia mínima: 1 año,1 año,,1,2
1,2024-04-14 10:34:56,MASAJISTA/OSTEOPATA/FISIOTERAPEUTA,Berriatua,Bizkaia,"Hacer la terapia que corresponda al paciente según lo que le diga la gerente o incluso lo que el/la terapeuta considere. Requisitos imprescindibles: conocimiento de masaje, fisio, osteopatia, craneosacral. Requisitos a valorar: que sea de la zona. Contrato indefinido. 9-13/15-20 martes-miercoles-jueves.",05/03/2024,162024002736,LABORAL INDEFINIDO,,MASAJISTAS DEPORTIVOS,,,,,,,,1,6
1,2024-04-14 10:34:56,GESTOR/A COMERCIAL-ADMINISTRATIVO/A EN EMPRESA ASEGURADORA,Vitoria-Gasteiz,Araba/Álava,"Se busca persona responsable y resolutiva para puesto de administrativo/a comercial. Atención al cliente, tramitación de siniestros, realización de llamadas, gestión de recibos, oferta y asesoramiento de seguros, mantenimiento de cartera.  IMPRESCINDIBLE Experiencia en el sector comercial Ciclo Formativo Grado Superior rama administrativa. Conocimientos en el manejo de las herramientas informáticas y de la tecnología.  VALORABLE Conocimiento en el sector bancario o asegurador.  CONTRATO Indefinido.  JORNADA Completa.  INCORPORACIÓN Inmediata.",05/03/2024,162024002721,LABORAL INDEFINIDO,,EMPLEADOS ADMINISTRATIVOS DE SEGUROS,,,,,Experiencia mínima: 3 meses,3 meses,,1,19
1,2024-04-14 10:34:56,CALDEREROS/AS (OFICIAL DE 1ª),Amurrio,Araba/Álava,"Requisitos imprescindibles. Formación y/o experiencia en:  -Conformado de las distintas materias primas atendiendo a los requisitos y tolerancias establecidas en los códigos de diseño ASME Vlll División 1, en 13445 y/o TEMA C.  -Interpretación de planos constructivos, realización de la trazabilidad de los materiales a emplear en la construcción de equipos industriales con una presión de diseño superior o igual a 1,5 barg.  -Soldadura SMAW tanto de materiales austeníticos, aceros al carbono, así como aleaciones mediante el uso de electrodos E70181. E3081-16. E199LR12, E424832H5.  -Utilización de los distintos equipos de control necesarios para la verificación de las fabricaciones, así como para la interpretación de los resultados obtenidos.  -Realización de cálculos para el trazado y desarrollo de las distintas materias primas. A su vez, ser capaz de desarrollar técnicas de corte, conformado y mecanizado.",05/03/2024,162024002711,LABORAL INDEFINIDO,,CALDEREROS INDUSTRIALES,,,,,Experiencia mínima: 5 años,5 años,,6,5
1,2024-04-14 10:34:56,ESTETICISTA,Vitoria-Gasteiz,Araba/Álava,"Esteticista con experiencia en el sector para realizar tratamientos faciales, tratamientos drenantes corporales y otros servicios estéticos.  IMPRESCINDIBLE Ciclo Formativo de Grado Superior en Estética Integral. Experiencia como esteticista.  CONTRATO Indefinido  JORNADA Inicialmente jornada parcial de 12 horas semanales. Después Jornada completa.  SALARIO 1.134 euros brutos mensuales X 14 pagas (jornada completa).  INCORPORACIÓN Inmediata.",05/03/2024,162024002710,LABORAL INDEFINIDO,,ESTETICISTAS,,,,,Experiencia mínima: 6 meses,6 meses,,1,1
1,2024-04-14 10:34:56,EXPORT MÁNAGER ÁREA- MERCADO FRANCÉS,Abadiño,Bizkaia,"PUESTO DE CLARO PERFIL COMERCIAL: DESARROLLO Y MANTENIMIENTO DE LA CARTERA DE CLIENTES. REQUISITOS IMPRESCINDIBLES: TITULACIÓN DE LICENCIATURA,DIPLOMATURA, GRADO, TCO SUP. O MEDIO EN FORMACIÓN PROFESIONAL EN MATERIAS RELACIONADAS CON LOGÍSITCA INTERNACIONAL, COMERCIO EXTERIOR, MÁRKETING. DOMINIO DE IDIOMA FRANCÉS, DISPONIBILIDAD PARA VIAJAR, EXPERIENCIA MÍNIMA DE 2 AÑOS EN EL SECTOR INDUSTRIAL FRANCÉS, CLARO PERFIL COMERCIAL. SE OFRECE CONTRATO INDEFINIDO",05/03/2024,162023006512,LABORAL INDEFINIDO,,TÉCNICOS EN COMERCIO EXTERIOR,,Entre 18 y 65 años,,,Experiencia mínima: 2 años,2 años,,1,4
1,2024-04-14 10:34:56,CHAPISTA VEHÍCULOS,Amorebieta-Etxano,Bizkaia,Funciones: Chapista de Vehílcuos  Requisitos imprescindibles: Grado Medio de Carrocería o Certificado de Profesionalidad de Mantenimiento de Estructuras de Carrocerías de Vehículos. Experiencia máxima de 6 meses en empleos relacionados con la titulación.  Tipo de contrato: Indefinido  Se priorizarán a las personas inscritas en el Sistema de Garantía Juvenil  Contrato realizado al amparo de la convocatoria Lehen Aukera 2024,04/03/2024,162024002691,LABORAL INDEFINIDO,,CHAPISTAS-PINTORES DE VEHÍCULOS,,Hasta 29 años,DESEMPLEADO-A,,Conocimientos FORMACIÓN REGLADA - CERTIFICADOS DE PROFESIONALIDAD Se debe estar en posesión de alguno de los siguientes títulos o certificados: Certificado profesionalidad TMVL0309 - MANTENIMIENTO DE ESTRUCTURAS DE CARROCERÍAS DE VEHÍCULOS TÉCNICO carrocería,,,1,1
1,2024-04-14 10:34:56,MARMITON/A,Oiartzun,Gipuzkoa,"Se precisa marmitón/a para restaurante ubicado en Oiartzun. Para el servicio de comedor del mediodía. Limpieza en tren de lavado, limpieza manual de vajilla de alta gama, cubertería, utensilios de cocina, desinfección y limpieza de cocina industrial. Imprescindible experiencia mínima de 2 años en el puesto, actitud y capacidad de trabajo en equipo, buen ritmo de trabajo, organización, limpieza y meticulosidad, persona cuidadosa. Contrato a media jornada. Incorporación inmediata",04/03/2024,162024002689,LABORAL INDEFINIDO,,MARMITONES,,,,,Experiencia mínima: 2 años,2 años,,1,9
1,2024-04-14 10:34:56,CAMARERA/O,Oiartzun,Gipuzkoa,"Restaurante de Oiartzun precisa camarero/a para servicios extras o para trabajar a media jornada. Servicio de carta o menú de mediodía. Servicio de lunes a domingo con martes festivo. Imprescindible persona con experiencia en el puesto, con disponibilidad, dinámica, buena actitud, trato muy cuidado al cliente y buena capacidad de trabajo en equipo. Se ofrece salario según convenio. Imprescindible incorporación inmediata",04/03/2024,162024002687,LABORAL TEMPORAL,,"CAMAREROS, EN GENERAL",,,,,Experiencia mínima: 2 años,2 años,,1,8
1,2024-04-14 10:34:56,PINTOR/A DE VEHÍCULOS,Amorebieta-Etxano,Bizkaia,"Funciones: Pintura de vehículos  Requisitos imprescindibles: Grado Medio de Carrocería o cualquiera de los siguientes Certificados de Profesionalidad Embellecimiento y Decoración de Superficies de Vehículos, Mantenimiento de Estructuras de Carrocerías de Vehículos o Pintura de Vehículos. Experiencia máxima de 6 meses en empleos relacionados con la titulación.  Tipo de contrato: Indefinido  Se priorizarán a las personas inscritas en el Sistema de Garantía Juvenil  Contrato realizado al amparo de la convocatoria Lehen Aukera 2024",04/03/2024,162024002685,LABORAL INDEFINIDO,,"PINTORES DE VEHÍCULOS, EN GENERAL",,Hasta 29 años,DESEMPLEADO-A,,Conocimientos FORMACIÓN REGLADA - CERTIFICADOS DE PROFESIONALIDAD Se debe estar en posesión de alguno de los siguientes títulos o certificados: Certificado profesionalidad TMVL0309 - MANTENIMIENTO DE ESTRUCTURAS DE CARROCERÍAS DE VEHÍCULOS Certificado profesionalidad TMVL0409 - EMBELLECIMIENTO Y DECORACIÓN DE SUPERFICIES DE VEHÍCULOS Certificado profesionalidad TMVL0509 - PINTURA DE VEHÍCULOS TÉCNICO carrocería,,,1,1
1,2024-04-14 10:34:56,PROGRAMADOR/A INFORMÁTICO/A EN ENTORNO INDUSTRIAL,Vitoria-Gasteiz,Araba/Álava,"Se busca una persona para el puesto de programador informático. Es deseable que tenga conocimientos de Visual Studio.net, programación C/C++, Linux y Bases de datos SQL. Se ofrece contrato a jornada completa con horario flexible y posibilidad de desarrollo profesional para incorporación a un equipo altamente cualificado para trabajar en las instalaciones de la empresa en Vitoria (edificio Azucarera). Incorporación prevista para abril 2024.",04/03/2024,162024002682,LABORAL INDEFINIDO,,PROGRAMADORES DE APLICACIONES INFORMÁTICAS,,,,,Experiencia mínima: 1 mes,1 mes,,1,22
1,2024-04-14 10:34:56,"INSTALADOR/A, MANTENEDOR/A FONTANERIA Y CALEFACCION",Zumaia,Gipuzkoa,"Se necesita una persona con experiencia demostrable en mantenimiento de fontanería y calefacción. Requisitos imprescindibles: experiencia mínima de 2 años y formación: nivel básico en prevención en la construcción (60 o 50 horas) y por oficios, especialidad fontanería (6 o 20 horas). Se valoran conocimientos de energía renovable, suelo radiante, climatización, soldadura d distintos materiales. Se ofrece jornada continua de lunes a viernes de 08:00 a 16:15 horas con contratación indefinida. Salario bruto mensual: 1.500,00 euros Incorporación inmediata.",04/03/2024,162023013182,LABORAL INDEFINIDO,,FONTANEROS,,,,,Experiencia mínima: 2 años,2 años,,1,6
1,2024-04-14 10:34:56,OPERARIO TALLER,Zaldibia,Gipuzkoa,"Se necesita operario de taller, se ofrece contrato laboral indefinido con jornada partida.  DESCRIPCIÓN DEL PUESTO DE TRABAJO:  Reparación de bombas agua:  Mecánica (Reparación parte hidráulica y fabricación de piezas a medida)  Eléctrica y mecánica (Reparación de motores y bobinados, tanto de motores eléctricos de superficie como sumergibles) Compras y organización del almacén:  Desarrollo y crecimiento almacén y productos para stock. Accionamiento de los equipos de bombeo en banco de pruebas propio para comprobación de equipos.  REQUISITOS IMPRESCINDIBLES:  Tener disposición para aprender y trabajar en equipo.",01/03/2024,162024002611,LABORAL INDEFINIDO,,OPERADORES DE SISTEMAS DE DISTRIBUCIÓN DE AGUA,,,,,,,,2,42
1,2024-04-14 10:34:56,CAMARERO/A,Amurrio,Araba/Álava,Se necesitan dos camareros/as con experiencia en barra para trabajar en el municipio de Amurrio.  Sus funciones serán las siguientes:  -Atención y servicio en barra. -Servicio de mesas.  Fecha prevista de incorporación: Inmediata.  Se Ofrece:  -Jornada: 40 horas semanales. -Contrato indefinido.  Requisitos imprescindibles:  -Experiencia en barra.  Requisitos a valorar:  -Servicio de mesas.,01/03/2024,162024000798,LABORAL INDEFINIDO,,"CAMAREROS, EN GENERAL",,,,,Experiencia mínima: 3 meses,3 meses,,2,33
1,2024-04-14 10:34:56,PERSONAL TECNICO EN AUTOMATIZACIÓN INDUSTRIAL Y ROBOTICA,Azpeitia,Gipuzkoa,"Para incorporase a nuestro departamento de Ingeniería Eléctrica y programación, se busca un ingeniero o personal técnico que se responsabilice del desarrollo eléctrico y programación dela instalación.Igualmente, realizará la instalación y seguimiento de la instalación una vez montada. REQUISITO IMPRESCINDIBLES: Ingeniería técnica rama eléctrica, electrónica o automatización y/o robótica industrial.Conocimientos de programación de PLC( Siemens y Omron). Disponibilildad para viajar a nivel internacional. Dominio del Inglés y permiso de Conducir B y coche propio. REQUISITOS A VALORAR: Residir en la zona o alrededores.",29/02/2024,162024000298,LABORAL TEMPORAL,,INSTALADORES-AJUSTADORES-REPARADORES DE AUTOMATISMOS,Nº de puestos: 1,Hasta 29 años,DESEMPLEADO-A,,"Conocimientos FORMACIÓN REGLADA - CERTIFICADOS DE PROFESIONALIDAD Se debe estar en posesión de alguno de los siguientes títulos o certificados: Técnico Superior, enseñanzas de grado superior de FP Diplomaturas oficiales ENSEÑANZAS UNIVERSITARIAS DE GRADO OTROS CONOCIMIENTOS MICROSOFT OFFICE",,,1,7
1,2024-04-14 10:34:56,MECÁNICO/A REPARADOR MAQUINARIA INDUSTRIAL,Abadiño,Bizkaia,"Se ofrece un puesto de trabajo polivalente para una persona con titulación en áreas mecánica y/o electricidad adscrito al área de Servicio Técnico y mantenimiento. -Tareas como Servicio Técnico y Mantenimiento: Instalación y puesta en marcha de equipos industriales, productos y servicios, resolución de incidencias y averías, mantenimiento preventivo, correctivo y predictivo.  Tareas como apoyo en el Área de logística: Recepción, ordenación y acondicionamiento, movimiento y expedición de todo tipo de material. Requisitos imprescindibles: titulación de grado medio o superior: electromecánica, electricidad, robótica, automoción), experiencia de al menos 1 año en las tareas",29/02/2024,162023013727,LABORAL TEMPORAL,,"MECÁNICOS REPARADORES DE MAQUINARIA INDUSTRIAL, EN GENERAL",,,,,Experiencia mínima: 1 año,1 año,,1,6
1,2024-04-14 10:34:56,MONTADOR/A MECANICO/A,Arrasate/Mondragon,Gipuzkoa,"Se precisa técnico/a en montaje mecánico. Tareas a desarrollar ajustador mecánicos, trabajo bajo plano. Imprescindible experiencia preferiblemente 1 año y conocimientos de interpretación de planos",28/02/2024,162024002493,LABORAL INDEFINIDO,,"MONTADORES ELECTROMECÁNICOS, EN GENERAL",Nº de puestos: 2,,,,Experiencia mínima: 6 meses,6 meses,,2,19
1,2024-04-14 10:34:56,TRABAJADOR/A DE CAMPO O PEON/A AGRARIO,Moreda De Álava/Moreda Araba,Araba/Álava,"Las personas seleccionadas realizarán trabajos agrarios en el Viñedo (espergura/desniete, vendimia y poda) en el Peral (aclareo y recolección) y en el Olivar (poda y recolección). También algunas labores de jardinería y al interior de las bodegas. Se dará formación a las personas contratadas para que puedan realizar adecuadamente estas labores. Se ofrece contrato de trabajo de 1 año a jornada completa (el contrato es ampliable hasta 3 años). Horario aproximado de 8:30 am a 5pm. Salario aproximado bruto mensual de 1300 euros. Incorporación aproximada: 08/01/2024. Tanto hombres como mujeres son bienvenidas a enviarnos su currículum para el puesto. Requisitos imprescindibles: Estar inscrita como persona desempleada en LANBIDE y tener firmado un convenio de inclusión activa.",28/02/2024,162023014921,LABORAL TEMPORAL,,"PEONES AGRÍCOLAS, EN GENERAL",,,DESEMPLEADO-A,,Experiencia mínima: 2 meses,2 meses,,2,35
1,2024-04-14 10:34:56,ENFERMERO/ENFERMERA - ADMINISTRACIÓN PÚBLICA,Bergara,Gipuzkoa,"Se responsabilizará, siguiendo las instrucciones del coordinador de la unidad sanitaria, de la vigilancia de la salud de los residentes y de garantizar los servicios que ofrece la residencia. Realizar cuidados y consultas de enfermería (curas, control de constantes vitales, supervisión de la salud de los residentes, etc.) Realizar cualesquiera otras tareas que sean necesarias para la consecución de los objetivos definidos y que así se le requieran, de acuerdo con la clasificación de su puesto de trabajo. IMPRESCINDIBLE: Grado en Enfermería. SE VALORARÁ: Euskera C1. Experiencia laboral y formación en la residencia de mayores. SE OFRECE: Contrato tipo 410. Fines de semana. Sábados y domingos por la tarde. Calendario adaptado. Para empezar a partir de enero de 2023. 2.767,90 ¿ salario/Parte proporcional.",28/02/2024,162022014912,LABORAL TEMPORAL,,ENFERMEROS DE CUIDADOS GENERALES,,,,,Conocimientos FORMACIÓN REGLADA - CERTIFICADOS DE PROFESIONALIDAD Se debe estar en posesión de alguno de los siguientes títulos o certificados: GRADO en Enfermería,,,1,10
1,2024-04-14 10:34:56,ALBAÑIL/ AZULEJISTA,Irun,Gipuzkoa,"Buscamos persona responsable que pueda realizar tareas de albañilería en general y que además, tenga experiencia en poner azulejo. Imprescindible tener 3 años de experiencia en la ocupación y estar en posesión del permiso de conducir B1. Se valorará residir en Irun o cercanías, tener conocimientos de Euskera y ser polivalente en trabajos de albañilería, pladur y lucido.",27/02/2024,162024002483,LABORAL INDEFINIDO,,ALBAÑILES,,,,"B-AUTOMOVIL <= 3.500 KG, ASIENTOS <=9, CON REMOLQUE <= 750 KG, Y TRICICLOS Y CUATRICICLOS DE MOTOR",Experiencia mínima: 3 años,3 años,,2,15
1,2024-04-14 10:34:56,PINTOR/A PARA COLOCACION DE PLADUR,Irun,Gipuzkoa,"Se busca persona con experiencia demostrable mínima de 3 años en la colocación de pladur para falsos techos, lucido de paredes, cajeados, trasdosados y aplicación de pintura. Persona seria y responsable. Incorporación: Inmediata. Jornada partida.",27/02/2024,162024002482,LABORAL INDEFINIDO,,PINTORES Y/O EMPAPELADORES,,,,,Experiencia mínima: 3 años,3 años,,2,18
1,2024-04-14 10:34:56,PERSONAL TECNICO EN FARMACIA,Salvatierra/Agurain,Araba/Álava,"Técnico/a en farmacia para trabajar en farmacia. Funciones: Tareas correspondientes a su titulación (recepción, colocación de pedidos, dispensación, ayudar al farmacéutico) Imprescindible: título de técnico en farmacia. Valorable: buena actitud, empatía, ganas de aprender. Tipo de contrato: indefinido Jornada de 8 horas, partida y sábados mañana. Fecha de incorporación: septiembre Salario bruto según convenio.",27/02/2024,162024002467,LABORAL INDEFINIDO,,AUXILIARES DE FARMACIA,,,,,Conocimientos FORMACIÓN REGLADA - CERTIFICADOS DE PROFESIONALIDAD Se debe estar en posesión de alguno de los siguientes títulos o certificados: TÉCNICO en Farmacia y Parafarmacia,,,1,7
1,2024-04-14 10:34:56,ESTETICISTA,Donostia/San Sebastián,Gipuzkoa,"Atención al cliente, realización de manicura y pedicura. REQUISITOS IMPRESCINDIBLE: Formación en esteticista, conocer la marca Germaine de Capuccini y disponibilidad de horario comercial. REQUISITOS VALORABLES: Experiencia en el sector y puesto, conocimientos de Euskera. TURNO Y JORNADA: de Lunes a sábado en turnos de mañana y de tarde en horario comercial.SE OFRECE: Contrato temporal a 30 horas a la semana por 3 meses con posibilidad de ampliación de jornada. Retribución económica de 1000¿ netos/mes x 12 mensualidades.",27/02/2024,162024002461,LABORAL TEMPORAL,,ESTETICISTAS,,,,,Conocimientos FORMACIÓN REGLADA - CERTIFICADOS DE PROFESIONALIDAD Se debe estar en posesión de alguno de los siguientes títulos o certificados: TÍTULO PROFESIONAL BÁSICO en Peluquería y Estética,,,1,3
1,2024-04-14 10:34:56,OPERARIO/A MONTAJE MECÁNICO,Ribera Baja/Erribera Beitia,Araba/Álava,"Tienes grado medio o superior?  Posées en mecánica y/o montaje de estructuras?  Te interesa trabajar en una de las empresas mas importantes de la zona?  Buscamos operarios de montaje con uso de herramientas manuales y eléctricas e interpretación de planos Te encargarás de la preparación y montaje de distintos elementos que conforman la estructura final del tren. Contrato inicial de 6 meses renovable hasta los 18 meses Salario 26800 brutos anuales  · REQUISITOS IMPRESCINDIBLES:  Imprescindible formación en grado medio o superior (no válido FPI, se requerirá titulo en entrevista)  Experiencia en uso de herramientas e interpretación de planos  · REQUISITOS A VALORAR:  Valorable carretilla  Se valorara certificado de profesionalidad.",27/02/2024,162024002453,LABORAL TEMPORAL,,"OPERADORES DE CADENAS AUTOMATIZADAS DE MONTAJE, EN GENERAL",,,,,Experiencia mínima: 1 año,1 año,,17,10
1,2024-04-14 10:34:56,COCINERO/A,Oiartzun,Gipuzkoa,"Cocinero/a para establecimiento de Oiartzun: Elaboración de todo tipo de platos incluidos en menús y carta, gestión de la partida, organización del puesto de trabajo, control de stock, elaboración de pedidos de producto, coordinación con el equipo de trabajo. Imprescindible: experiencia mínima de tres años, persona organizada, responsable, ordenada, limpia, buena actitud, capacidad de autogestionarse, capacidad de trabajar en eqeuipo, persona dinámica. Contrato indefinido. Horario de lunes a domingo de 10:00 a 17:00 ( martes fiesta )",27/02/2024,162024002445,LABORAL INDEFINIDO,,"COCINEROS, EN GENERAL",,,,,Experiencia mínima: 2 años,2 años,,1,7
1,2024-04-14 10:34:56,TÉCNICO INSTALADOR DE SISTEMAS DE SEGURIDAD PRIVADA.,Eibar,Gipuzkoa,"Instalación y mantenimiento de sistemas de seguridad privada. Alarmas contra intrusión, alarmas de incendio, controles de acceso, circuito cerrado de televisión, etc. IMPRESCINDIBLE: Carnet de conducir B1. Se valora cursos de prevención de riesgos, experiencia en el sector, conocimientos básicos de redes. Incorporación inmediata.",23/02/2024,162024002323,LABORAL INDEFINIDO,,ELECTRÓNICOS DE MANTENIMIENTO Y REPARACIÓN DE SISTEMAS DE SEGURIDAD,,,,"B-AUTOMOVIL <= 3.500 KG, ASIENTOS <=9, CON REMOLQUE <= 750 KG, Y TRICICLOS Y CUATRICICLOS DE MOTOR",,,,1,14
1,2024-04-14 10:34:56,OPERADOR DE ALMACEN,Irura,Gipuzkoa,"Controlar las piezas de entrada/salida en un almacén corespondientes a cada cliente. REQUISITOS: -Conocimiento de informática VALORABLE: -Experiencia CONTRATO: 6 meses prueba, ampliable SUELDO: 1.600¿ INCORPORACIÖN: Inmediata",23/02/2024,162024002322,LABORAL TEMPORAL,,ALMACENEROS DE EMPRESAS DE TRANSPORTES,,,,,,,,2,4
1,2024-04-14 10:34:56,"CONDUCTORES/AS DE TRANSPORTE DE MERCANCÍAS MECANIZADAS, CON PERMISO C Y E",Irura,Gipuzkoa,Conducir camiones de transporte con permiso de conducción C y E. REQUISITOS OBLOGATORIOS: -permiso de conducir C VALORABLE: -Expereiencia en el mundo mecanizado SALARIO MENSUAL: 1.600¿ INCORPORACIÖN INMEDIATA DURACIÖN CONTRATO: 6 meses ampliable,23/02/2024,162024002317,LABORAL TEMPORAL,,"CONDUCTORES DE CAMIÓN, EN GENERAL",Nº de puestos: 1,,,"C - AUTOMÓVIL MASA MÁXIMA AUTORIZADA > 3.500 KG, ASIENTOS <=9",,,,1,17
1,2024-04-14 10:34:56,OPERARIO/A DE LIMPIEZA,Vitoria-Gasteiz,Araba/Álava,"Se precisa personal con discapacidad reconocida igual o superior al 33%, inscrito como desempleado para tareas de limpieza de lunes a sábado, (alternos). Se requiere autonomía para realizar las tareas. Imprescindible carnet B1 y vehículo propio. Se ofrece contrato a media jornada.",22/02/2024,162024002299,LABORAL TEMPORAL,Discapacitados/as,PERSONAL DE LIMPIEZA O LIMPIADORES EN GENERAL,,,DESEMPLEADO-A,,,,,1,17
1,2024-04-14 10:34:56,PERSONAL PARA LIMPIEZA CON CERTIFICADO DISCAPACIDAD,Lagran,Araba/Álava,Se precisa personal para labores de limpieza con certificado de discapacidad. IMPRESCINDIBLES:  Medio de transporte  Certificado de discapacidad SE OFRECE: -Contrato temporal con posibilidad de paso a indefinido  Jornada de tarde  Salario según convenio,22/02/2024,162024002267,LABORAL TEMPORAL,Discapacitados/as,PERSONAL DE LIMPIEZA O LIMPIADORES EN GENERAL,,,,,,,,1,8
1,2024-04-14 10:34:56,GESTOR/A DE PROYECTOS,Derio,Bizkaia,Queremos incorporar un/a Gestor/a de Proyectos de Gestión de Flexibilidad en Redes Eléctricas Inteligentes y Sistemas Energéticos Integrados Imprescindible certificado de discapacidad igual o superior al 33%,21/02/2024,162024002225,LABORAL INDEFINIDO,Discapacitados/as,INGENIEROS DE PROYECTOS,,,,,,,,1,2
1,2024-04-14 10:34:56,INVESTIGADOR/A EN OPTIMIZACIÓN ENERGÉTICA Y DESCARBONIZACIÓN EN EDIFICACIÓN,Derio,Bizkaia,"Persona experimentada, capacitada y altamente motivada en la investigación aplicada al campo de la energía en edificación, donde desarrollamos soluciones de diagnóstico, predicción y control energético mediante tecnologías digitales para la optimización coste-beneficio de los sistemas pasivos, activos y de gestión inteligente de los edificios. Estas soluciones tienen el objetivo de reducir el impacto en las fases de operación y mantenimiento para una mayor eficiencia energética y sostenibilidad del sector de la construcción. Imprescindible Grado de discapacidad igual o superior al 33%",21/02/2024,162024002218,LABORAL INDEFINIDO,Discapacitados/as,INGENIEROS TÉCNICO EN QUÍMICA,,,,,,,,1,5
1,2024-04-14 10:34:56,LIMPIADORA O LIMPIADOR CON CERTIFICADO DE DISCAPACIDAD,Bernedo,Araba/Álava,"Se precisa personal de limpieza con Certificado de Discapacidad para plaza vacante. IMPRESCINDIBLES:  Certificado de Discapacidad  Residencia en Bernedo o cercanías SE OFRECE  Contrato temporal con jornada de tarde, con posibilidad de paso a indefinido  Salario según convenio",21/02/2024,162024002189,LABORAL TEMPORAL,Discapacitados/as,PERSONAL DE LIMPIEZA O LIMPIADORES EN GENERAL,,,,,,,,1,4
1,2024-04-14 10:34:56,OPERARIO/A (DISCAPACIDAD MÍNIMA 33%),Vitoria-Gasteiz,Araba/Álava,"Montajes y premontajes manufacturados, mecanizado, embalajes, selecciones varias",21/02/2024,162024000127,LABORAL INDEFINIDO,Discapacitados/as,"PEONES DE LA INDUSTRIA MANUFACTURERA, EN GENERAL",Nº de puestos: 5,,DESEMPLEADO-A,,,,,5,29
1,2024-04-14 10:34:56,DIRECTOR DE TIEMPO LIBRE,Ampuero,Cantabria,"Director de tiempo libre, que esté físicamente en el campamento y ejerza como un monitor más, del 16 al 28 de julio en Udalla (Ampuero, Cantabria). La entidad recomienda siempre ir a la preparación y construcción del mismo para conocer a la gente e ir cogiendo confianza, lo que implicaría asistir desde el 13 de julio. Contrato temporal de 15 días/24 horas. Salario bruto aproximado de 800¿.",20/02/2024,162024002163,LABORAL TEMPORAL,,COORDINADORES DE TIEMPO LIBRE,,,,,Conocimientos OTROS CONOCIMIENTOS Carnet: COORDINADOR DE ACTIVIDADES EN EL TIEMPO LIBRE,,,1,4
1,2024-04-14 10:34:56,PROFESIONAL DIGITAL,Bilbao,Bizkaia,"Se necesita un profesional digital para crear imagines, vídeos digitales, contenido de la web, las redes sociales, los audios digitales y los medios de comunicación social. IMPRESCINDIBLE: Grado superior en gestión informática, tener C1 euskera, carnet de conducir y estar habituado a conducir, tener conocimientos de plataformas y redes sociales. Conocimientos de ofimática, base de datos,...",20/02/2024,162024002143,LABORAL INDEFINIDO,,TÉCNICOS EN INFORMÁTICA DE GESTIÓN,,,,"B-AUTOMOVIL <= 3.500 KG, ASIENTOS <=9, CON REMOLQUE <= 750 KG, Y TRICICLOS Y CUATRICICLOS DE MOTOR",Experiencia mínima: 3 meses,3 meses,,1,21
1,2024-04-14 10:34:56,MECANICO AUTOMOCION,Irun,Gipuzkoa,EMPRESA DE IRUN PRECISA INCORPORAR UN MECANICO PARA REALIZAR DIAGNOSTICO Y REPARACION DE TURISMOS Y FURGONETAS. RESTAURACION DE VEHICULOS CLASICOS. REQUISITOS IMPRESCINDIBLES: PUNTUALIDAD Y TENER CARNET DE CONDUCIR. A VALORAR: EXPERIENCIA CON VEHICULOS CLASICOS CONOCIMIENTOS DE SOLDADURA Y CONOCIMIENTO DE FRANCES HABLADO. JORNADA CONTINUA.,20/02/2024,162024002134,LABORAL INDEFINIDO,,"MECÁNICOS DE MANTENIMIENTO Y REPARACIÓN DE AUTOMOCIÓN, EN GENERAL",,,,,,,,1,9
1,2024-04-14 10:34:56,ENCARGADO/A DE OBRA,Etxebarri,Bizkaia,"ENCARGADO/A DE OBRA. Coordinar recursos antes de comienzo de obra: Personal, materiales, medios auxiliares. Tareas de revisión de obra para controlar desarrollo y calidades de trabajo. Visitas de obra para asegurarse de procedimientos de trabajo. Realizar mediciones de obra, trato con la clientela para el correcto desempeño de la obra. Planificación diaria en CALENDAR. Utilización de Google Drive para Carga y Previsión de Trabajo . REQUISITOS: Carnet de conducir, experiencia en el sector (construcción y pintura). CONDICIONES: Disponibilidad de lunes a domingo. Sueldo según convenio de construcción. Disponibilidad inmediata",20/02/2024,162024002109,LABORAL TEMPORAL,,"ENCARGADOS DE OBRA DE EDIFICACIÓN, EN GENERAL",,,,"B-AUTOMOVIL <= 3.500 KG, ASIENTOS <=9, CON REMOLQUE <= 750 KG, Y TRICICLOS Y CUATRICICLOS DE MOTOR",Experiencia mínima: 6 meses,6 meses,,1,26
1,2024-04-14 10:34:56,PROFESOR/A DE INGLÉS COMO LENGUA EXTRANJERA,Eibar,Gipuzkoa,"Planificar y ejecutar clases de inglés adaptadas a las necesidades y niveles de los estudiantes. Proporcionar retroalimentación constructiva y evaluaciones periódicas del progreso estudiantil. Utilizar recursos didácticos innovadores y tecnología educativa para enriquecer el proceso de enseñanza-aprendizaje. Fomentar un ambiente inclusivo que promueva la participación activa de todos los estudiantes. Colaborar con colegas y administradores para desarrollar y mejorar el plan de estudios del programa de inglés. IMPRESCINDIBLE: Título universitario certificación de competencia lingüística en inglés (C1, CELTA, TOEFL...) experiencia previa en la enseñanza de ingés dominio TIC. Se valora Carnet conducir. Incorporación, septiembre 2024.",16/02/2024,162024002016,LABORAL INDEFINIDO,,"PROFESORES DE IDIOMAS, EN GENERAL",,,,,Experiencia mínima: 6 meses,6 meses,,2,16
1,2024-04-14 10:34:56,MECANICO/A,Donostia/San Sebastián,Gipuzkoa,"Mecánico/a-electricista de taller de automóviles oficial de 1ª o 2ª.  Requisitos imprescindibles: -Experiencia mínima de 1 año como oficial de 1ª o 2ª. -Titulación de Técnico Superior de Automoción, Técnico en electromecánica de vehículos automóviles o formación equivalente.  Se ofrece: -Contrato indefinido a tiempo completo 08:30-16:30. -Salario mensual bruto aproximado: 2.035 euros. -Incorporación inmediata.",16/02/2024,162024001025,LABORAL INDEFINIDO,,"MECÁNICOS-AJUSTADORES DEL AUTOMÓVIL, EN GENERAL (TURISMOS Y FURGONETAS)",,,,,"Conocimientos FORMACIÓN REGLADA - CERTIFICADOS DE PROFESIONALIDAD Se debe estar en posesión de alguno de los siguientes títulos o certificados: Técnico Superior, enseñanzas de grado superior de FP - Mantenimiento de Vehículos Autopropulsados (Automoción y Aeronaves) Técnico, enseñanzas de grado medio de FP - Mantenimiento de Vehículos Autopropulsados (Automoción y Aeronaves)",,,1,1
1,2024-04-14 10:34:56,OPERARIO DE PRODUCCIÓN EN AERONÁUTICA,Abanto Y Ciervana-Abanto Zierbena,Bizkaia,"1. Corte y procesado de lingotes: corte de material para la producción de lingotes según distintos metales, medidas y aprovechamiento de sobrantes. 2. Proceso de acabado de piezas: lijado, pulido y control de calidad de piezas  Uso de herramientas de rebarbado: amoladoras, fresas... Soldadura TIG y herramienta de corte Manejo de carretilla elevadora y almacén  Requisitos imprescindibles:  Persona susceptible de trabajar en una Empresa de Inserción (DECRETO 162/2023, de 31 de Octubre por el que se regula la calificación de empresas de inserción, se establece el procedimiento de acceso a las mismas y su registro)  Buena condición física (movilidad de piezas de gran tamaño)  Competencias matemáticas básicas  No limitación visual cercana y/o alteración de la percepción  Se valorará poseer vehículo propio (coche, moto, bicicleta...), residir en la zona y experiencia en el sector.  Se ofrece contrato de 12 meses (prorrogable a 36 meses) a jornada completa, turnos rotativos de mañana y tarde.",15/02/2024,162023014560,LABORAL TEMPORAL,,PEONES DE LA INDUSTRIA METALÚRGICA Y FABRICACIÓN DE PRODUCTOS METÁLICOS,,,,,,,,12,114
1,2024-04-14 10:34:56,CHÓFER GRÚA DE AUXILIO EN CARRETERA,Irun,Gipuzkoa,"Funciones: Asistencia a vehícuylos accidentados o averiados en carretera. Requisitos imprescindibles: Permiso C, CAP mercancías. Requisitos a valorar: Permiso E, idiomas (francés, inglés). Se ofrece: Contrato indefinido, jornada completa, incorporación inmediata.",14/02/2024,162024001957,LABORAL INDEFINIDO,,"CONDUCTORES DE CAMIÓN, EN GENERAL",,,,"C - AUTOMÓVIL MASA MÁXIMA AUTORIZADA > 3.500 KG, ASIENTOS <=9",Conocimientos OTROS CONOCIMIENTOS Carnet: TARJETA CUALIFICACIÓN DEL CONDUCTOR (CAP MERCANCÍAS),,,1,29
1,2024-04-14 10:34:56,COCINERO/A,Zumaia,Gipuzkoa,Cocinero/a de alta cocina tradicional vasca. IMPRESCINDIBLE:Experiencia mínima de 12 meses como cocinero. Contrato indefinido a jornada completa. Salario a negociar.,14/02/2024,162024001947,LABORAL INDEFINIDO,,"COCINEROS, EN GENERAL",,,,,Experiencia mínima: 1 año,1 año,,1,11
1,2024-04-14 10:34:56,COMERCIAL,Oiartzun,Gipuzkoa,"Buscamos dependiente/a con EXPERIENCIA ,18 meses, en ventas y atención al público ,en el sector del mueble para nuestras tiendas de Gipuzkoa. Se valorarán conocimientos de ofimática, francés, carnet de conducir y vehículo. Los candidatos/as deberán tener capacidad de aprendizaje, saber trabajar en equipo, iniciativa y afán de superación. El horario laboral es de lunes a SÁBADO con una mañana libre a la semana. Jornada completa. Se ofrecen muy buenas condiciones económicas.",14/02/2024,162024001931,LABORAL INDEFINIDO,,AGENTES COMERCIALES,Nº de puestos: 2,,,LCM-LICENCIA VEHÍCULOS PARA PERSONAS DE MOVILIDAD REDUCIDA,,,,2,29
1,2024-04-14 10:34:56,ARQUITECTO/A - ARQUITECTO/A TÉCNICO/A,Leioa,Bizkaia,"Empresa de ingeniería precisa contratar una persona para el puesto de Arquitecto/a o Arquitecto/a técnico/a para dirección de obra, con experiencia en Revit. Imprescindible titulación reglada, 6 meses de experiencia con conocimiento y manejo de Revit, y carnet de conducir. Se ofrece contrato indefinido a jornada completa, de lunes a jueves de 8:30 a 14:00 y de 15:00 a 18:00, viernes de 8:30 a 14:00. Salario según convenio. Incorporación inmediata",13/02/2024,162024001892,LABORAL INDEFINIDO,,ARQUITECTOS,,,,"B-AUTOMOVIL <= 3.500 KG, ASIENTOS <=9, CON REMOLQUE <= 750 KG, Y TRICICLOS Y CUATRICICLOS DE MOTOR",Experiencia mínima: 6 meses,6 meses,,1,10
1,2024-04-14 10:34:56,ASESOR/A COMERCIAL,Getxo,Bizkaia,"Grupo Asegurador Multinacional precisa contratar a dos Asesores /as Comerciales para su oficina ubicada en Getxo. Funciones: -Planificar acciones de prospección y apertura de mercados de clientes particulares y empresas. -Realizar un asesoramiento personalizado para la elección de soluciones aseguradoras y financieras que se adapten a las necesidades del cliente. -Cumplir con los objetivos de venta previstos en el Plan de Carrera Profesional a través de la metodología establecida por la Empresa. -Fidelizar y gestionar de forma proactiva tu cartera de clientes particulares y empresas. Requisito imprescindible: Graduado/a en E.S.O. Manejo de Office. Requisito a valorar: Experiencia mínima de un año en puestos comerciales, atención al cliente o gestión comercial. Se ofrece contrato mercantil. Horario partido flexible de lunes a viernes viernes. Salario según convenio más Bonus y Comisiones.",13/02/2024,162024001881,MERCANTIL,,AGENTES DE SEGUROS,,,,,Conocimientos FORMACIÓN REGLADA - CERTIFICADOS DE PROFESIONALIDAD Se debe estar en posesión de alguno de los siguientes títulos o certificados: Graduado en ESO OTROS CONOCIMIENTOS MICROSOFT OFFICE,,,2,15
1,2024-04-14 10:34:56,ARQUITECTO TÉCNICO,Vitoria-Gasteiz,Araba/Álava,"Presupuestos de obra, licitaciones. Oficina técnica.",13/02/2024,162024001848,LABORAL INDEFINIDO,,ARQUITECTOS TÉCNICOS,,,,,"Conocimientos FORMACIÓN REGLADA - CERTIFICADOS DE PROFESIONALIDAD Se debe estar en posesión de alguno de los siguientes títulos o certificados: ARQUITECTO TÉCNICO ARQUITECTURA arquitecto GRADO en Arquitectura GRADO en Arquitectura Técnica Técnico Superior, enseñanzas de grado superior de FP - Construcción e ingeniería civil",,,1,10
1,2024-04-14 10:34:56,RESPONSABLE DPTO FINANCIERO,Etxebarri,Bizkaia,"Descripción: Empresa precisa incorporar Responsable Administrativo-Financiero para empresa del sector de la construcción. Tareas a realizar: *coordinación y organización del departamento administrativo-financiero de la empresa. * contabilidad de la empresa. Cierres mensuales. Confección y presentación de impuestos. Confección de estados financieros. *previsión de tesorería, control de pagos a proveedores y control de cobros a clientes. *supervisión del departamento de RRHH *relación con entidades financieras Se busca persona con: *formación en Económicas o Empresariales *experiencia DEMOSTRABLE como responsable del departamento financiero y administrativo de empresa del sector de la construcción. (IMPRESCINDIBLE) *Capacidades organizativa de coordinación y planificación",08/02/2024,162024001709,LABORAL TEMPORAL,,ECONOMISTAS,,,,,NIVELES FORMATIVOS REQUERIDOS Desde Títulos propios de las universidades y otras enseñanzas que precisan del título de bachiller (2 y más años) Hasta Doctorado universitario,,,1,15
1,2024-04-14 10:34:56,PATRÓN/A DE EMBARCACION DE RECREO,Orio,Gipuzkoa,"Se precisa patrón/a de embarcación para actividades ecoturísticas en la costa guipuzcoana. Puerto base Zumaia. Se requiere:  título en vigor de Formación básica en seguridad  título de Patrón portuario o similar.  tener actualizado el Certificado médico de aptitud para embarque. Se valorará conocimiento de idiomas. Se ofrece contrato temporal de marzo a noviembre con opción de alargar todo el año. La jornada laboral será de lunes a domingo con descanso, según temporada y necesidades. El salario según convenio. Incorporación prevista 15 de marzo.",07/02/2024,162024001635,LABORAL TEMPORAL,,PATRONES DE EMBARCACIONES DEPORTIVAS A MOTOR,,,,,Conocimientos OTROS CONOCIMIENTOS Carnet: PATRÓN DE YATE Carnet: CERTIFICADO DE FORMACIÓN BÁSICA EN SEGURIDAD(MAR),,,2,7
1,2024-04-14 10:34:56,AGENTE DE SEGUROS,Bilbao,Bizkaia,"Agente de Seguros, con Perfil comercial, y con el apoyo del plan de carrera de la Compañia, creación y gestión de una cartera de clientes. Imprescindible, Grados Superior o estudios Universitarios. Contrato de Agencia, Salario Bruto mensual unos 2.000 ¿.aprox.",06/02/2024,162024001590,MERCANTIL,,AGENTES DE SEGUROS,Nº de puestos: 2,,,,"NIVELES FORMATIVOS REQUERIDOS Desde Enseñanzas de grado superior de formación profesional específica y equivalentes, artes plásticas y diseño, y deportivas. Hasta Doctorado universitario",,,2,9
1,2024-04-14 10:34:56,ESPECIALISTA EN CONTROLLING FINANCIERO Y DESARROLLO COMERCIAL,Orio,Gipuzkoa,"FUNCIONES: Trabajar en colaboración con el Responsable Financiero y Comercial para analizar y controlar nuestras operaciones financieras y estrategias comerciales. Desarrollar estrategias comerciales para impulsar el crecimiento de la empresa y mejorar la satisfacción del cliente. Gestionar y optimizar nuestro sitio web y presencia en redes sociales en colaboración con el equipo de marketing. Utilizar Excel para tomar decisiones basadas en datos y mejorar nuestros procesos financieros. Comunicarte de manera efectiva en euskera, inglés y francés para garantizar una colaboración fluida con nuestro equipo diverso. IMPRESCINDIBLE: Título universitario en Finanzas, Economía o área relacionada. Experiencia previa en controlling financiero y desarrollo comercial. Habilidades avanzadas en Microsoft Excel. Conoc. gestión de redes sociales y sitios web. Capacidad de comunicación en euskera, inglés y francés. CONTRATO: indefinido. Jornada y horario a concretar. SALARIO: 1.600 euros Incorporación inmediata.",05/02/2024,162024001531,LABORAL INDEFINIDO,,GESTORES DE REDES SOCIALES,,,,,"Conocimientos FORMACIÓN REGLADA - CERTIFICADOS DE PROFESIONALIDAD Se debe estar en posesión de alguno de los siguientes títulos o certificados: Finanzas, banca y seguros Economía Ventas al por mayor y al por menor Marketing y publicidad Administración y gestión de empresas OTROS CONOCIMIENTOS MICROSOFT EXCEL",,,1,7
1,2024-04-14 10:34:56,MONITOR/A DE KAYAK,Orio,Gipuzkoa,"Monitor/a de refuerzo con competencias en actividades de kayak, sup y/o remo.  Se buscan personas para momentos puntuales ( 3-4 días entre semana) desde el 1 de marzo hasta el 15 de junio, con opción de ampliar horario fines de semana desde Semana Santa a Noviembre en Orio.  Requisitos imprescindible: Titulaciones y/o certificados de profesionalidad que otorguen competencias en kayak, sup y/o remo.  Se valora euskera e inglés.  Salario según convenio.  Incorporación inmediata.",05/02/2024,162024001528,LABORAL TEMPORAL,,MONITORES Y/O ANIMADORES DEPORTIVOS,,,,,Conocimientos OTROS CONOCIMIENTOS REMO,,,2,8
1,2024-04-14 10:34:56,GUÍA DE INTEPRETACIÓN DEL PATRIMONIO NATURAL,Zumaia,Gipuzkoa,"Se necesita guía de interpretación del patrimonio natural de la Costa Vasca. Tareas: Coordinación, elaboración y ejecución de actividades guiadas en entornos naturales tanto a pie con en barco. Apoyo en punto de venta de actividades. Apoyo en la comercialización de las actividades. SE REQUIERE: licenciado o graduado en ciencias ambientales, biología, geología o ciencias del mar. SE VALORARÁ: formación de guía de ecoturismo. SE OFRECE: contrato indefinido, de lunes a domingo con descansos (dependiendo de las necesidades y temporada), y salario según convenio. INCORPORACIÓN INMEDIATA.",05/02/2024,162024001504,LABORAL INDEFINIDO,,GUÍAS DE TURISMO,,,,,,,,3,30
1,2024-04-14 10:34:56,ENFERMERO/A,Lekeitio,Bizkaia,Se necesita colegiado en enfermería para trabajar de lunes a viernes en horario de 15:00-22:00 en Residencia de 3 edad. Sueldo de 36000 euros brutos/anuales,05/02/2024,162024001495,LABORAL INDEFINIDO,,ENFERMEROS DE CUIDADOS GENERALES,,,,,NIVELES FORMATIVOS REQUERIDOS Desde Enseñanzas universitarias de primer ciclo y equivalentes o personas que han aprobado 3 cursos completos de una licenciatura o créditos equivalentes (diplomaturas) Hasta ENSEÑANZAS UNIVERSITARIAS DE GRADO,,,1,2
1,2024-04-14 10:34:56,OPERARIO PRODUCCIÓN,Vitoria-Gasteiz,Araba/Álava,"Se precisa persona con discapacidad igual o mayor al 33% para realizar pequeños montajes en cadena de cables para automoción. Se precisa motricidad fina para poder encliquetar, encintar o poner bridas a los cables. El trabajo se puede realizar sentado y es en línea. El horario de tarde es de 14.15h a 22h, de lunes a viernes y el horario de mañana es de 6.15 a 14. Residencia en la zona.",31/01/2024,162024000083,LABORAL TEMPORAL,Discapacitados/as,"PEONES DE LA INDUSTRIA MANUFACTURERA, EN GENERAL",,,DESEMPLEADO-A,,,,,1,47
1,2024-04-14 10:34:56,PERSONAL PARA EMBALAJE,Vitoria-Gasteiz,Araba/Álava,"Se precisa personal con discapacidad igual o mayor al 33% para realizar tareas de embalaje de elementos de automoción, así como el montaje de cajas. Las condiciones físicas requeridas tienen que ser compatibles con la manipulación de cargas y postura de pie durante toda la jornada. Se trabaja en turno de mañana y tarde según calendario establecido. Se ofrece contrato temporal de un año a jornada completa. Posibilidad de contratación indefinida tras el contrato inicial.",31/01/2024,162024000044,LABORAL TEMPORAL,Discapacitados/as,"EMBALADORES-EMPAQUETADORES-ETIQUETADORES, A MANO",,,DESEMPLEADO-A,,,,,4,29
1,2024-04-14 10:34:56,AGENTE COMERCIAL DE SEGUROS EXCLUSIVOS,Antzuola,Gipuzkoa,Inicia tu carrera como comercial de seguros en Gipuzkoa! Buscamos talentos en Eibar para el sector comercial. Disponemos de varias vacantes a cubrir. Jornada completa. Sin experiencia requerida. Ofrecemos formación. Buscamos personas con don de gente. No pierdas la oportunidad y únete a nuestro equipo comercial! REQUISITOS IMPRESCINDIBLES Nivel de estudios EGB o ESO. Don de gentes. REQUISITOS A VALORAR Euskera hablado. TIPO DE CONTRATO Mercantil. Incorporación inmediata. Manejo de ordenador.,30/01/2024,162024001285,MERCANTIL,,AGENTES DE SEGUROS,Nº de puestos: 3,,,,Conocimientos FORMACIÓN REGLADA - CERTIFICADOS DE PROFESIONALIDAD Se debe estar en posesión de alguno de los siguientes títulos o certificados: Graduado escolar,,,3,10
1,2024-04-14 10:34:56,ENFERMERO/ENFERMERA,Donostia/San Sebastián,Gipuzkoa,"Diplomado/Diplomada Universitaria de Enfermería, Enfermero/Enfermera. Puestos ofertados: 5. Se requieren enfermeros/enfermeras para distintos servicios de enfermería tales como extracciones de sangre en empresas de distintas zonas de Gipuzkoa (Eibar, Donostia, Beasain, Tolosa). IMPRESCINDIBLE: Titulación DUE, carnet de conducir y vehículo propio. SE OFRECE: contrato indefinido. Jornada de mañana, según servicio, de lunes a viernes. Incorporación inmediata. Salario mensual a valorar.",30/01/2024,162023011546,LABORAL INDEFINIDO,,ENFERMEROS DE CUIDADOS GENERALES,,,,,Conocimientos FORMACIÓN REGLADA - CERTIFICADOS DE PROFESIONALIDAD Se debe estar en posesión de alguno de los siguientes títulos o certificados: DIPLOMATURA en enfermería ENFERMERO ESPECIALISTA en Enfermería Familiar y Comunitaria ENFERMERO ESPECIALISTA en Enfermería de CuidadosMédico-Quirúrgicos ENFERMERO ESPECIALISTA en Enfermería Geriátrica ENFERMERO ESPECIALISTA en Enfermería Obstétrico-Ginecológica(Matrona) ENFERMERO ESPECIALISTA en Enfermería Pediátrica ENFERMERO ESPECIALISTA en Enfermería de Salud Mental ENFERMERO ESPECIALISTA en Enfermería del Trabajo GRADO en Enfermería,,,3,23
1,2024-04-14 10:34:56,TECNICO/ELECTROMECANICO MANTENIMIENTO INDUSTRIAL O AUTOMOCION,Donostia/San Sebastián,Gipuzkoa,"Empresa concesionario de máquina industrial, necesita para Donostia técnico de mantenimiento, electromecánico industrial o automoción. IMPRESCINDIBLE: Titulación/ Experiencia reciente en mantenimiento electromecánico industrial o automoción. Carnet de conducir B1. OFRECE. Contrato indefinido, jornada completa( partida)",29/01/2024,162024001245,LABORAL INDEFINIDO,,ELECTROMECÁNICOS DE MANTENIMIENTO INDUSTRIAL (MANTENIMIENTO Y REPARACIÓN GENERAL),,,,"B-AUTOMOVIL <= 3.500 KG, ASIENTOS <=9, CON REMOLQUE <= 750 KG, Y TRICICLOS Y CUATRICICLOS DE MOTOR",Experiencia mínima: 2 años,2 años,,1,19
1,2024-04-14 10:34:56,TECNICO DE CALIDAD,Olaberria,Gipuzkoa,"TECNICO DE CALIDAD CALIBRACIÓN DE INSTRUMENTOS DE CONTROL EXISTENTES. VERIFICACIÓN DIMENSIONAL DE PRODUCTOS ELABORADOS POR ARRANQUE DE VIRUTA, MEDIANTE LOS INSTRUMENTOS DE CONTROL EXISTENTES ASI COMO EN LAS MAQUINAS DE MEDIR POR COORDENADAS TRIDIMENSIONALES. ESTABLECIMIENTO DE LOS PLANES DE CONTROL, NECESARIOS PARA CADA PRODUCTO CON EL FIN DE GARANTIZAR LAS ESPECIFICACIONES DEFINIDAS EN LOS PLANOS. MANEJO EN HERRAMIENTAS DE DISEÑO 3D, ELABORACIÓN DE INFORMES DE CALIDAD SOLICITADOS, ATENCIÓN DE RECLAMACIONES DE CLIENTES, ESTUDIO DE CAPACIDADES Y DEFINICIÓN DE ACCIONES CORRECTORAS DURANTE LOS PROCESOS DE FABRICACIÓN. REQUISITOS IMPRESCINDIBLES TÉCNICO SUPERIOR EN PROGRAMACIÓN DE LA PRODUCCIÓN EN FABRICACIÓN MECÁNICA Y/O TÉCNICO SUPERIOR EN DISEÑO INDUSTRIAL Y/O GRADO EN INGENIERÍA EN FABRICACIÓN MECÁNICA Y/O GRADO EN INGENIERÍA DE DISEÑO INDUSTRIAL. SE OFRECE COTNRATO TEMPORAL DE 6 MESES + INDEFINIDO+ SOCIO A JORNADA PARTIDA, INCORPORACIÓN INMEDIATA.",29/01/2024,162023014238,LABORAL TEMPORAL,,TÉCNICOS EN CONTROL DE CALIDAD EN INDUSTRIA PESADA Y CONSTRUCCIONES METÁLICAS,,,,,"Conocimientos FORMACIÓN REGLADA - CERTIFICADOS DE PROFESIONALIDAD Se debe estar en posesión de alguno de los siguientes títulos o certificados: ENSEÑANZAS UNIVERSITARIAS DE GRADO Técnico Superior, enseñanzas de grado superior de FP",,,1,32
1,2024-04-14 10:34:56,ADMINISTRATIVO DE EXPORTACION,Belauntza,Gipuzkoa,"ATENDER A LOS DIFERENTES CLIENTES Y PROVEEDORES, YA SEA TELEFONICAMENTE, POR EMAIL, VIDEO CONFERENCIA Y EN PERSONA. SEGUIMIENTO DE LAS OFERTAS, TRAMITACIÓN DE CONTRATOS, CARTAS DE CREDITO, PREPARACION DE FERIAS INTERNACIONALES, TRADUCCION DE MANUALES. REQUISITOS IMPRESCINDIBLES CICLO FORMATIVO DE GRADO SUPERIOR DE ADMINISTRACIÓN Y FINANZAS, EXPERIENCIA LABORAL EN TRABAJOS SIMILARES, NIVEL DE INGLES MÍNIMO B2, DOMINIO DEL OFFICE, DISPONER DE VEHICULO PROPIO, PUNTUALIDAD, GANAS DE TRABAJAR, APRENDER Y SERIEDAD. SE OFRECE CONTRATO EN PRACTICAS + INDEFINIDO, JORNADA COMPLETA, JORNADA PARTIDA, SALARIO MENSUAL NETO 1200¿, INCORPORACIÓN INMEDIATA.",29/01/2024,162023013866,LABORAL TEMPORAL,,"EMPLEADOS ADMINISTRATIVOS COMERCIALES, EN GENERAL",,,DESEMPLEADO-A,"B-AUTOMOVIL <= 3.500 KG, ASIENTOS <=9, CON REMOLQUE <= 750 KG, Y TRICICLOS Y CUATRICICLOS DE MOTOR","Conocimientos FORMACIÓN REGLADA - CERTIFICADOS DE PROFESIONALIDAD Se debe estar en posesión de alguno de los siguientes títulos o certificados: Técnico Superior, enseñanzas de grado superior de FP",,,1,20
1,2024-04-14 10:34:56,MONITOR/A-ENTRENADOR/A POLIVALENTE,Vitoria-Gasteiz,Araba/Álava,"Monitor/a de sala de musculación y de actividades dirigidas Atención personalizada y labor comercial. Acompañamiento a los nuevos clientes, cierre de altas y fidelización. Informar sobre los diferentes servicios del club. Cumplir con objetivos comerciales. Aportar ideas y apoyar acciones y eventos del club para crear comunidad.  IMPRESCINDIBLE Ciclo Formativo de Grado Superior o Grado Universitario en actividades físicas y deportivas.  CONTRATO Indefinido. Dos meses de prueba.  JORNADA Completa de 40 horas. Horario de lunes a viernes con fines de semana rotativos o jornada parcial de 20 horas con fines de semana rotativos.  SALARIO Según convenio + comisiones.  INCORPORACIÓN Inmediata.",26/01/2024,162024001168,LABORAL INDEFINIDO,,ENTRENADORES DEPORTIVOS,,,,,Conocimientos FORMACIÓN REGLADA - CERTIFICADOS DE PROFESIONALIDAD Se debe estar en posesión de alguno de los siguientes títulos o certificados: Deportes,,,1,12
1,2024-04-14 10:34:56,PEONES CADENA DE PRODUCCIÓN,Vitoria-Gasteiz,Araba/Álava,"Se precisa persona con discapacidad reconocida igual o mayor del 33% para realizar tareas de producción, procesado y alimentado en cadena de piezas metálicas. El trabajo se realiza de pie durante toda la jornada. Los turnos de trabajo son de mañana, tarde y noche.  Salario según convenio. Contrato temporal de 1 año.",25/01/2024,162024001135,LABORAL TEMPORAL,Discapacitados/as,"MONTADORES-AJUSTADORES DE ELEMENTOS MECÁNICOS DE MAQUINARIA, EN GENERAL",,,DESEMPLEADO-A,,,,,1,20
1,2024-04-14 10:34:56,MONITOR/MONITORA PARA COMEDOR IKASTOLA,Donostia/San Sebastián,Gipuzkoa,"Monitores/monitoras para comedores de ikastolas (para el cuidado del comedor y patio). REQUISITOS IMPRESCINDIBLES: Alto nivel de conocimiento de euskera, y tendrá prioridad disponer de Formación Profesional en Educación Infantil o formación en Educación Infantil. SE OFRECE: Contrato de trabajo por necesidades y salario según convenio.",24/01/2024,162024001076,LABORAL TEMPORAL,,CUIDADORES DE GUARDERÍA INFANTIL,,,,,"NIVELES FORMATIVOS REQUERIDOS Desde Enseñanzas de grado medio de formación profesional específica, artes plásticas y diseño, y deportivas. Hasta Doctorado universitario",,,5,111
1,2024-04-14 10:34:56,OPERARIO/A PARA TAREAS DE LIMPIEZA,Donostia/San Sebastián,Gipuzkoa,"Se ofrece puesto de trabajo para desempeñar tareas de limpieza para persona con certificado de discapacidad igual o superior al 33%, que disponga de vehículo. Imprescindible experiencia en el sector de limpieza. Se ofrece contrato temporal de 3 meses. Salario bruto aprox 1100¿/mes",16/01/2024,162024000762,LABORAL TEMPORAL,Discapacitados/as,PERSONAL DE LIMPIEZA O LIMPIADORES EN GENERAL,,,,"B-AUTOMOVIL <= 3.500 KG, ASIENTOS <=9, CON REMOLQUE <= 750 KG, Y TRICICLOS Y CUATRICICLOS DE MOTOR",,,,1,16
1,2024-04-14 10:34:56,APAREJADORA O APAREJADOR,Beasain,Gipuzkoa,"Se necesita aparejador o arquitecto, para presupuestos, mediciones, etc, etc, en empresa de reformas. Requisitos imprescindibles: conocimientos de informática (Excell, programas relacionados). Requisitos a valorar: conocimientos en presupuestar reformas conocimientos informáticos conocimientos sobre mediciones, control de materiales, ...etc. Media jornada.",11/01/2024,162024000445,LABORAL INDEFINIDO,,ARQUITECTOS TÉCNICOS,,,,,Conocimientos FORMACIÓN REGLADA - CERTIFICADOS DE PROFESIONALIDAD Se debe estar en posesión de alguno de los siguientes títulos o certificados: ARQUITECTO TÉCNICO ARQUITECTURA arquitecto GRADO en Arquitectura OTROS CONOCIMIENTOS MICROSOFT EXCEL,,,1,9
1,2024-04-14 10:34:56,PEON/A INDUSTRIA MANUFACTURERA,Vitoria-Gasteiz,Araba/Álava,Diversas tareas relacionadas con la fabricación de bobinas. Al candidato se le formará en el aislamiento de bobinas.  IMPRESCINDIBLE: Discapacidad del 33% o superior y estudios primarios.  SE OFRECE: Contrato temporal de 9 meses en turnos de mañana y tarde. Salario bruto mensual aproximado de 1300 euros x 14 pagas. Incorporación inmediata.,09/01/2024,162024000264,LABORAL TEMPORAL,Discapacitados/as,"PEONES DE LA INDUSTRIA MANUFACTURERA, EN GENERAL",,,,,NIVELES FORMATIVOS REQUERIDOS Desde Estudios primarios completos Hasta Doctorado universitario,,,2,17
1,2024-04-14 10:34:56,MÉDICA O MÉDICO,Zaldibia,Gipuzkoa,"Médica o Médico, persona habituada al medio de montaña o fuera de carretera. Se encargará de la asistencia sanitaria en Eventos deportivos o multitudinarios. REQUISITOS:  Experiencia en conducción de vehículos 4x4 y orientación por GPS o similares.  Título en Medicina.",09/01/2024,162024000259,LABORAL TEMPORAL,,"MÉDICOS, MEDICINA GENERAL",,,,"B-AUTOMOVIL <= 3.500 KG, ASIENTOS <=9, CON REMOLQUE <= 750 KG, Y TRICICLOS Y CUATRICICLOS DE MOTOR",Conocimientos FORMACIÓN REGLADA - CERTIFICADOS DE PROFESIONALIDAD Se debe estar en posesión de alguno de los siguientes títulos o certificados: GRADO en Medicina,,,2,2
1,2024-04-14 10:34:56,ENFERMERO O ENFERMERA,Zaldibia,Gipuzkoa,"Enfermero o enfermera, persona habituada al medio de montaña o fuera de carretera. Se encargará de la asistencia sanitaria en Eventos deportivos o multitudinarios. REQUISITOS:  Experiencia en conducción de vehículos 4x4 y orientación por GPS o similares.  Grado en Enfermería o superior.",09/01/2024,162024000255,LABORAL TEMPORAL,,ENFERMEROS DE CUIDADOS GENERALES,,,,"B-AUTOMOVIL <= 3.500 KG, ASIENTOS <=9, CON REMOLQUE <= 750 KG, Y TRICICLOS Y CUATRICICLOS DE MOTOR",Conocimientos FORMACIÓN REGLADA - CERTIFICADOS DE PROFESIONALIDAD Se debe estar en posesión de alguno de los siguientes títulos o certificados: GRADO en Enfermería,,,4,7
1,2024-04-14 10:34:56,TÉCNICA O TÉCNICO EN EMERGENCIAS SANITARIAS (RESCATE),Zaldibia,Gipuzkoa,"Técnica o Técnico en Emergencias Sanitarias, habituado al medio de montaña o fuera de carretera. Se encargará de la asistencia sanitaria en Eventos deportivos o multitudinarios. REQUISITOS:  Experiencia en conducción de vehículos 4x4 y orientación por GPS o similares.  Técnico en Emergencias Sanitarias, Enfermería o Medicina.",09/01/2024,162024000252,LABORAL TEMPORAL,,TÉCNICOS EN EMERGENCIAS SANITARIAS,,,,"B-AUTOMOVIL <= 3.500 KG, ASIENTOS <=9, CON REMOLQUE <= 750 KG, Y TRICICLOS Y CUATRICICLOS DE MOTOR",Conocimientos FORMACIÓN REGLADA - CERTIFICADOS DE PROFESIONALIDAD Se debe estar en posesión de alguno de los siguientes títulos o certificados: TÉCNICO en emergencias sanitarias GRADO en Enfermería GRADO en Medicina,,,4,10
1,2024-04-14 10:34:56,DOCENTE PARA CERTIFICADO PROFESIONAL FMEC0208 DISEÑO DE CALDERERIA Y ESTRUCTURAS METALICAS,Donostia/San Sebastián,Gipuzkoa,"CENTRO FORMATIVO para DONOSTIA Y VITORIA-GASTEIZ precisa cubrir DOS puesto de FORMADOR/A ACREDITADO PARA IMPARTIR CERTIFICADO PROFESIONAL FMEC0208 DISEÑO DE CALDERERIA Y ESTRUCTURAS METALICAS. IMPRESCINDIBLE: Estudios de Licenciatura, Diplomatura o Grado universitario, con Capacitación Docente de CAP, Master profesorado , CP docencia o exp de 600 h docentes. con 2 años min de experiencia como delineante o tecnico/a en calderería. VALORABLE: Dominio Autocad y solid edge y/o oros programas de calculo y diseño.",09/01/2024,162023013773,LABORAL TEMPORAL,,FORMADORES DE FORMACIÓN OCUPACIONAL NO REGLADA,,,,,Experiencia mínima: 1 año,1 año,,2,13
1,2024-04-14 10:34:56,TECNICO/A INSTALADOR/A MANTENEDOR/A SISTEMAS DE SEGURIDAD,Erandio,Bizkaia,"Empresa ubicada en Erandio precisa incorporar dos instaladores/as mantenedores de sistemas de seguridad, CCTV, intrusión y PCI. Requisitos: ciclo formativo de la familia de electricidad y electrónica, experiencia demostrada de 3 años en sistemas de seguridad, experiencia demostrada en instalación y mantenimiento de alarmas y CCTV, carnet de conducir B, conocimientos informáticos (abrir puertos...) Se valorará conocimientos en sistemas PCI.",08/01/2024,162024000200,LABORAL INDEFINIDO,,ELECTRÓNICOS DE MANTENIMIENTO Y REPARACIÓN DE SISTEMAS DE SEGURIDAD,,,,,Conocimientos FORMACIÓN REGLADA - CERTIFICADOS DE PROFESIONALIDAD Se debe estar en posesión de alguno de los siguientes títulos o certificados: TÉCNICO en Instalaciones Eléctricas y Automáticas TÉCNICO en Instalaciones de Telecomunicaciones TÉCNICO SUPERIOR en Sistemas Electrotécnicos y Automatizados TÉCNICO SUPERIOR en Mantenimiento Electrónico TÉCNICO SUPERIOR en Sistemas de Telecomunicaciones e Informáticos,,,2,11
1,2024-04-14 10:34:56,EJECUTIVO/A COMERCIAL,Donostia/San Sebastián,Gipuzkoa,"SE REQUIERE: Ejecutivo/a comercial para Gipuzkoa. FUNCIONES: Búsqueda y fidelización de clientes. Comercialización de servicios financieros. REQUISITOS IMPRESCINDIBLES: Don de gentes. Estudios mínimos en ESO. Preferiblemente titulado medio o superior (Económicas, Empresariales, ADE, Gestión Comercial, Marketing). Nivel medio/alto de informática. SE VALORARÁ: Conocimiento y experiencia en ventas y atención al cliente. Conocimientos de productos y servicios financieros y aseguradores. SE OFRECE: Plan de carrera profesional continua y programada de desarrollo personalizado. Formación homologada, inicial y continua a cargo de la empresa. Ingresos atractivos altamente competitivos. Contrato mercantil (autónomo).",05/01/2024,162024000177,MERCANTIL,,"DELEGADOS COMERCIALES, EN GENERAL",,,,,Experiencia mínima: 3 meses,3 meses,,1,22
1,2024-04-14 10:34:56,GESTOR/A EQUIPO COMERCIAL,Donostia/San Sebastián,Gipuzkoa,"SE REQUIERE: Gestor/a de equipo comercial para Gipuzkoa. FUNCIONES: Garantizar la calidad, productividad y satisfacción en los servicios. Supervisar la actividad de su equipo midiendo sus resultados, planificando el trabajo diario y estableciendo planes de acción. REQUISITOS IMPRESCINDIBLES: Experiencia en Gestión de Equipos Comerciales. Experiencia comercial en el sector asegurador. Estudios mínimos en ESO o equivalente. Titulado medio o superior preferentemente en Económicas, Empresariales, ADE o Gestión comercial y Marketing. Informática a nivel medio. SE OFRECE: Contrato Mercantil/ Autónoma/o. Sueldo basado en Fijo+ Comisiones.",05/01/2024,162023000479,MERCANTIL,,TÉCNICOS COMERCIALES EN ENTIDAD FINANCIERA,,,,,NIVELES FORMATIVOS REQUERIDOS Desde Primera etapa de educación secundaria con título de graduado escolar o equivalente. Hasta Doctorado universitario,,,1,29
1,2024-04-14 10:34:56,ENCARGADO/A,Vitoria-Gasteiz,Araba/Álava,Centro especial de empleo busca encargado/a con habilidades en gestión de personas con discapacidad.  Requisitos imprescindibles: Estar en desempleo Capacidad de gestión y organización de equipos Capacidad para estar 8 horas de pie Disponibilidad para flexibilidad horaria Estudios mínimos: FP superior.  Se valora experiencia previa en gestión de personal con diversidad funcional.  Condiciones: Contrato inicial por sustitución con posibilidad de prolongar la relación laboral. Jornada completa. Salario según convenio.,04/01/2024,162024000120,LABORAL TEMPORAL,Discapacitados/as,ENCARGADOS Y/O JEFES DE EQUIPOS DE TALLER DE MONTAJE DE ESTRUCTURAS METÁLICAS,,,DESEMPLEADO-A,,,,,1,8
1,2024-04-14 10:34:56,PEONES CADENA DE PRODUCCIÓN,Vitoria-Gasteiz,Araba/Álava,"Se precisa persona con discapacidad reconocida igual o mayor del 33% para realizar tareas de producción en cadena. Colocación de los materiales adecuados para que se monten posteriormente en la cadena. El puesto de trabajo se realiza de pie con deambulación durante toda la jornada. Requiere precisión a la hora de colocar las piezas. El ritmo de trabajo es alto y tiene que poder coger pesos. Los turnos de trabajo son de mañana, tarde y noche",04/01/2024,162024000043,LABORAL TEMPORAL,Discapacitados/as,"MONTADORES-AJUSTADORES DE ELEMENTOS MECÁNICOS, EN CADENA DE MONTAJE DE AUTOMOCIÓN",,,DESEMPLEADO-A,,,,,1,18
1,2024-04-14 10:34:56,REPONEDOR/A REFRIGERADOS,Vitoria-Gasteiz,Araba/Álava,"Se precisa persona con discapacidad igual o superior al 33% para reponer productos refrigerados y congelados en días de recepción, apoyar en la reposición y frenteo de todo tipo de productos, atender a demandas puntuales de clientes y mantener criterios de orden y limpieza preestablecidos. Condiciones: Jornada 100%, horario rotativo de mañana y tarde de lunes a sábado. Contrato temporal de un año.",03/01/2024,162024000094,LABORAL TEMPORAL,Discapacitados/as,REPONEDORES DE HIPERMERCADO,,,DESEMPLEADO-A,,,,,2,27
4,2024-04-14 10:38:24,MASSSEURS/MASSEUSES,,Suiza,"MASSSEURS/MASSEUSES Thaïlandais experts Genève, Suisse",15/03/2024,5502,,,"Le candidat doit être titulaire d¿un diplôme en massage thérapeutique thaïlandais d¿une institution reconnue ou avoir au moins 5 ans d¿expérience professionnelle en massage thaïlandais authentique. Une expérience dans un environnement de spa ou de salón de haut niveau est un plus. Nationalité européene ou membre de l¿AELE. Une maitrise acceptable du français ou de l¿anglais est nécessaire pour ce poste. Si nécessaire, nous sommes en mesure de proposer des formations linguistiques pour renforcer vos compétences en français ou en anglais. La connaissance d¿une troisième langue serait un atout considerable. Excellentes compétences interpersonnelles. Engagement envers l¿excellence du service client. Passion pour le bien-être et la santé",,,,,,,Envía tu CV + carta de presentación en francés o inglés a david.delgado@ritual-massage.com con copia a eures.franciasuizabenelux@sepe.es indicando de referencia MASSEURS,,
4,2024-04-14 10:38:24,Chef,,Suecia,"As chef we expect you to have relevant training and experience from jobs in high-class kitchens. We will also have high expectations on you being innovative, well organised, and thorough in your ...",15/03/2024,5501,,,Relevant vocational training and professional cooking course or equivalent. Fluent in English or Swedish. At least 2 years of experience as chef. Team player. Driving license B,,,,,Idiomas requeridos Swedish,,"Please send your application CV and personal letter to head chef Linus Lind, kitchen@wanasrh.se (Con copia a eures.nordicos@sepe.es )",,
4,2024-04-14 10:38:24,BAKERS,,Suecia,"We are looking for bakers who can take responsibility, not are afraid to work hard and who think it is fun to have a lot to do, because with us there is always something going on!",15/03/2024,5497,,,,,,,,,,"We can provide with accommodation, and all the practicalities can of course be solved as well! Send the application to info@ingmarsobageri.com (CON COPIA A eures.nordicos@sepe.es)",,
4,2024-04-14 10:38:24,Chef,,Suecia,"We are looking for a person with great interest in food and gastronomy, a driven and professional Chef who shares our interest of food and understands the value of a wellprepered meal combined ...",15/03/2024,5496,,,Minimun age 20 years. Minimun years of excperience in the field 5 years. Good English knowledge and driverlicence is required,,,,,Idiomas requeridos English,,Apply by sending CV and personal letter to: Emelie@ochvin.se (con copia a eures.nordicos@sepe.es ),,
4,2024-04-14 10:38:24,Waiter,,Suecia,"We are looking for a person with great interest in food and gastronomy, a driven and professional waiter who shares our interest of food and understands the value of a wellprepered meal combined ...",15/03/2024,5495,,,Minimun age 20 years. Minimun years of excperience in the field 3 years. Good English knowledge and driverlicence is required,,,,,Idiomas requeridos English,,Apply by sending CV and personal letter to: Emelie@ochvin.se (con copia a eures.nordicos@sepe.es ),,
4,2024-04-14 10:38:24,Bartender,,Suecia,We are looking for a professional Bartender who can also combine his or her work with service by the tables. You have no problems working alone or in a big Team. As a person you love to take ...,15/03/2024,5494,,,Minimun age 20 years. Minimun years of experience in the field 3 years. Good English knowledge and driverlicence is required,,,,,Idiomas requeridos English,,Apply by sending CV and personal letter to: Emelie@ochvin.se (con copia a eures.nordicos@sepe.es ),,
4,2024-04-14 10:38:24,CHEFS,,Suecia,"We are looking for a pizzaiolo who likes to have fun at work, has passion for the profession and raw materials and is good at collaborating. We are a young company undergoing expansion and offer ...",15/03/2024,5493,,,Degree in Culinary Arts or a related field. Good understanding of Italian Cuisine. Good English. Ability to maintain high quality control standards. Minimum 2 years of experience in kitchen,,,,,Idiomas requeridos English,,Feel free to get in touch with our executive head chef Kristjan directly: kristjan@urbanitaliangroup.se (con copia a eures.nordicos@sepe.es),,
4,2024-04-14 10:38:24,CHEFS,,Suecia,"We are looking for a pasta chef with broad experience from the á la carte menu. You like to have fun at work, have passion for the profession and raw materials and are good at collaborating. We are ...",15/03/2024,5492,,,"Culinary School Certificate. Fluent in English Language. Minimum 2 years of kitchen experience in a casual high volume dining concept, preferably Italian cuisine, at least 1 year as Demi Chef.",,,,,Idiomas requeridos English,,Feel free to get in touch with our executive head chef Kristjan directly: kristjan@urbanitaliangroup.se (con copia a eures.nordicos@sepe.es),,
4,2024-04-14 10:38:24,CHEFS,,Suecia,"We are now looking for one CHEF to the mansion kitchen, who likes working in team with others. We are looking for trained and skilled chef with experience of á la carte. You have the opportunity to ...",15/03/2024,5491,,,,,,,,,,Then send your CV and cover letter to Alexander.f@hooksherrgard.se (con copia a eures.nordicos@sepe.es)W,,
4,2024-04-14 10:38:24,WAITRESS/WAITER,,Suecia,We are searching for several new colleagues for our restaurant team. If you are a WAITRESS/WAITER that is passionate about service and meeting people than you can be one of us. Hooks Herrgård is ...,15/03/2024,5490,,,,,,,,,,Then send your CV and cover letter to Gregory.g@hooksherrgard.se (con copia a eures.nordicos@sepe.es),,
4,2024-04-14 10:38:24,Chefs,,Suecia,"We have a multitude of various restaurants offering a varied cousin and orientation. Therefore, we are looking for chefs of various qualifications. You are expected to work as part of a group, it ...",15/03/2024,5489,,,,,,,,,,Apply by e-mail to Felix Maxvall felix@brygganfjallbacka.se (con copia a eures.nordicos@sepe.es) +46763916761,,
4,2024-04-14 10:38:24,Biotech Associate,,Holanda (Paises Bajos),The Biotech Associate is responsible for manufacturing (cell-and tissue culturing) of cell therapy products in accordance with GMP regulations in a cleanroom environment and executing other ...,15/03/2024,5487,,,Related experience. Technical/vocational degree (Technical course or Bachelor) in the Field of pharma/Biotech/Lab. English language skills (min. level B1) verbal & written,,,,,Idiomas requeridos English,,For more information and applications please send an email to: erdal.egin@uwv.nl (send cc eures.franciasuizabenelux@sepe.es ),,
4,2024-04-14 10:38:24,Customer Succcess Consultant,,Malta,"Provide expertise in the planning, construction and execution of the design, testing, training and delivery of new products and product features. Discuss and analyse requirements and feedback from ...",15/03/2024,5486,,,"At least 3 years of experience within a software house, focusing on development own software products. Training provided, Full onboarding training on our product with be provided. Any assistance with accommodation/relocation, We will cover the cost of the flight for the successful applicant as well as initial 10 days accommodation in Malta",,,,,,,Please send Letter + CV in English by email to eures.recruitment.jobsplus@gov.mt con copia a pcpmixto.eures@sepe.es quoting the name of the vacancy Customer Success Consultant and the vacancy reference 403601 in the covering email.,,
4,2024-04-14 10:38:24,Dealer,,Malta,Providing entertaining casino experiences to the clients by rendering pleasant services and professional organization of games at tables. Interact with managers to share concerns and information as ...,15/03/2024,5485,,,"At least 1 year of proven work experience as a Dealer in the land-based Casino. English on the communication level any other language will be considered an asset. Required to complete a pre-employment background check successfully. Must be able to work a flexible schedule including weekends, public holidays and day / night shifts. Must be able to wear assigned uniforms and maintain professional appearance standards. Service-minded with excellent communications skills and a positive attitude. The ability to work as part of a team and be adaptable to changing business needs",,,,,Idiomas requeridos English,,Please send Letter + CV in English by email to eures.recruitment.jobsplus@gov.mt con copia a pcpmixto.eures@sepe.es quoting the name of the vacancy Dealer and the vacancy reference 403316 in the covering email,,
4,2024-04-14 10:38:24,CHILDCARE PROFESSIONALS,,Irlanda,,15/03/2024,5484,,,Higher Technician In Early Chilhood Education or Degree in Primary School Education or Degree in Early Childhood Education. English Intermediate level. Applicants must be entitled of the Free Movement Right regarding to employment in the European Union,,,,,Idiomas requeridos English,,Submit CV in English to pcpmixto.eures@sepe.es Ref.: Childcare Professionals ¿ Ireland 2024,,
4,2024-04-14 10:38:24,TEACHERS FOR CRECHES,,Irlanda,Navitas Recruitment Limited is looking for Spanish childhood education professionals to work in creches across Ireland. We offer the best rates in Ireland and help all our candidates securing ...,15/03/2024,5482,,,"Experience in infant care (6 months). Level 5 to 8 childcare qualifications: Degree in Early Childhood Education, Primary Education or Higher Technician in Early Childhood Education. English level B2 (medium). Professional references (two minimum). EU nationality. Candidates must have a love for children, understand the principles of child development, be physically fit and able to care for their basic needs, and demonstrate good communication skills in English to report on the child¿s individual needs/performance to superiors or parents.",,,,,Idiomas requeridos English,,Submit CV in English to creches@trabajoenirlanda.es and a copy to pcpmixto.eures@sepe.es Ref: Teachers for creches in Ireland,,
4,2024-04-14 10:38:24,ASSISTANT SUPPORT WORKERS / SOCIAL CARE WORKERS,,Irlanda,The Role of a Social Care Worker and Assistant Support Worker is to provide care to people who avail of our service. We will support you in developing and upskilling you in providing high-quality ...,15/03/2024,5478,,,"Skills Requirement: Assistant Support Worker. No qualification required (All necessary training provided) Social Care Workers - Degree in Social Care/Healthcare or related discipline Relevant life experience would be desirable but not essential Good attitude to work and passionate about supporting people Full Driver¿s Licence required or in the process of achieving a Full Driver¿s Licence. Driving Licence, Full B Languages, English B1-Intermediate Applicants must be entitled of the Free Movement Right regarding to employment in the European Union",,,,,Idiomas requeridos English,,Please send CV in English by email to nurserecruitment@welfare.ie with copy to pcpmixto.eures@sepe.es quoting the name of the vacancy Assistant Support Worker/Social Care Worker in the covering email.,,
4,2024-04-14 10:38:24,DERMATÓLOGO,,Francia,"DERMATÓLOGO en Mirande, Francia",15/03/2024,5477,,,Títulos europeos de medicina y de especialista en dermatología. Carné B de conducir. No se requiere hablar francés para presentarse a la oferta,,,,,,,Envía tu CV a offreuromedical@gmail.com con copia a eures.franciasuizabenelux@sepe.es indicando de referencia DERMATÓLOGO MIRANDE,,
4,2024-04-14 10:38:24,DERMATÓLOGO,,Francia,"DERMATÓLOGO en Pau, Francia",15/03/2024,5476,,,Títulos europeos de medicina y de especialista en dermatología. Carné B de conducir. No se requiere hablar francés para presentarse a la oferta,,,,,,,Envía tu CV a offreuromedical@gmail.com con copia a eures.franciasuizabenelux@sepe.es indicando de referencia DERMATÓLOGO PAU,,
4,2024-04-14 10:38:24,DERMATÓLOGO,,Francia,"DERMATÓLOGO en Saint-Gaudens, Francia",15/03/2024,5475,,,Títulos europeos de medicina y de especialista en dermatología. Carné B de conducir. No se requiere hablar francés para presentarse a la oferta,,,,,,,Envía tu CV a offreuromedical@gmail.com con copia a eures.franciasuizabenelux@sepe.es indicando de referencia DERMATÓLOGO SAINTGAUDENS,,
4,2024-04-14 10:38:24,DERMATÓLOGO,,Francia,"DERMATÓLOGO en Salies-de-Béarn, Francia",15/03/2024,5474,,,Títulos europeos de medicina y de especialista en dermatología. Carné B de conducir. No se requiere hablar francés para presentarse a la oferta,,,,,,,Envía tu CV a offreuromedical@gmail.com con copia a eures.franciasuizabenelux@sepe.es indicando de referencia DERMATÓLOGO SALIESDE-BÉARN,,
4,2024-04-14 10:38:24,MÉDICO DE FAMILIA,,Francia,"MÉDICO DE FAMILIA en Boussens, Francia",15/03/2024,5473,,,Títulos europeos de medicina y de especialista en medicina comunitaria y de familia. Carné B de conducir. No se requiere hablar francés para presentarse a la oferta,,,,,,,Envía tu CV a offreuromedical@gmail.com con copia a eures.franciasuizabenelux@sepe.es indicando de referencia MÉDICO DE FAMILIA BOUSSENS,,
4,2024-04-14 10:38:24,MÉDICO DE FAMILIA,,Francia,"MÉDICO DE FAMILIA en Riscle, Francia",15/03/2024,5472,,,Títulos europeos de medicina y de especialista. Carné B de conducir. No se requiere hablar francés para presentarse a la oferta,,,,,,,Envía tu CV a offreuromedical@gmail.com con copia a eures.franciasuizabenelux@sepe.es indicando de referencia MÉDICO DE FAMILIA RISCLE,,
4,2024-04-14 10:38:24,MÉDICO DE FAMILIA,,Francia,"MÉDICO DE FAMILIA en Salies-de-Béarn, Francia",15/03/2024,5471,,,Títulos europeos de medicina y de especialista comunitaria y de familia. Carné B de conducir. No se requiere hablar francés para presentarse a la oferta,,,,,,,Envía tu CV a offreuromedical@gmail.com con copia a eures.franciasuizabenelux@sepe.es indicando de referencia MÉDICO DE FAMILIA SALIES-DE-BÉARN,,
4,2024-04-14 10:38:24,MÉDICO DE FAMILIA,,Francia,"MÉDICO DE FAMILIA en Le Fousseret, Francia",15/03/2024,5470,,,Títulos europeos de medicina y de especialista comunitaria y de familia. Carné B de conducir. No se requiere hablar francés para presentarse a la oferta,,,,,,,Envía tu CV a offreuromedical@gmail.com con copia a eures.franciasuizabenelux@sepe.es indicando de referencia MÉDICO DE FAMILIA LE FOUSSERET,,
4,2024-04-14 10:38:24,GINECÓLOGO,,Francia,"GINECÓLOGO en Mirande, Francia",15/03/2024,5469,,,Títulos europeos de medicina y de especialista en ginecología. Carné B de conducir. No se requiere hablar francés para presentarse a la oferta,,,,,,,Envía tu CV a offreuromedical@gmail.com con copia a eures.franciasuizabenelux@sepe.es indicando de referencia GINECÓLOGO MIRANDE,,
4,2024-04-14 10:38:24,GINECÓLOGO,,Francia,"GINECÓLOGO en Tarbes, Francia",15/03/2024,5468,,,Títulos europeos de medicina y de especialista en ginecología. Carné B de conducir. No se requiere hablar francés para presentarse a la oferta,,,,,,,Envía tu CV a offreuromedical@gmail.com con copia a eures.franciasuizabenelux@sepe.es indicando de referencia GINECÓLOGO TARBES,,
4,2024-04-14 10:38:24,GINECÓLOGO,,Francia,"GINECÓLOGO en Saint-Gaudens, Francia",15/03/2024,5467,,,Títulos europeos de medicina y de especialista en ginecología. Carné B de conducir. No se requiere hablar francés para presentarse a la oferta,,,,,,,Envía tu CV a offreuromedical@gmail.com con copia a eures.franciasuizabenelux@sepe.es indicando de referencia GINECÓLOGO SAINTGAUDENS,,
4,2024-04-14 10:38:24,GINECÓLOGO,,Francia,"GINECÓLOGO en Pau, Francia",15/03/2024,5466,,,Títulos europeos de medicina y de especialista en ginecología. Carné B de conducir. No se requiere hablar francés para presentarse a la oferta.,,,,,,,Envía tu CV a offreuromedical@gmail.com con copia a eures.franciasuizabenelux@sepe.es indicando de referencia GINECÓLOGO PAU,,
4,2024-04-14 10:38:24,GINECÓLOGO,,Francia,"GINECÓLOGO en Salies-de-Béarn, Francia",15/03/2024,5465,,,Títulos europeos de medicina y de especialista en ginecología. Carné B de conducir. No se requiere hablar francés para presentarse a la oferta,,,,,,,Envía tu CV a offreuromedical@gmail.com con copia a eures.franciasuizabenelux@sepe.es indicando de referencia GINECÓLOGO SALIESDE-BÉARN,,
4,2024-04-14 10:38:24,OFTALMÓLOGO,,Francia,"OFTALMÓLOGO en Saint-Gaudens, Francia",15/03/2024,5464,,,Títulos europeos de medicina y de especialista en oftalmología. Carné B de conducir. No se requiere hablar francés para presentarse a la oferta,,,,,,,Envía tu CV a offreuromedical@gmail.com con copia a eures.franciasuizabenelux@sepe.es indicando de referencia OFTALMÓLOGO SAINTGAUDENS,,
4,2024-04-14 10:38:24,OFTALMÓLOGO,,Francia,"OFTALMÓLOGO en Saint-Georges-de-Didonne, Francia",15/03/2024,5463,,,Títulos europeos de medicina y de especialista en oftalmología. Carné B de conducir. No se requiere hablar francés para presentarse a la oferta,,,,,,,Envía tu CV a offreuromedical@gmail.com con copia a eures.franciasuizabenelux@sepe.es indicando de referencia OFTALMÓLOGO SAINTGEORGES-DE-DIDONNE,,
4,2024-04-14 10:38:24,OFTALMÓLOGO,,Francia,"OFTALMÓLOGO en Salies-de-Béarn, Francia",15/03/2024,5462,,,Títulos europeos de medicina y de especialista en oftalmología. Carné B de conducir. No se requiere hablar francés para presentarse a la oferta,,,,,,,Envía tu CV a offreuromedical@gmail.com con copia a eures.franciasuizabenelux@sepe.es indicando de referencia OFTALMÓLOGO SALIESDE-BÉARN,,
4,2024-04-14 10:38:24,OFTALMÓLOGO,,Francia,"OFTALMÓLOGO en Mirande, Francia",15/03/2024,5461,,,Títulos europeos de medicina y de especialista en oftalmología. Carné B de conducir. No se requiere hablar francés para presentarse a la oferta,,,,,,,Envía tu CV a offreuromedical@gmail.com con copia a eures.franciasuizabenelux@sepe.es indicando de referencia OFTALMÓLOGO MIRANDE,,
4,2024-04-14 10:38:24,OFTALMÓLOGO,,Francia,"OFTALMÓLOGO en Cognac, Francia",15/03/2024,5460,,,"Títulos europeos de medicina y de especialista en oftalmología. Carné B de conducir. No se requiere hablar francés para presentarse a la oferta. Se valoran las habilidades quirúrgicas (glaucoma, catarata, refractiva, etc)",,,,,,,Envía tu CV a offreuromedical@gmail.com con copia a eures.franciasuizabenelux@sepe.es indicando de referencia OFTALMÓLOGO COGNAC,,
4,2024-04-14 10:38:24,ENFERMERO URGENCIAS PEDIÁTRICAS,,Francia,"ENFERMERO URGENCIAS PEDIÁTRICAS París, Francia",15/03/2024,5459,,,Titulación en Enfermería homologada y Colegiado (no necesario para la entrevista). Dominio del idioma francés (oral y escrito) B2. Te podemos ayudar con los trámites (sólo para títulos europeos),,,,,Idiomas requeridos Francés,,Envía tu CV+carta de presentación en francés y/o español por correo electrónico a: bonjour@venteafrancia.com. Asegúrate de indicar la referencia Enfermería urgencias París en el asunto del correo. Remitir copia a: eures.franciasuizabenelux@sepe.es indicando la referencia ENFERMERÍA URGENCIAS PARÍS,,
4,2024-04-14 10:38:24,FISIOTERAPEUTA,,Francia,"FISIOTERAPEUTA Albi, Francia",15/03/2024,5458,,,Titulación en Fisioterapia homologado y autorización de ejercicio. Dominio del idioma francés (oral y escrito) B1. Te podemos ayudar con los trámites (sólo para títulos europeos),,,,,Idiomas requeridos Francés,,Envía tu CV+carta de presentación en francés y/o español por correo electrónico a: bonjour@venteafrancia.com. Asegúrate de indicar la referencia Fisioterapeuta Albi en el asunto del correo. Remitir copia a: eures.franciasuizabenelux@sepe.es indicando la referencia FISIOTERAPEUTA ALBI,,
4,2024-04-14 10:38:24,FISIOTERAPEUTA,,Francia,"FISIOTERAPEUTA Haute Marne, Francia",15/03/2024,5457,,,Titulación en Fisioterapia homologada y autorización de ejercicio. Dominio del idioma francés (oral y escrito) B1. Te podemos ayudar con los trámites (sólo para títulos europeos),,,,,Idiomas requeridos Francés,,Envía tu CV+carta de presentación en francés y/o español por correo electrónico a: bonjour@venteafrancia.com. Asegúrate de indicar la referencia Fisioterapeuta Haute Marne en el asunto del correo. Remitir copia a: eures.franciasuizabenelux@sepe.es indicando la referencia FISIOTERAPEUTA HAUTE MARNE,,
4,2024-04-14 10:38:24,ENFERMERO/A EN GERIATRÍA,,Francia,"ENFERMERO/A EN GERIATRÍA París, Francia",15/03/2024,5456,,,Titulación en Enfermería homologada y Colegiado (no necesario para la entrevista). Dominio del idioma francés (oral y escrito) B2. Te podemos ayudar con los trámites (sólo títulos europeos),,,,,Idiomas requeridos Francés,,Envía tu CV+carta de presentación en francés y/o español por correo electrónico a: bonjour@venteafrancia.com. Asegúrate de indicar la referencia Enfermería geriátrica París en el asunto del correo. Remitir copia a: eures.franciasuizabenelux@sepe.es indicando la referencia ENFERMERÍA GERIÁTRICA PARÍS,,
4,2024-04-14 10:38:24,FISIOTERAPEUTAS TITULADOS,,Francia,FUNCIONES BÁSICAMENTE MASAJES (BALNEARIOS) PARA FISIOTERAPEUTAS TITULADOS,15/03/2024,5455,,,NIVEL B1 DE FRANCÉS. ACONSEJADO LLEVAR COCHE. AUTORIZACIÓN DE EJERCICIO (Informamos y ayudamos en todos los trámites),,,,,Idiomas requeridos Francés,,Enviar CV a: info@seleuropa.com con copia a eures.franciasuizabenelux@sepe.es TEL: (00 34) 627 83 61 98/ 677 29 79 65 Indicar referencia Fisios Termas 2024 Seleuropa,,
4,2024-04-14 10:38:24,FISIOTERAPEUTAS TITULADOS,,Francia,FUNCIONES BÁSICAMENTE MASAJES (BALNEARIOS) PARA FISIOTERAPEUTAS TITULADOS,15/03/2024,5454,,,NIVEL B1 DE FRANCÉS. ACONSEJADO LLEVAR COCHE. AUTORIZACIÓN DE EJERCICIO (Informamos y ayudamos en todos los trámites),,,,,Idiomas requeridos Francés,,Enviar CV a: info@seleuropa.com con copia a eures.franciasuizabenelux@sepe.es TEL: (00 34) 627 83 61 98/ 677 29 79 65 Indicar referencia Fisios Termas 2024 Seleuropa,,
4,2024-04-14 10:38:24,FISIOTERAPEUTAS TITULADOS,,Francia,FUNCIONES BÁSICAMENTE MASAJES (BALNEARIOS) PARA FISIOTERAPEUTAS TITULADOS,15/03/2024,5453,,,NIVEL B1 DE FRANCÉS. ACONSEJADO LLEVAR COCHE. AUTORIZACIÓN DE EJERCICIO (Informamos y ayudamos en todos los trámites),,,,,Idiomas requeridos Francés,,Enviar CV a: info@seleuropa.com con copia a eures.franciasuizabenelux@sepe.es TEL: (00 34) 627 83 61 98/ 677 29 79 65 Indicar referencia Fisios Termas 2024 Seleuropa,,
4,2024-04-14 10:38:24,FISIOTERAPEUTAS TITULADOS,,Francia,FUNCIONES BÁSICAMENTE MASAJES (BALNEARIOS) PARA FISIOTERAPEUTAS TITULADOS,15/03/2024,5452,,,NIVEL B1 DE FRANCÉS. ACONSEJADO LLEVAR COCHE. AUTORIZACIÓN DE EJERCICIO (Informamos y ayudamos en todos los trámites),,,,,Idiomas requeridos Francés,,Enviar CV a: info@seleuropa.com con copia a eures.franciasuizabenelux@sepe.es TEL: (00 34) 627 83 61 98/ 677 29 79 65 Indicar referencia Fisios Termas 2024 Seleuropa,,
4,2024-04-14 10:38:24,FISIOTERAPEUTAS TITULADOS,,Francia,FUNCIONES BÁSICAMENTE MASAJES (BALNEARIOS) PARA FISIOTERAPEUTAS TITULADOS,15/03/2024,5451,,,NIVEL B1 DE FRANCÉS. ACONSEJADO LLEVAR COCHE. AUTORIZACIÓN DE EJERCICIO (Informamos y ayudamos en todos los trámites),,,,,Idiomas requeridos Francés,,Enviar CV a: info@seleuropa.com con copia a eures.franciasuizabenelux@sepe.es TEL: (00 34) 627 83 61 98/ 677 29 79 65 Indicar referencia Fisios Termas 2024 Seleuropa,,
4,2024-04-14 10:38:24,FISIOTERAPEUTAS TITULADOS,,Francia,FUNCIONES BÁSICAMENTE MASAJES (BALNEARIOS) PARA FISIOTERAPEUTAS TITULADOS,15/03/2024,5450,,,NIVEL B1 DE FRANCÉS. ACONSEJADO LLEVAR COCHE. AUTORIZACIÓN DE EJERCICIO (Informamos y ayudamos en todos los trámites),,,,,Idiomas requeridos Francés,,Enviar CV a: info@seleuropa.com con copia a eures.franciasuizabenelux@sepe.es TEL: (00 34) 627 83 61 98/ 677 29 79 65 Indicar referencia Fisios Termas 2024 Seleuropa,,
4,2024-04-14 10:38:24,FISIOTERAPEUTAS TITULADOS,,Francia,FUNCIONES BÁSICAMENTE MASAJES (BALNEARIOS) PARA FISIOTERAPEUTAS TITULADOS,15/03/2024,5449,,,NIVEL B1 DE FRANCÉS. ACONSEJADO LLEVAR COCHE. AUTORIZACIÓN DE EJERCICIO (Informamos y ayudamos en todos los trámites),,,,,Idiomas requeridos Francés,,Enviar CV a: info@seleuropa.com con copia a eures.franciasuizabenelux@sepe.es TEL: (00 34) 627 83 61 98/ 677 29 79 65 Indicar referencia Fisios Termas 2024 Seleuropa,,
4,2024-04-14 10:38:24,FISIOTERAPEUTAS TITULADOS,,Francia,TODOS LOS ÁMBITOS DE LA FISIOTERAPIA,15/03/2024,5448,,,DELF O TCF B2 DE FRANCÉS. AUTORIZACIÓN DE EJERCICIO Y COLEGIACIÓN EN FRANCIA (Informamos y ayudamos en todos los trámites),,,,,Idiomas requeridos Francés,,Enviar CV a: info@seleuropa.com con copia a eures.franciasuizabenelux@sepe.es TEL: (00 34) 627 83 61 98/ 677 29 79 65 Indicar referencia ¿Fisios Cabinet 2024 Seleuropa¿,,
4,2024-04-14 10:38:24,FISIOTERAPEUTAS TITULADOS,,Francia,TODOS LOS ÁMBITOS DE LA FISIOTERAPIA,15/03/2024,5447,,,DELF O TCF B2 DE FRANCÉS. AUTORIZACIÓN DE EJERCICIO Y COLEGIACIÓN EN FRANCIA (Informamos y ayudamos en todos los trámites),,,,,Idiomas requeridos Francés,,Enviar CV a: info@seleuropa.com con copia a eures.franciasuizabenelux@sepe.es TEL: (00 34) 627 83 61 98/ 677 29 79 65 Indicar referencia ¿Fisios Cabinet 2024 Seleuropa¿,,
4,2024-04-14 10:38:24,FISIOTERAPEUTAS TITULADOS,,Francia,TODOS LOS ÁMBITOS DE LA FISIOTERAPIA,15/03/2024,5446,,,DELF O TCF B2 DE FRANCÉS. AUTORIZACIÓN DE EJERCICIO Y COLEGIACIÓN EN FRANCIA (Informamos y ayudamos en todos los trámites),,,,,Idiomas requeridos Francés,,Enviar CV a: info@seleuropa.com con copia a eures.franciasuizabenelux@sepe.es TEL: (00 34) 627 83 61 98/ 677 29 79 65 Indicar referencia ¿Fisios Cabinet 2024 Seleuropa¿,,
4,2024-04-14 10:38:24,FISIOTERAPEUTAS TITULADOS,,Francia,TODOS LOS AMBITOS DE LA REHABILITACIÓN Y LA GERIATRÍA,15/03/2024,5445,,,DELF O TCF B2 DE FRANCÉS. AUTORIZACIÓN DE EJERCICIO (Informamos y ayudamos en todos los trámites),,,,,Idiomas requeridos Francés,,Enviar CV a: info@seleuropa.com con copia a eures.franciasuizabenelux@sepe.es TEL: (00 34) 627 83 61 98/ 677 29 79 65 Indicar referencia ¿Fisios Centro Rehabilitación 2024 Seleuropa¿,,
4,2024-04-14 10:38:24,ENFERMEROS/AS,,Francia,VARIOS ENFERMEROS/AS Sur de Francia,15/03/2024,5444,,,Titulación en Enfermería homologada. No se requiere experiencia previa. Nivel B2 de francés necesario.,,,,,Idiomas requeridos Francés,,"Envía tu CV y carta de presentación en francés a bonjour@venteafrancia.com con el asunto ¿Enfermería sur de Francia¿. No olvides enviar una copia a eures.franciasuizabenelux@sepe.es, indicando la referencia ¿Enfermería sur de Francia¿.",,
4,2024-04-14 10:38:24,AUXILIARES DE ENFERMERÍA,,Francia,10 AUXILIARES DE ENFERMERÍA Francia,15/03/2024,5443,,,Titulación homologada de auxiliar de enfermería. No se requiere experiencia previa. Nivel B1 de francés necesario,,,,,Idiomas requeridos Francés,,"Envía tu CV y carta de presentación en francés a bonjour@venteafrancia.com con el asunto ¿Auxiliar de enfermería Francia¿. No olvides enviar una copia a eures.franciasuizabenelux@sepe.es, indicando la referencia ¿Auxiliar de Enfermería Francia¿.",,
4,2024-04-14 10:38:24,FISIOTERAPEUTAS,,Francia,2 FISIOTERAPEUTAS PARA HOSPITALES PÚBLICOS,15/03/2024,5442,,,Titulación de fisioterapia homologada y autorización de ejercicio. No se requiere experiencia previa. Nivel B1 de francés necesario,,,,,Idiomas requeridos Francés,,"Envía tu CV y carta de presentación en francés a bonjour@venteafrancia.com con el asunto ¿Fisioterapeuta Francia¿. No olvides enviar una copia a eures.franciasuizabenelux@sepe.es, indicando la referencia ¿Fisioterapeuta Francia¿.",,
4,2024-04-14 10:38:24,CHILDREN ENTERTAINMENT,,España,Organisation and implementation of activities for children.,15/03/2024,5437,,,"Knowledge of at least 2 foreign european language (English and other, spoken is must). Enthusiastic and motivated people, with a positive attitude, eager to learn and with a great attention to the public. Personal initiative and teamwork. Interest in working with children in a vocational and playful environment. Willingness to carry out the summer season. (April-October).",,,,,,,Fill in the following form: https://forms.gle/MbeMx9WRMxCRYpdW6,,
4,2024-04-14 10:38:24,SPORTS ENTERTAINMENT,,España,Organisation and implementation of recreational activities for young people and adults.,15/03/2024,5436,,,"Knowledge of at least 2 foreign european language (English and other, spoken is must). Enthusiastic and motivated people, with a positive attitude, eager to learn and with a great attention to the public. Personal initiative and teamwork. Interest in working with adults and youth in a vocational and playful environment. Willingness to carry out the summer season. (April-October).",,,,,,,Fill in the following form: https://forms.gle/Zd1fXFD9oRbfK8TF7,,
4,2024-04-14 10:38:24,ENFERMERO/A,,España,Centro Sociosanitario Psicogeriátrico,15/03/2024,5435,,,Diplomatura o grado en Enfermería,,,,,,,Enviar el CV por email a: jaimebegocss@gmail.com con copia a eures-leon.fresno@sepe.es Indicando en el asunto: ¿Ref.: Enfermero/a - Benavente¿,,
4,2024-04-14 10:38:24,PSIQUIATRAS,,España,Psiquiatra para unidad de salud mental y unidad de hospitalización breve y especialidad en psiquiatría para atención clínica.,15/03/2024,5434,,,"Idiomas español fluido. Formación Medicina, especialidad en psiquiatría.",,,,,,,Enviar CV y carta de presentación a la empresa: brotons_olg@gva.es,,
4,2024-04-14 10:38:24,SOCORRISTAS,,España,"Empresa de salvamento acuático busca SOCORRISTAS para trabajar en Mallorca (Islas Baleares) tanto en playas como en instalaciones acuáticas. Funciones: Vigilancia de la zona de baño (playas, ...",15/03/2024,5433,,,Titulación en socorrismo acuático. La empresa ofrece ayuda con los trámites de homologación de la titulación. Conocimientos de español,,,,,,,Envía tu CV a: eures-baleares.casellas@sepe.e,,
4,2024-04-14 10:38:24,CONDUCTORES CAMIÓN TRANSPORTE INTERNACIONAL,,España,"Conductor de camión articulado transporte internacional, funciones propias del puesto según convenio provincia Alicante",15/03/2024,5431,,,Permiso de conducir: C+E,,,,,Idiomas requeridos C+E,,Enviar CV y carta de presentación a la empresa: carlos.bascunana@castillotrans.com,,
4,2024-04-14 10:38:24,SPORTS ENTERTAINMENT,,España,"Sports and fitness activities such as volleyball, water polo, aquagym ... Interact in a friendly way with hotel guests (smile, greet and be pleasant, inform about the day's activities, etc.)",14/03/2024,5430,,,Knowledge of English or German and other foreign european language,,,,,Idiomas requeridos English or German,,Fill in the following form: https://forms.gle/VX2J6rsnLtNzZ6iH8,,
4,2024-04-14 10:38:24,"DOCTOR, RHEUMATOLOGY SPECIALIST",,España,Assuming part of the patient portfolio from the Director of the Clinic (Dr. Karin Freitag).,14/03/2024,5429,,,Specialty in Rheumatology via Resident Medical Intern or recognition/homologation by the Ministry of Health. Language proficiency: English (minimum B2) and/or Spanish (minimum B2). High degree of involvement in the project. Empathetic Communicative.,,,,,Idiomas requeridos English and/or Spanish,,"You can send your CV to ofertasoeprosperidad@madrid.org, together with your Diploma and accreditation of language skills and you must indicate reference OFERTA NÚM. 1348: MÉDICO-A ESPECIALISTA EN REUMATOLOGÍA.",,
4,2024-04-14 10:38:24,MÉDICO/A CIRUGÍA GENERAL Y APARATO DIGESTIVO,,España,OSAKIDETZA Servicio Vasco de Salud necesita contratar 3 médicos/as con la especialidad de Cirugía Pediátrica para un centro de su red ubicado en Bizkaia.,14/03/2024,5428,,,TITULACIÓN: Licenciatura en Medicina. Especialidad Cirugía Pediátrica (titulación obtenida en España o disponer de homologación o reconocimiento a efectos profesionales),,,,,,,"Las personas interesadas, envíen por favor su CV, incluyendo en el asunto: ¿Cirugía Pediátrica¿ a la dirección: 2021LP-LC@osakidetza.eus",,
4,2024-04-14 10:38:24,Associate Managers for many different teams,,Dinamarca,"As an Associate Manager for a Production team, you will be leading a team of operators, skilled workers, technicians and/or craftsmen. You will be responsible for setting direction for the team ...",14/03/2024,5427,,,"- To succeed as an Associate Manager, you have great interpersonal skills complimented by an interest in leadership or people management experience. Furthermore A relevant educational background. Experience within the following: setting direction, engaging others, prioritization according to strategic aspirations and/or stakeholder management. You are fluent in Danish or English. - It is considered an advantage to have: Pharma experience. A broad and well-proven leadership toolbox. Lean experience. GMP knowledge.",,,,,,,"To apply: https://careers.novonordisk.com/job/Kalundborg- Leaders-to-Associate-Manager-Pipeline- Regi/902695801/. In addition, please send an email to eures.nordicos@sepe.es , including on the Subject: ¿Denmark- Associate Managers¿, to confirm that you have applied to this job opportunity",,
4,2024-04-14 10:38:24,Process Scientist and Process Engineer,,Dinamarca,"We are looking for someone who is motivated by and enjoys analyzing data, making sense of that data using descriptive and prescriptive analytics and, developing and maintaining process monitoring ...",14/03/2024,5426,,,"Process Scientist candidates should have the following or developing qualifications: An MSc in Chemistry, Biochemistry, Protein Chemistry, Biophysical Chemistry or (Bio-) Analytical chemistry. Ability to independently understand scientific principles required for manufacturing pharmaceutical substances related to the interaction of chemistry and equipment. Ability to monitor data and extract information. An appetite for connecting the understanding of process science to product quality",,,,,,,To apply: https://careers.novonordisk.com/job/Kalundborg-Process- Scientist-and-Process-Engineer-Pipeline-Kalundborg- Regi/1025060201/,,
4,2024-04-14 10:38:24,Process Supporter,,Dinamarca,"We are looking for Process Supporters who have an interest in understanding pharmaceutical processes, developing monitoring tools and analyzing data for recommendations and improvements. ...",14/03/2024,5425,,,"Process Scientist candidates should have the following qualifications: An academic degree (MSc for graduates and at least a BSc if you have work experience) within chemistry, natural science, engineering or in a related field. Ability to independently understand scientific principles required for manufacturing pharmaceutical substances related to the interaction of chemistry and equipment. Ability to monitor data and extract information. A curiosity for connecting the understanding of process science to product quality. An appetite for solving complex problems applying a systems approach to manage complexity and reach feasible applicable solutions.",,,,,,,To apply: https://careers.novonordisk.com/job/Bagsv%C3%A6rd- Process-Supporter-Pipeline-in-the-Greater-Copenhagen- Area-Capi/1025070601/,,
4,2024-04-14 10:38:24,Automation Engineers,,Dinamarca,"Due to the expansion of our activities in all business areas and sites, we are currently seeking talents for many different teams across Novo Nordisk, such as Advanced automation, Manufacturing ...",14/03/2024,5424,,,"We are looking for someone with an innovative and solution-oriented mindset. As you will be working and collaborating with people from various departments in the organization, it would be preferable that you are ready to take the lead on deploying solutions that bring value.",,,,,,,To apply: https://careers.novonordisk.com/job/Hiller%C3%B8d- Young-Professionals-Pipeline-for-Automation-Engineers- Capi/1026198201/,,
4,2024-04-14 10:38:24,Automation Engineers,,Dinamarca,"Due to the expansion of our activities in all business areas and sites, we are currently seeking talents for many different teams across Novo Nordisk, such as Advanced automation, Manufacturing ...",14/03/2024,5423,,,"We are looking for someone with an innovative and solution-oriented mindset. As you will be working and collaborating with people from various departments in the organization, it would be preferable that you are ready to take the lead on deploying solutions that bring value.",,,,,,,To apply: https://careers.novonordisk.com/job/Kalundborg-Young- Professionals-Pipeline-for-Automation-Engineers- Regi/1026201001/,,
4,2024-04-14 10:38:24,Skilled Workers for Healthcare and Elderly Care,,Dinamarca,"Lolland Municipality is looking for skilled elderly care and healthcare professionals with the will and ability to relocate to Denmark, learn the Danish language and take on important and ...",14/03/2024,5422,,,"Requirements and expectations: You have education and training in elderly care and healthcare. You have practical experience in providing personal help within elderly care. You are willing and able to learn Danish. After two years in Denmark, you are expected to be able to complete the official Danish language course for newly arrived adult foreign nationals. You are motivated to learn and comply with our approach and ways of working in the Elderly and Healthcare Sector. You can work both independently and in teams. You have good relational, interpersonal and communication skills. You are responsible and honest, empathic and caring, persistent and resilient. You are good at English (approx. level B1 is needed). You have a valid driving license (category B) and can ride a bicycle. You must be a citizen of an EU/EEA country, Switzerland, or a Nordic country, or hold another valid work and residence permit for Denmark. You must present a criminal record.",,,,,Idiomas requeridos English,,"Follow the link to our recruitment portal under Apply on https://lolland.career.emply.com/ad/skilled-workers- for-healthcare-and-elderly-care-in-denmark/bz04xx/en. Your application must be written in English. Last day for submission will be 21st of April 2024. Please, send a copy of your application to eures.nordicos@sepe.es with Reference: Healthcare DK",,
4,2024-04-14 10:38:24,Automation Manager,,Dinamarca,"As our new Automation Manager, you will hold great responsibility and in addition to the responsibility for development and maintaining operations, you can expect the following tasks: Preparation ...",14/03/2024,5421,,,"We imagine that your profile could look like this: Educated Automation Engineer, or similar technical education. Preferably with a background as an electrician, or similar background. Around 3-4 years of experience with automation equipment, programming and system development/optimization. Experience with TIA Portal & Siemens Software & programming is a must. Strong automation profile that thrives in the field where tasks are solved. English at professional level. Good understanding of IT security and the interface between Automation and the IT department",,,,,Idiomas requeridos English,,"Please, send a copy of your application to eures.nordicos@sepe.es with Reference: Automation DK",,
4,2024-04-14 10:38:24,Battery R&D Engineer/Scientist,,Dinamarca,"We are in search of a new team member with expertise in Li-ion/Na-ion battery R&D who will join our team as a lead Scientist/Engineer. In the initial phase, the candidate will play a pivotal role ...",14/03/2024,5420,,,"We are seeking an individual with the following qualifications: Experience: Proven experience with battery laboratory work, preferably from industry R&D or with long-term experience from academia as a scientist and/or as a head of laboratory. Technical Proficiency: Expertise in battery technology and relevant laboratory techniques and familiar with procurement of laboratory equipment (experience with impedance spectroscopy is an advantage). Innovation and Problem-Solving: Innovative mindset with the ability to solve complex scientific and engineering challenges, with a strong analytical approach to problems. Communication and Teamwork: Good communication skills that can foster a positive team environment with a flair for team dynamics.",,,,,,,"Apply now by sending your resume and cover letter to career@danishgraphene.com Please include Battery Engineer Application,*your name* in the topic of your email and send a copy of your application to eures.nordicos@sepe.es",,
4,2024-04-14 10:38:24,Lead Engineer,,Dinamarca,"In close collaboration with our existing team, you will develop and construct novel electrochemical reactors. Key responsibilities include: Material selection, material tests, and procurement ...",14/03/2024,5419,,,"We're on the lookout for a lead specialist/engineer with: Hands-on experience with electrochemical technologies. Expertise within electrochemical reactions. Industry experience from the Power-to-X industry or other relevant environment. Strong problem-solving skills, effective communication, teamwork skills, critical thinking",,,,,,,"Apply now by sending your resume and cover letter to career@danishgraphene.com . Please include Lead Engineer Application,*your name* in the topic of your email and send a copy of your application to eures.nordicos@sepe.es.",,
4,2024-04-14 10:38:24,CONDUCTOR CAMIÓN GRÚA. CARNET C/CE,,Bélgica,"Together with your colleagues and leaded by your project leader who prepare all the works and plan, you place new lighting poles or remove them: You place the necessary signalisation You remove ...",14/03/2024,5418,,,You are in possession of a valuable driving licence C/CE and a driver card. You have experience with a loading truck crane You communicate fluently in Dutch or French or English You are a team player and security is one of your key values.,,,,,Idiomas requeridos Dutch or French or English,,Interested candidates send CV to Caroline Vleugels vacatures@verstraete-ent.com with copy to eures.franciasuizabenelux@sepe.es,,
4,2024-04-14 10:38:24,JEFE DE TALLER EN CAMPO PARA EL ÁREA DE MANTENIMIENTO (MUJER/HOMBRE/DIVERSO),,Alemania,"Planificar, gestionar y asesorar técnicamente a los empleados del taller de mantenimiento. En colaboración con el jefe de mantenimiento, coordinará las tareas de mantenimiento y la aplicación de la ...",04/03/2024,5409,,,"Ingeniero electromecánico o ingeniero eléctrico o electrónico con avanzadas habilidades mecánicas. Al menos 5 años de experiencia realizando labores asociadas al área de mantenimiento. Al menos 3 años de experiencia relacionada con la administración, operación, planificación y control de departamentos de mantenimiento. Habilidades eléctricas avanzadas. Habilidades mecánicas y electrónicas medias. Habilidades en soldadura básicas. Gestión y administración del recurso humano. Conocimiento en mantenimiento de equipos utilizados en el izaje de cargas (montacargas, puentes grúa, grúa pluma, etc). Conocimiento en mantenimiento de hornos de gas natural (tableros eléctricos, quemadores, termopares, etc). Conocimientos en mantenimiento hidráulico. Conocimientos en mantenimiento neumático. Conocimiento en mantenimiento de equipos utilizados en hornos de combustión de gas natural. Conocimiento en mantenimiento de equipos utilizados en tratamiento de aguas. Conocimiento en funcionamiento y mantenimiento de PLC¿s. Buenos conocimientos de informática y PC. Excelente capacidad de comunicación con interlocutores internos y externos. Fuerte mentalidad analítica y capacidad de organización y planificación. Forma de trabajar independiente, autosuficiente y concienzuda. Enfoque asertivo e independiente, orientado a la solución de problemas críticos. Conocimientos lingüísticos: español y alemán (en caso de no tener alemán es necesario ingles en nivel B1 certificado).",,,,,Idiomas requeridos Alemán,,Interesados pueden enviar su currículo y documentación acreditativa: mmarti@gabarro.eu,,
4,2024-04-14 10:38:24,ELECTROMECÁNICO (m/f/d),,Alemania,"Cuadros eléctricos (potencia, maniobra y programación electrónica-LOGO Siemens). Realizar mantenimiento predictivo, preventivo y correctivo a: las líneas de trefilado, hornos de gas natural, ...",04/03/2024,5408,,,"Formación en electricidad, electrónica, mecánico en mantenimiento industrial o electromecánico. Mínimo 3 años de experiencia como electromecánico de mantenimiento. Habilidades electromecánicas (interpretación de planos eléctricos, mecánicos, hidráulicos y neumáticos). Habilidades con soldadura MIG- MAG, TIG y electrodo revestido. Habilidades en uso de torno y fresadora. Habilidades y conocimientos en hornos industriales con quemadores de gas natural. Habilidades de montajes, desmontaje y ajuste de piezas. Habilidades y conocimientos en refrigeración de máquinas y plantas industriales. Habilidades informáticas básicas (paquete Office). Idioma español (deseable inglés y/ o alemán). Carné de carretillero y manejo de puente grúa. Autonomía y trabajo a turnos.",,,,,,,Interesados pueden enviar su currículo y documentación acreditativa: mmarti@gabarro.eu,,
4,2024-04-14 10:38:24,EU projects manager,,Francia,"Monitoring projects (recruitment, spending, etc) to ensure that they stay on track to deliver and take full advantage of the project opportunities. Interacting with the French Ministry of Research ...",25/01/2024,5385,,,"University degree (Master¿s or higher) in relevant subjects (e.g. administration, finance, project management, European studies or other fields related to this profile). At least 5 years of professional experience in the management of European projects, including proposal preparation. Knowledge of EU funding programmes and opportunities. Self-motivated, autonomous and independent in task accomplishment and ability to prioritise and multitask. Excellent interpersonal skills as well as verbal and written communication skills. Fluency in English, oral and written.",,,,,Idiomas requeridos English,,"Please submit your application on line no later 14/11/2024, via our website : www.ill.eu/careers (vacancy reference : 23/49). Con copia de la candidatura a: eures.franciasuizabenelux@sepe.es Indicando la referencia ILL 23/49",,
4,2024-04-14 10:38:24,"BECAS PARA INVESTIGADORES: CANDIDATOS R1, R2, R3 PARA LOS GRUPOS DE INVESTIGACIÓN DE LA FUNDACIÓN PÚBLICA ANDALUZA PROGRESO Y SALUD (FPS)",,España,"From the Fundación Pública Andaluza Progreso y Salud (FPS), we are looking for candidates who want to join our research groups through the HR grants:  R1-First Stage Researcher (Predoctoral ...",25/01/2024,5369,,,"Información más detallada de cada una de estas convocatorias (requisitos, perfiles y plazos de solicitud) en el enlace adjunto: https://juntadeandalucia.es/organismos/fps/servicios/actualidad/eventos/detalle/467254.html",,,,,Idiomas requeridos English,,"If you have any questions please, do not hesitate contact us: sistema.desarrollo.profesional.fps@juntadeandalucia.es",,
4,2024-04-14 10:38:24,CLC DIRECTOR SOUTH EAST EUROPE & ALPS,,Austria,"The CLC Director s role requires a collaborative spirit combined with assertive leadership qualities, an entrepreneurial mindset and a proven track record in the cultural and creative ...",03/10/2023,5273,,,"MANDATORY REQUIREMENTS: A Master's level or higher degree in business or a science discipline, or equivalent professional qualifications. At least 5-year experience in a leadership role managing a team (Director/ C-level or equivalent). At least 5-year experience in innovation ecosystems/ programmes and projects. At least 3-year experience working in cultural and creative industries. Business acumen and a proven track record in achieving financial sustainability with demonstrated experience in management in an international setting. Strong experience in the development of engagement/customer/innovation/ and business strategies cultural and creative industries and a personal network in the sector/s. Interaction with partners from at least two parts of the Knowledge Triangle (e.g. industry, SMEs, research labs, universities, government agencies, etc.), and partner relationships. Proven ability to lead a team of professional staff and engage a broad array of individuals. Excellent verbal and written communication skills in English and a regional / local language of the CLC. Based on the European focus of the EIT Culture & Creativity the candidates should be residents in the European continent and must be allowed to receive the work permit needed for the job or secure the job provision by a company.",,,,,,,The application should be sent via e-mail to: clc_se_eitcc@restforderest.com with the subject header CLC South East EIT Culture & Creativity ¿ surname_name. Format: CV and motivational letter in two separate files. File name: Name the files according to the model EITCC_CLC_SE_ surname_name_CV and EITCC_CLC_SE_surname_name_ML.,,
4,2024-04-14 10:38:24,WAITER,,Alemania,Your tasks: Professional care of our national and international guests. Conducting sales talks. All Mise en Place for Restaurant & Backoffice,08/07/2019,4024,,,"Your profile: Appropriate training or at least one year of professional experience. Ability to work in a team and high willingness to provide services. Independence, commitment and highest quality awareness. Well-groomed, competent appearance and excellent manners. Very good knowledge of German (business fluent)",,,,,Idiomas requeridos German,,"For further information or assistance please contact us: ZAVIPS-Berlin-Brandenburg@arbeitsagentur.de Please quote the following number, when contacting us: BB-539-HOGA",,
3,2024-04-14 10:38:41,PROFESOR/A CANTO MODERNO,Donostia/San Sebastián,Gipuzkoa,Convocatoria para la creación de una bolsa de trabajo del OAL Escuela de Música y Danza de San Sebastián con la que responder a las necesidades temporales de personal en la especialidad de Canto Moderno,04/04/2024,573038,,,,,,,,,,Página web: https://www.donostia.eus/app/info/ofertadeempleo.nsf/frmOferta?ReadForm&sf=0&id=C671670510790&idioma=cas,,
3,2024-04-14 10:38:41,POLICÍA PORTUARIO/A,Pasaia,Gipuzkoa,Convocatoria pública para cubrir mediante concurso de méritos la bolsa de trabajo de Policía Portuaria,04/04/2024,573037,,,,,,,,,,Página web: http://www.pasaiaport.eus/es/puerto/autoridadportuaria/ ofertas-empleo,,
3,2024-04-14 10:38:41,ARQUITECTO/A,Oiartzun,Gipuzkoa,"Convocatoria para el acceso, mediante el sistema de concurso-oposición libre, a una plaza de la escala de administración especial, subescala técnica de la clase de técnicas/os superiores correspondiente al puesto de arquitecta/o",02/04/2024,572718,,,,,,,,,,"En el servicio de atención y registro del Ayuntamiento de Oiartzun, así como en su página web (www.oiartzun.eus)",1,
3,2024-04-14 10:38:41,TRADUCTOR/A EUSKERA-INGLÉS-CASTELLANO,,Bizkaia,"Se convoca una (1) plaza de traductora y traductor euskera-ingles-castellano (Grupo A, Subgrupo A1 de titulación) por el sistema de concurso-oposición, con perfil lingüístico IV de carácter preceptivo.",02/04/2024,572717,,,,,,,,,,"En la página www.bizkaia.eus (oferta de empleo público) y en la oficina de registro y atención ciudadana-Laguntza (calle Diputación, 7 (48008-Bilbao) y en las oficinas comarcales de Durango, Bermeo, Gernika, Balmaseda, Mungia e Igorre (https://web.bizkaia.eus/es/oficinas-comarcales).",1,
3,2024-04-14 10:38:41,TÉCNICO/A SUPERIOR DE NORMALIZACIÓN LINGÚÍSTICA,,Bizkaia,"Se convoca una (1) plaza de técnica y técnico superior de normalización lingüística (Grupo A, Subgrupo A1 de titulación) por el sistema de concurso -oposición, con perfil lingüístico IV de carácter preceptivo",02/04/2024,572716,,,,,,,,,,"En la página www.bizkaia.eus (oferta de empleo público) y en la oficina de registro y atención ciudadana-Laguntza (calle Diputación, 7 (48008-Bilbao) y en las oficinas comarcales de Durango, Bermeo, Gernika, Balmaseda, Mungia e Igorre (https://web.bizkaia.eus/es/oficinas-comarcales).",1,
3,2024-04-14 10:38:41,MÉDICO/A DE EMPRESA,,Bizkaia,"Se convocan dos (2) plazas de medicina de empresa (Grupo A, Subgrupo A1 de titulación) por el sistema de concurso-oposición, con perfil lingüístico III de carácter no preceptivo",02/04/2024,572715,,,,,,,,,,"En la página www.bizkaia.eus (oferta de empleo público) y en la oficina de registro y atención ciudadana-Laguntza (calle Diputación, 7 (48008-Bilbao) y en las oficinas comarcales de Durango, Bermeo, Gernika, Balmaseda, Mungia e Igorre (https://web.bizkaia.eus/es/oficinas-comarcales).",2,
3,2024-04-14 10:38:41,MÉDICO/A,,Bizkaia,"Se convocan cinco (5) plazas de medicina (Grupo A, Subgrupo A1 de titulación) por el sistema de concurso-oposición, con perfil lingüístico III",02/04/2024,572714,,,,,,,,,,"En la página www.bizkaia.eus (oferta de empleo público) y en la oficina de registro y atención ciudadana-Laguntza (calle Diputación, 7 (48008-Bilbao) y en las oficinas comarcales de Durango, Bermeo, Gernika, Balmaseda, Mungia e Igorre (https://web.bizkaia.eus/es/oficinas-comarcales).",5,
3,2024-04-14 10:38:41,INGENIERO/A TÉCNICO/A AGRÍCOLA,,Bizkaia,"Se convocan cuatro (4) plazas de ingeniería técnica agrícola (Grupo A, Subgrupo A2 de titulación) por el sistema de concurso -oposición, con perfil lingüístico III de carácter preceptivo",02/04/2024,572713,,,,,,,,,,"En la página www.bizkaia.eus (oferta de empleo público) y en la oficina de registro y atención ciudadana-Laguntza (calle Diputación, 7 (48008-Bilbao) y en las oficinas comarcales de Durango, Bermeo, Gernika, Balmaseda, Mungia e Igorre (https://web.bizkaia.eus/es/oficinas-comarcales).",4,
3,2024-04-14 10:38:41,OPERADOR/A DEL CENTRO INTEGRAL DE GESTIÓN DE EMERGENCIAS,,Bizkaia,"Se convocan siete (7) plazas de operador u operadora del Centro Integral de Gestión de Emergencias (Grupo C, Subgrupo C-1 de clasificación), por el sistema de concurso-oposición y con perfil lingüístico III",02/04/2024,572712,,,,,,,,,,"En la página www.bizkaia.eus (oferta de empleo público) y en la oficina de registro y atención ciudadana-Laguntza (calle Diputación, 7 (48008-Bilbao) y en las oficinas comarcales de Durango, Bermeo, Gernika, Balmaseda, Mungia e Igorre (https://web.bizkaia.eus/es/oficinas-comarcales).",7,
3,2024-04-14 10:38:41,AUXILIAR HORTOFRUTÍCOLA,,Bizkaia,"Se convocan un total de tres (3) plazas de auxiliar hortofrutícola (Grupo C, subgrupo C-2 de titulación) por el sistema de concurso-oposición, con perfil lingüístico II de carácter preceptivo",02/04/2024,572711,,,,,,,,,,"En la página www.bizkaia.eus (oferta de empleo público) y en la oficina de registro y atención ciudadana-Laguntza (calle Diputación, 7 (48008-Bilbao) y en las oficinas comarcales de Durango, Bermeo, Gernika, Balmaseda, Mungia e Igorre (https://web.bizkaia.eus/es/oficinas-comarcales).",3,
3,2024-04-14 10:38:41,TÉCNICO/A PROMOCIÓN ECONÓMICA,Urduña/Orduña,Bizkaia,"Convocatoria para proveer por concurso la plaza de personal laboral vacante en la plantilla de la Sociedad Urduñederra Urduña Ederra, S.L: Tecnico/a Promoción Económica",02/04/2024,572710,,,,,,,,,,Página web del Ayuntamiento de Orduña,1,
3,2024-04-14 10:38:41,COORDINADOR/A DEL ÁREA TERRITORIAL,Mungia,Bizkaia,"Se convoca 1 plaza de Coordinador/a del Area Territorial de la subescala técnica de la escala de Administración General, por el turno libre",02/04/2024,572709,,,,,,,,,,En el tablón de anuncios y la página web del Ayuntamiento de Mungia,1,
3,2024-04-14 10:38:41,PROFESOR/A DE MÚSICA - ESPECIALIDAD PIANO,Mungia,Bizkaia,"Se convoca 1 puesto de la categoría Profesor/a de Música, Especialidad Piano, nivel 1 reservado a personal laboral, adscrito al Grupo A subgrupo A2 (asimilado para personal laboral) y por el turno libre",02/04/2024,572708,,,,,,,,,,En el tablón de anuncios y la página web del Ayuntamiento de Mungia,1,
3,2024-04-14 10:38:41,PROFESOR/A DE MÚSICA - ESPECIALIDAD TXISTU,Mungia,Bizkaia,"Se convoca 1 puesto de la categoría Profesor/a de Música, Especialidad Txistu, reservado a personal laboral, adscrito al Grupo A subgrupo A2 (asimilado para personal laboral) y por el turno libre",02/04/2024,572707,,,,,,,,,,En el tablón de anuncios y la página web del Ayuntamiento de Mungia,1,
3,2024-04-14 10:38:41,OPERARIO/A DE SERVICIOS MÚLTIPLES,Mungia,Bizkaia,"Se convoca 1 plaza de Operario/a de servicios multiples de la subescala de Servicios especiales, escala de Administración Especial, Grupo E, y Subgrupo AP, por el turno libre",02/04/2024,572706,,,,,,,,,,En el tablón de anuncios y la página web del Ayuntamiento de Mungia,1,
3,2024-04-14 10:38:41,"TÉCNICO/A RESPONSABLE DE DISCIPLINA URBANISTICA, PLANEAMIENTO, OBRAS Y SERVICIOS",Mungia,Bizkaia,"Se convoca 1 plaza de Técnico/a Responsable de Disciplina Urbanistica, Planeamiento, Obras y Servicios de la clase Superior Subescala Técnica de la Escala de Administración Especial, por el turno libre",02/04/2024,572705,,,,,,,,,,En el tablón de anuncios y la página web del Ayuntamiento de Mungia,1,
3,2024-04-14 10:38:41,TÉCNICO/A DE ADMINISTRACIÓN GENERAL,Mungia,Bizkaia,"Se convoca 1 plaza de Técnico/a de Administración General de la subescala técnica de la escala de Administración General, por el turno libre",02/04/2024,572704,,,,,,,,,,En el tablón de anuncios y la página web del Ayuntamiento de Mungia,1,
3,2024-04-14 10:38:41,TÉCNICO/A DE NORMALIZACIÓN LINGÚÍSTICA,Urduña/Orduña,Bizkaia,"Proceso selectivo excepcional de estabilización para la cobertura, por turno libre, mediante concurso de méritos de 1 plaza de Técnico de Normalización Lingüística.",25/03/2024,572294,,,,,,,,,,Página web: www.urduna.com,1,
3,2024-04-14 10:38:41,AGENTE DE SERVICIO DE LA POLICÍA LOCAL,Zierbena,Bizkaia,"Se convoca 1 plaza de la subescala Servicios Especiales de la Escala de Administración Especial Agente de Servicio de la Policía Local, por el turno libre.",25/03/2024,572293,,,,,,,,,,En el tablón de anuncios y la página web del Ayuntamiento de Zierbena,1,
3,2024-04-14 10:38:41,ADMINISTRATIVO/A,Mungia,Bizkaia,"Se convoca 1 plaza de Administrativo/a de gestión de la subescala administrativa de la escala de Administración General, por el turno libre",25/03/2024,572292,,,,,,,,,,Página web: www.mungia.eus.,1,
3,2024-04-14 10:38:41,PEÓN/A DEL COMPLEJO DEPORTIVO,Alegria-Dulantzi,Araba/Álava,"Convocatoria para la selección de personal para servicios de carácter temporal, a través de la ampliación de la bolsa de trabajo para peones del complejo deportivo",18/03/2024,571568,,,,,,,,,,Web: https://www.alegria-dulantzi.eus/es/index.php,,
3,2024-04-14 10:38:41,AUXILIAR DE CASA DE CULTURA,Alegria-Dulantzi,Araba/Álava,"Convocatoria para la selección de personal para servicios de carácter temporal, a través de la ampliación de la bolsa de trabajo para auxiliares de casa de cultura.",18/03/2024,571567,,,,,,,,,,Web: https://www.alegria-dulantzi.eus/es/index.php,,
3,2024-04-14 10:38:41,AUXILIAR ADMINISTRATIVO/A,Arratzua-Ubarrundia,Araba/Álava,"Se convoca una plaza de la subescala auxiliar administrativo de la Escala de Administración General, por el turno libre",18/03/2024,571566,,,,,,,,,,En el tablón de anuncios y la página web del ayuntamiento www.arratzuaubarrundia.eus,1,
3,2024-04-14 10:38:41,TÉCNICO/A DE DEPORTES,Oñati,Gipuzkoa,"Convocatoria para la provisión en propiedad, mediante el sistema de concurso-oposición abierto, de una plaza de Técnico/a de deportes para el Ayuntamiento de Oñati, perteneciente a la escala de Administración Especial, de la clase de Técnico Medio, y clasificada en el grupo A, subgrupo A2, vacante en la plantilla de personal funcionario del Ayuntamiento de Oñati",18/03/2024,571565,,,,,,,,,,En la página web (https://www.xn--oati-gqa.eus/es/tramites/oferta-de-empleo-publico) y tablón de anuncios del Ayuntamiento de Oñati,1,
3,2024-04-14 10:38:41,OPERARIO/A DE SERVICIO,Santurtzi,Bizkaia,"Se convoca una (1) plaza de personal laboral de la categoría de Operario de Servicio, por turno libre",18/03/2024,571564,,,,,,,,,,En el tablón de anuncios y la página web de la Residencia Nuestra Señora de Begoña (Residencia Municipal de Santurtzi).,1,
3,2024-04-14 10:38:41,AUXILIAR DE ENFERMERÍA,Santurtzi,Bizkaia,"Se convocan dos (2) plazas de personal laboral de la categoría de auxiliar de enfermería, por turno libre",18/03/2024,571563,,,,,,,,,,En el tablón de anuncios y la página web de la Residencia Nuestra Señora de Begoña (Residencia Municipal de Santurtzi).,2,
3,2024-04-14 10:38:41,PEÓNES/AS DEL COMPLEJO DEPORTIVO,Alegria-Dulantzi,Araba/Álava,"Convocatoria para la selección de personal para servicios de carácter temporal, a través de la ampliación de la bolsa de trabajo para peones del complejo deportivo.",14/03/2024,571429,,,,,,,,,,En la página web: www.alegria-dulantzi.eus.,,
3,2024-04-14 10:38:41,TÉCNICO/A SUPERIOR DE GESTIÓN ECONÓMICO-ADMINISTRATIVA,,Gipuzkoa,"Se convoca proceso de selección, mediante convocatoria pública y por el sistema de concurso oposición, de una plaza de Técnico Superior, de personal funcionarial y perfil económico, incluida en la oferta pública de empleo de la Autoridad Territorial del Transporte de Gipuzkoa",14/03/2024,571428,,,,,,,,,,Página web: https://www.atgipuzkoa.eus/es/attg/ofertaempleo-publico,1,
3,2024-04-14 10:38:41,ADMINISTRATIVO/A,,Gipuzkoa,"Se convoca proceso de selección, mediante convocatoria pública y por el sistema de concurso, de una plaza de Administrativo/a, de personal funcionarial, incluida en la oferta pública de empleo de la Autoridad Territorial del Transporte de Gipuzkoa.",14/03/2024,571427,,,,,,,,,,Página web: https://www.atgipuzkoa.eus/es/attg/ofertaempleo-publico,1,
3,2024-04-14 10:38:41,EMPLEADO/A DE SERVICIOS MULTIPLES,Berango,Bizkaia,"Se convoca 1 plaza de Empleado de servicios múltiples, grupo Agrupaciones Profesionales, por el turno libre: Empleado de Servicios múltiples",13/02/2024,568160,,,,,,,,,,En el tablón de anuncios y la página web del Ayuntamiento de Berango.,1,
3,2024-04-14 10:38:41,TÉCNICO/A DE RR.HH.,,Bizkaia,"Basque Trade & Investment nace con el objetivo de impulsar la internacionalización empresarial en el País Vasco, mediante el desarrollo de una nueva cartera de servicios de valor añadido, la creación de una unidad de inteligencia competitiva para potenciar la red de oficinas en el exterior, y en estos momentos estamos buscando un HUMAN RESOURCES BUSINESS PARTNER-(HRBP) / TÉCNICO DE RRHH.",19/01/2023,533172,,,,,,,,,,Web: https://basquetrade.spri.eus/es/,1,
2,2024-04-14 10:38:49,COCINERO/A,Donostia/San Sebastián,Gipuzkoa,Conocer los tiempos de cocción de los alimentos. Conocer y aplicar las técnicas para asar y hornear. Saber las recetas estándar de cocina. Conocer y aplicar técnicas para almacenar alimentos. Evitar el desperdicio de material sobrante al elaborar platillos y aplicar las técnicas de rotación de inventarios. Supervisar el trabajo de su ayudante. Etc.,12/04/2024,573896,,,"Haber cursado como mínimo un grado superior en cocina. Experiencia previa mínima de 2 años. Experiencia en cocina de mercado, fundamentalmente de carácter mediterráneo. Conocimientos en nuevas técnicas de cocina. Experiencia en menú diario, carta y banquetes. Etc.",,,,,,,https://www.infojobs.net/donostia-san-sebastian/cocinero/of-ib9173a544b4a2dab3400108243dcd3,1,
2,2024-04-14 10:38:49,CAMARERO/A DE HOTEL,Donostia/San Sebastián,Gipuzkoa,"Preparar todas las bebidas incluyendo cafés, tés y cocteles. Hacer el mise-and-place. Asegurarse de que el bar está siempre limpio. Atender a los clientes y proveerles del servicio requerido. Apertura y cierre del bar. Apertura y cierre del buffet de desayunos. Atender a los clientes durante el desayuno. Hacer las reposiciones pertinentes del buffet. Preparación de las mesas. Etc.",12/04/2024,573895,,,"Experiencia previa en hoteles de mínimo 3 estrellas como camarero de mínimo 2 años. Imprescindible nivel profesional básico de inglés. Proactivo y con ganas de añadir valor a su trabajo. Conocimientos de coctelera. Disponibilidad horaria, turnos rotativos",,,,,Idiomas requeridos Inglés,,https://www.infojobs.net/donostia-san-sebastian/camarero-hotel/of-i64e4d6b4504929a661c8517069f95e,1,
2,2024-04-14 10:38:49,COCINERO/A,Vitoria-Gasteiz,Araba/Álava,Se necesita cocinero/a para centro ubicado en Arrasate para sustitución de larga duración en horario de 6:00/14:00 de lunes a viernes .,12/04/2024,573894,,,"Imprescindible tener disponibilidad inmediata, experiencia previa en puestos similares, vehículo propio para desplazamientos y titulación en cocina.",,,,,,,https://www.infojobs.net/vitoria-gasteiz/cocinero-arrasate/of-i117e1b01a54baa8989f0315932ab3c,1,
2,2024-04-14 10:38:49,OPERARIO/A PULIDO CHAPA,Vitoria-Gasteiz,Araba/Álava,Buscamos incorporar a una persona para el puesto de pulido de chapa para una empresa del sector aeronáutico ubicado en el polígono industrial de Betoño. Funciones: Pulido manual de piezas de chapa.,12/04/2024,573893,,,Experiencia en pulido de piezas. Disponibilidad para trabajar a tres turnos de lunes a viernes,,,,,,,https://www.infojobs.net/vitoria-gasteiz/operario-pulido-chapa/of-ic02f1e7e2d4e8396591b4923ec1cd1,1,
2,2024-04-14 10:38:49,RECEPCIONISTA DE HOTEL,Donostia/San Sebastián,Gipuzkoa,"Asegurar que las habitaciones cumplen con los estándares del hotel y las políticas y procesos de Leonardo Hotels, para lo cual debe mantener comunicación constante con los diferentes departamentos de operaciones (mantenimiento, housekeeping, etc.). Realizar asignaciones de habitaciones, seguimiento de reservas, facturación, créditos. Etc.",12/04/2024,573892,,,Licenciatura en gestión hotelera o estudios equivalentes en turismo. Experiencia de mínimo 2 años en alguna posición similar. Valorable conocimiento de Optima y familiarización con aplicaciones de Internet/MS Office. Buena presencia y buenas habilidades de comunicación. Buenas habilidades para la gestión y atención al cliente. Inglés fluido tanto a nivel escrito como hablado. Etc.,,,,,Idiomas requeridos Inglés,,https://www.infojobs.net/donostia-san-sebastian/recepcionista-hotel/of-ibd5d18549d462fb2394acb5d211f72,1,
2,2024-04-14 10:38:49,COORDINADOR/A DE SERVICIOS DE LIMPIEZA,Pamplona/Iruña,Navarra,"Empresa de servicios integrales de Pamplona, precisa incorporar a sus oficinas Coordinador/a de servicios",12/04/2024,573891,,,"Se piensa en personas con un CFGS o diplomatura y será valorable formación complementaria en gestión de equipos. Valorable experiencia en gestión de clientes, y en el sector. Será necesaria disponibilidad horaria para visitar ocasionalmente clientes en diferentes turnos, así como para desplazamientos excepcionales en el día a provincias limítrofes.",,,,,,,https://www.infojobs.net/pamplona-iruna/coordinador-servicios-limpieza/of-i975c3b4ed044fa90c88e43a5fb015d,1,
2,2024-04-14 10:38:49,TÉCNICO/A DE MANTENIMIENTO,Donostia/San Sebastián,Gipuzkoa,Cuidar y mantener las instalaciones y activos del hotel. Seguir los indicadores de gestión y calidad. Registrar las acciones preventivas realizadas. Resolver incidencias relacionadas con la operación y conservación de equipos e instalaciones. Apoyar las actividades realizadas por empresas externas. Registrar los datos y el desarrollo de los resultados del trabajo. Etc.,12/04/2024,573890,,,"Experiencia previa en mantenimiento de instalaciones, preferiblemente de hoteles. Proactivo y con ganas de añadir valor a su trabajo. Conocimientos de fontanería, electricidad, etc. Experiencia previa en hoteles y gestiones sanitarias (legionella, plagas, aire acondicionado). Disponibilidad horaria para hacer turnos rotativos si es necesario. Carnet de Legionella muy valorable",,,,,,,https://www.infojobs.net/donostia-san-sebastian/tecnico-mantenimiento/of-i6b91361e2d451894c443997e305c79,1,
2,2024-04-14 10:38:49,ADMINISTRATIVA/O DEPARTAMENTO ADMINISTRACIÓN DE PERSONAL CON CERTIFICADO DE DISCAPACIDAD.,Erandio,Bizkaia,Se precisa un/a Administrativo/a para el departamento de Administración de Personal con Certificado de DISCAPACIDAD en la delegación Erandio.,12/04/2024,573889,,,Experiencia como administrativo/a dando soporte a departamentos de administración de personal. Muy valorable conocimientos SAP,,,,,,,https://www.infojobs.net/erandio/administrativa-departamento-administracion-personal-con-certificado-discapacidad./of-i207281e87a4e49851f156fbf4da791,2,
2,2024-04-14 10:38:49,OPERARIO/A PREPARADOR/A DE PINTURA,Vitoria-Gasteiz,Araba/Álava,"Buscamos incorporar a dos personas para la sección de pintura, para el puesto de preparador de pintura en una empresa del sector de aeronáutica ubicada en el polígono industrial de Betoño. Funciones: Chorreado de piezas, enmascarar y desenmascarar piezas.",12/04/2024,573888,,,Disponibilidad para trabajar a tres turnos . Experiencia en puestos de pintura.,,,,,,,https://www.infojobs.net/vitoria-gasteiz/operario-preparador-pintura/of-i4049aedff34b878c70a8ac1e94586d,1,
2,2024-04-14 10:38:49,FORMADOR/A DE RECICLAJE,Pamplona/Iruña,Navarra,Se selecciona para empresa situada en la provincia de Navarra un Formador/a de reciclaje para una campaña que fomente la recogida selectiva de residuos en las residencias de personas mayores.,12/04/2024,573887,,,Nivel avanzado de Euskera oral y escrito. Carnet de conducir B y coche.,,,,B,,,https://www.infojobs.net/pamplona-iruna/formador-reciclaje/of-ie0b597e7fd4d13b8a939d8627a185f,1,
2,2024-04-14 10:38:49,INGENIERO/A DE AUTOMATIZACIÓN SENIOR,Andoain,Gipuzkoa,"Importante grupo industrial guipuzcoano especializado en servicios de automatización, control y digitalización de los procesos productivos precisa incorporar a su organización un/a Ingeniero/a de automatización senior.",12/04/2024,573886,,,"-Titulación universitaria en Ingeniería Electrónica/Automatización o similar. Experiencia en proyectos llave en mano del sector metal (prensas, estampación, líneas de bobinado y laminación). Nivel avanzado en programación de plcs Rockwell, Beckhoff, Omron y Siemens Tia Portal, configuración de variadores de frecuencia, motores¿ Nivel B2 de inglés. Disponibilidad para viajar.",,,,,Idiomas requeridos Inglés,,https://www.infojobs.net/andoain/ingeniero-automatizacion-senior/of-i500f28aadf40f0ba6bb8e27c5bfdcc,1,
2,2024-04-14 10:38:49,MONTADOR/A DE ESTRUCTURAS,Hernani,Gipuzkoa,Importante empresa dedicada al montaje de estructuras para eventos por la zona de Donostialdea necesita incorporar un Montador de estructuras (H/M) a su centro de trabajo ubicado en Hernani,12/04/2024,573885,,,Experiencia previa. Carnet de carretilla. Valorable experiencia en trabajos en altura y con andamios. Valorable disponer de carnet de conducir. Disponibilidad horaria.,,,,,,,https://www.infojobs.net/hernani/montador-estructuras-h-m-hernani/of-i6e482b66cb4a86bef5e3bb81591d39,1,
2,2024-04-14 10:38:49,TÉCNICA/O DE SOPORTE MICROINFORMÁTICA CON EUSKERA.,Bilbao,Bizkaia,Actualmente estamos buscando un/a Técnico/a de Soporte Microinformático para trabajar en un servicio para grandes empresas.,12/04/2024,573884,,,FP Grado Superior en Informática. Euskera B2 mínimo certificado. Herramientas de ticketing. 1 año de experiencia,,,,,Idiomas requeridos Euskera,,https://www.infojobs.net/bilbao/tecnica-soporte-microinformatica-con-euskera./of-i0c28fd3b3a417188786fe9824d7ebc,1,
2,2024-04-14 10:38:49,ADMINISTRATIVO/A DE EXPORTACIÓN INGLÉS Y FRANCÉS,Vitoria-Gasteiz,Araba/Álava,"Empresa líder, selecciona Administrativo/a de Comercio Internacional con DOMINIO DE INGLÉS y FRANCÉS.",12/04/2024,573883,,,"Residencia en Vitoria-Gasteiz o cercanías. Disponibilidad inmediata. DOMINIO de INGLÉS Y FRANCÉS (se harán pruebas de idioma escritas/verbales durante las entrevistas). Nivel NEGOCIACIÓN. Se valorarán positivamente: estancias internacionales, experiencia previa en puesto similar, y conocimiento de otros idiomas.",,,,,Idiomas requeridos Inglés Francés,,https://www.infojobs.net/vitoria-gasteiz/administrativo-exportacion-ingles-frances/of-i094c5b27a04ed194cc98b848ce0313,1,
2,2024-04-14 10:38:49,INGENIERO/A DE LOGÍSTICA - FABRICACIÓN,Beasain,Gipuzkoa,"Integración en el Equipo de Logística de Acabado. Trabajar en la Resolución de Faltas de Materiales, Gestión de Modificaciones e Intervenciones que hay que hacer en los bogies una vez hayan salido de bogies. Controlar la situación de cada uno de los bogies durante todo el flujo, etc.",12/04/2024,573882,,,"Ingeniero/a Técnico Industrial o Ingeniero/a Industrial, preferiblemente especialidad en Organización. Experiencia de al menos 3 años en fabricación o logística.",,,,,,,https://www.infojobs.net/beasain/ingeniero-logistica-fabricacion/of-i2fe98f61ec4e0898cd7488cd0083be,1,
2,2024-04-14 10:38:49,ENCARGADOS/AS DE OBRA,Pamplona/Iruña,Navarra,"Coordinar y supervisar todas las etapas de los proyectos de construcción, desde el inicio hasta la finalización. Gestionar y dirigir al equipo de trabajadores en el lugar de la obra, asegurando el cumplimiento de los plazos y la calidad del trabajo. Colaborar con el equipo de diseño y arquitectura para garantizar la correcta interpretación de los planos y especificaciones técnicas. Etc.",12/04/2024,573881,,,"Experiencia previa demostrable de al menos 10 años en la gestión de obras de edificación. Conocimientos sólidos de normativas y reglamentos de construcción. Habilidades de liderazgo y capacidad para gestionar equipos de trabajo. Excelentes habilidades de comunicación y capacidad para establecer relaciones efectivas con clientes, proveedores y subcontratistas. Etc.",,,,,,,https://www.infojobs.net/pamplona-iruna/encargados-obra-para-pamplona./of-i821e98e9a948ebb5d068c3280fe5bf,10,
2,2024-04-14 10:38:49,COCINERO/A,Fuenmayor,Rioja (La),Se necesita Cocinero/a para centro en Fuenmayor (Rioja).,12/04/2024,573880,,,,,,,,,,https://www.infojobs.net/fuenmayor/cocinero-para-fuenmayor-rioja/of-ibe60a053e948e0bef68c3737386c13,1,
2,2024-04-14 10:38:49,ADMINISTRATIVO/A COMERCIAL DE EXPORTACIÓN CON ALEMÁN,Bilbao,Bizkaia,Estamos seleccionando más de un perfil Administrativo/a Comercial con Alemán alto para una reconocida empresa industrial ubicada en el País Vasco.,12/04/2024,573879,,,Formación en ADE o similares. 1/2 años de experiencia en puestos relacionados. Fluidez en alemán (segundo idioma será valorado).,,,,,Idiomas requeridos Alemán,,https://www.infojobs.net/bilbao/administrativo-comercial-exportacion-con-aleman-pais-vasco/of-i5827bfb2304ffab6ad7076e02951e0,1,
2,2024-04-14 10:38:49,INGENIERO/A SENIOR CALIDAD,Arrasate/Mondragon,Gipuzkoa,El Ingeniero Superior de Calidad y Fiabilidad es responsable de garantizar que todas las actividades relacionadas con la calidad se llevan a cabo de acuerdo con los procedimientos del SGC y debe tener conocimientos prácticos de Garantía y Control de Calidad,12/04/2024,573878,,,Licenciatura y un mínimo de 8 años de experiencia laboral relacionada. Se requiere Six Sigma Yellow Belt preferible Black Belt. Conocimiento práctico actual del sistema de gestión de calidad ISO 13485 y FDA 21 CFR 820 (preferente). Amplia experiencia en MS Excel y Word. Excelente capacidad analítica. Etc.,,,,,,,https://www.infojobs.net/arrasate-mondragon/ingeniero-senior-calidad/of-i52c8a435ac4634bdb18ffd9c7246bf,1,
2,2024-04-14 10:38:49,ADMINISTRATIVO/A DE OBRA,Pamplona/Iruña,Navarra,"Nuestra compañía, importante empresa del sector de la construcción e ingeniería con presencia a nivel nacional e internacional, precisa incorporar al equipo de Pamplona un/a Administrativo/a con experiencia en la gestión de las tareas administrativas de la obra.",12/04/2024,573877,,,Se requiere aportar Formación Profesional de Grado Medio o Grado Superior en Administración. Imprescindible aportar al menos 3 años de experiencia en las funciones descritas anteriormente. Muy valorable tener experiencia previa en el sector de la construcción.,,,,,,,https://www.infojobs.net/pamplona-iruna/administrativo-obra/of-i9b3ec7138f4d7fa3e8fa0a5b8c5b77,1,
2,2024-04-14 10:38:49,MECÁNICO/A AJUSTADOR/A OF. 1ª / CARRETILLAS ELEVADORAS,Bedia,Bizkaia,Estamos en la búsqueda de Mecánicos Ajustadores Of. 1ª para uno de nuestros clientes de la zona de Bedia. Funciones: Realizar reparación y mantenimiento preventivo de carretillas elevadoras. Mantenimiento de máquinas de gran tonelaje. Los trabajos se realizaran en el taller como en casa del cliente. Experiencia y conocimientos mecánicos.,12/04/2024,573876,,,Disponer del certificado de prevención de riesgos laborales de 20 horas de oficio o el PRL de 60 h (nivel básico) más el PRL de 6 horas de oficio. Debe de estar en vigor (4 años de vigencia). PRL de carretillas elevadoras.,,,,,,,https://www.infojobs.net/bedia/mecanico-ajustador-of.-1-carretillas-elevadoras-h-m/of-ic091b8b8874e42b488152b236a40ce,3,
2,2024-04-14 10:38:49,ENCARGADO/A DE TIENDA,Tudela,Navarra,Estamos buscando un/a ENCARGADO/A DE TIENDA para una empresa de Tudela.,12/04/2024,573875,,,Se valorará: Residencia en la zona de la Ribera. Experiencia similar en el puesto de 2 años. Educación secundaria obligatoria. Agilidad en resolución de conflictos. Disponibilidad horaria.,,,,,,,https://www.infojobs.net/tudela/encargado-tienda/of-i7b3c4d9fc149be8d1467718168f84b,1,
2,2024-04-14 10:38:49,OPERARIO/A DE TALLER,Logroño,Rioja (La),"Estamos buscando OPERARIOS DE TALLER para la fabricación de ventanas y puertas de aluminio y PVC para una importante empresa ubicada en los alrededores de Logroño. FUNCIONES: Montaje y posicionamiento de las distintas piezas del elemento a fabricar (acristalado, mecanizado, montaje...). Interpretación de planos de fabricación y montaje. Etc.",12/04/2024,573874,,,Experiencia previa en entornos industriales. Carnet de conducir y coche propio.,,,,,,,https://www.infojobs.net/logrono/operario-taller/of-iee8bb4203a4600a14330717d67b7b8,1,
2,2024-04-14 10:38:49,TORNERO/A CONVENCIONAL,Zamudio,Bizkaia,Seleccionamos para empresa ubicada en Zamudio a una persona para realizar las funciones de tornero/a convencional. En tu día a día te encargaras de mecanizar pieza unitaria en torno convencional de bancada horizontal,12/04/2024,573873,,,3 años de experiencia mínima como tornero convencional en torno horizontal. Dominio de interpretación de planos y de uso de calibre y micrómetro interior. Haber mecanizado en tolerancia H7. Disponibilidad de incorporación inmediata y vehículo propio.,,,,,,,https://www.infojobs.net/zamudio/tornero-convencional-h-m./of-i8de236d3474c9e9da8329da590f9ab,1,
2,2024-04-14 10:38:49,ADMINISTRATIVO/A RECEPCIONISTA,Galdakao,Bizkaia,"Buscamos una persona para cubrir el puesto de recepción y desempeñar diversas tareas administrativas, tales como grabación de datos en el ERP.",12/04/2024,573872,,,Valorable experiencia en labores de recepción y administrativas. Buen trato y atención al cliente. Inglés avanzado. Conocimientos de ofimática.,,,,,,,https://www.infojobs.net/galdakao/administrativo-recepcionista/of-ie36a66b3754336bdbfba0106c0d91b,1,
2,2024-04-14 10:38:49,ADMINISTRATIVO/A CON CERTIFICADO DISCAPACIDAD,Bilbao,Bizkaia,Se precisa para el departamento de operaciones un/a administrativo/a con certificado de discapacidad para Bilbao,12/04/2024,573871,,,Poseer certificado de discapacidad. Titulacion FP Grado Medio Administrativo/a,,,,,,,https://www.infojobs.net/bilbao/administrativo-con-certificado-discapacidad/of-i73e6b360dd41f2938e04c7356a090d,1,
2,2024-04-14 10:38:49,TÉCNICO/A COMERCIAL INTERNACIONAL,Orkoien,Navarra,"Empresa líder a nivel europeo dedicada a la transformación de pluma de pato y oca, y al comercio al por mayor de plumas y plumones, precisa incorporar: TÉCNICO/A COMERCIAL INTERNACIONAL",12/04/2024,573870,,,"Se piensa en personas con titulación de CFGS o similar, acostumbradas a trabajar con orientación a resultados y con capacidad para generar ideas innovadoras en su área. Con una experiencia como comercial de ventas de al menos 5 años, en entorno internacional. erá necesario dominar el inglés con un nivel alto, y se valorará un segundo idioma con preferencia en alemán. Etc.",,,,,Idiomas requeridos Inglés,,https://www.infojobs.net/orkoien/tecnico-comercial-internacional/of-iab501fa5594fc38ab7a34521bb3ba3,1,
2,2024-04-14 10:38:49,OPERARIO/A ARTES GRÁFICAS,Zamudio,Bizkaia,"Estamos buscando un operario para máquina offset, digitales y apoyo en acabados (alzados, grapados, guillotinado, encuadernados) para trabajar en nuestro taller de impresión de Zamudio (Bizkaia).",12/04/2024,573869,,,"Estamos pensando en una persona con formación en Artes Gráficas y/o con experiencia en trabajos con máquinas offset, digitales y acabados de pequeño formato, que entraría, tras un perídodo de prueba con la categoría de Oficial de 2ª del Convenio de Artes Graficas de Bizkaia. Importante experiencia previa de más de 3 años en manejo de máquinas offset.",,,,,,,https://www.infojobs.net/zamudio/operario-artes-graficas/of-if3fa426b67430eb8e95ad4d1ce8ccd,1,
2,2024-04-14 10:38:49,FRESADOR/A - MANDRINADOR/A CNC,Galdakao,Bizkaia,Seleccionamos para empresa ubicada en Galdakao a una persona para realizar las funciones de Fresador Mandrinador cnc.,12/04/2024,573868,,,3 años de experiencia mínima programando a pie de maquina tanto Fresadora como Mandrinador cnc Heidenhain. Mecanizado de pieza unitaria de grandes dimensiones en tolerancia H7. Dominio de calibre y micrómetro interior de profundidad. Disponibilidad de incorporación inmediata y vehículo propio. Ganas de formar parte de un proyecto estable.,,,,,,,https://www.infojobs.net/galdakao/fresador-mandrinador-cnc-h-m-puesto-estable/of-iedda5c296046a58d699c4181d2fa2b,1,
2,2024-04-14 10:38:49,ADMINISTRATIVO/A,Santander,Cantabria,"Buscamos administrativo/a para incorporación en empresa situada en Santander.Buscamos una persona con conocimientos de contabilidad. Tus principales funciones serán: Control, gestión y contabilización facturas proveedores. Conciliaciones bancarias. Preparación y presentación de impuestos. Control de comisiones financieras. Control del inmovilizado",12/04/2024,573867,,,Grado en ADE o FP de Grado Superior en Administración y finanzas. Experiencia de al menos 2 años en posición similar,,,,,,,https://www.infojobs.net/santander/administrativo/of-i8eb176c0a04a8cbdfcbbde67667247,1,
2,2024-04-14 10:38:49,CONTROLLER ADMINISTRACION PERSONAL Y FINANCIERO,Basauri,Bizkaia,"Como parte de un equipo de trabajo y en dependencia de la Dirección Financiera se encargará de: Confeccion de nominas y Seguros Sociales. Control absentismo, vacaciones y resto KPIs personal. Partes IT, mutuas, informes. Estudios de costes . Deseable conocimiento programa SAGE 200 nominas. Gestion de cartera de clientes. Reclamacion de facturas vencidas. Etc.",12/04/2024,573866,,,,,,,,,,https://www.infojobs.net/basauri/controller-administracion-personal-financiero/of-i0c5a26a3ea4ef493a87893a0fc4c4d,1,
2,2024-04-14 10:38:49,MÉDICO/A,Bilbao,Bizkaia,Se busca incorporar a su plantilla un/a médico/a para prestar servicio en Bilbao y otros centros de Bizkaia. En dependencia de la Responsable de Vigilancia de la Salud y siguiendo las directrices y los procedimientos establecidos se encargará de: Colaboración con unidades básicas de Vigilancia de la Salud. Tareas de apoyo en la realización de exámenes médicos de salud. Etc.,12/04/2024,573865,,,"Titulación en medicina. Conocimientos de ofimática a nivel usuario/a . Marcada orientación al cliente y capacidad organizativa. Carné de conducir B1. Vehículo propio. Iniciativa, Capacidad de Aprendizaje, Capacidad de trabajar en equipo, orientación al cliente.",,,,B1,,,https://www.infojobs.net/bilbao/medico/of-ia526b6510a4bb6a29654115a07c731,1,
2,2024-04-14 10:38:49,ELECTROMECÁNICO/A,Bilbao,Bizkaia,"Reconocida empresa multinacional del sector industrial precisa incorporar Electromecánico/a para incorporar en su equipo. Funciones a desempeñar: Operación de la planta, manejo y control del DCS de sala de control. Operación y supervisión de la descarga de los camiones cisterna de GNL a tanque. Operación del repostaje de buques. Etc.",12/04/2024,573864,,,"FP2 (especialidad electromecánica). Experiencia mínima 5 años en mantenimiento de plantas industriales. Conocimientos de equipos rotativos (bombas, ventiladores, alineación de equipos). Conocimientos de metrología dimensional. Lectura e interpretación de planos eléctricos. Manejo de ofimática (excel, word, outlook, ...). Etc.",,,,,,,https://www.infojobs.net/bilbao/electromecanico/of-ia451126bd14f128416c2efca66dcd6,1,
2,2024-04-14 10:38:49,TÉCNICO/A ESPECIALISTA EN RENOVABLES Y SISTEMAS,Donostia/San Sebastián,Gipuzkoa,"El objetivo es dar soporte a los instaladores y poner en marcha aquellas instalaciones que tengan productos de las marcas y que incluyan las instalaciones de climatización y agua caliente sanitaria con energías renovables, principalmente bombas de calor.",12/04/2024,573863,,,"Formación mínima a nivel de FP2 administrativo o similar, en un área técnica (eléctrica, electrónica, renovables...). Conocimientos demostrables de diseño y ejecución de instalaciones de climatización con bombas de calor. En posesión de los carnets de instaladores necesarios para la realización de los trabajos. Etc.",,,,,,,https://www.infojobs.net/donostia-san-sebastian/tecnico-especialista-renovables-sistemas/of-i5c7290c5464269a9385ec07944306e,1,
2,2024-04-14 10:38:49,ELECTROMECÁNICO/A,Santander,Cantabria,"Reconocida empresa multinacional del sector industrial precisa incorporar Electromecánico/a para incorporar en su equipo. Funciones a desempeñar: Operación de la planta, manejo y control del DCS de sala de control. Operación y supervisión de la descarga de los camiones cisterna de GNL a tanque. Operación del repostaje de buques. Etc.",12/04/2024,573862,,,"FP2 (especialidad electromecánica). Experiencia mínima 5 años en mantenimiento de plantas industriales. Conocimientos de equipos rotativos (bombas, ventiladores, alineación de equipos). Conocimientos de metrología dimensional. Lectura e interpretación de planos eléctricos. Manejo de ofimática (excel, word, outlook, ...). Etc.",,,,,,,https://www.infojobs.net/santander/electromecanico/of-i158c43e03d4723bac033a4274ae263,1,
2,2024-04-14 10:38:49,OPERARIO/A TRABAJOS EN CAMPA AL AIRE LIBRE CON CARRETILLA,Pamplona/Iruña,Navarra,"Empresa ubicada en Pamplona, busca incorporar de manera inmediata OPERAROS/AS para trabajar en CAMPA, AL AIRE LIBRE, trasladando materiales.",12/04/2024,573861,,,"carnet carretillo en vigor y experiencia manejo carretilla. Este trabajo no es para trabajar de carretillero, es para trabajar como operario al aire libre y manejar carretilla solo alguna vez. Disponibilidad inmediata para empezar a trabajar",,,,,,,https://www.infojobs.net/pamplona-iruna/operario-trabajos-campa-al-aire-libre-con-carretilla/of-i02eb034b0342dd9a3bb1ff33494098,1,
2,2024-04-14 10:38:49,ADMINISTRATIVO/A CON INGLÉS ALTO,Legorreta,Gipuzkoa,Seleccionamos para empresa de la zona de Tolosaldea una persona con perfil administrativo para trabajar como Back office de los departamentos de compras y de ventas.,12/04/2024,573860,,,Iniciativa. Orientación al cliente. Comunicación. Autonomía. Seguridad en sí mismo. Usuario avanzado en Ofimática.,,,,,,,https://www.infojobs.net/legorreta/administrativo-con-ingles-alto/of-i8fb30859dd4576a158875373726283,1,
2,2024-04-14 10:38:49,SOLDADOR/A,Oliete,Teruel,Importante taller de la zona de OLITE precisa incorporar un/a soldador/a con experiencia para finales de este mes.,12/04/2024,573859,,,Mínimo 2 años de experiencia como soldador/a. Habilidad y destreza manual. Detallismo.,,,,,,,https://www.infojobs.net/olite/soldador/of-i83284a13ff4390926097135d57ba95,1,
2,2024-04-14 10:38:49,TÉCNICO/A MANTENIMIENTO ELÉCTRICO,Pamplona/Iruña,Navarra,"Seleccionamos un/a Técnico/a de Mantenimiento Eléctrico para consolidada empresa industrial, localizada en las proximidades de Pamplona. Dependiendo del Responsable de Mantenimiento, realizará las tareas de mantenimiento preventivo y correctivo de las instalaciones/maquinaria de la planta, garantizando el correcto funcionamiento y mejoras en las mismas.",12/04/2024,573858,,,"Imprescindible Titulación Técnica: Grado Superior en Mantenimiento Eléctrico, Mecatrónica Industrial..., o formación equivalente con especialización en electricidad. Imprescindible aportar mínimo 2 años de experiencia profesional en el área de mantenimiento: un año en mantenimiento eléctrico y maquinaria, proveniente de entorno industrial. Valorable conocimientos de programación. Etc.",,,,,,,https://www.infojobs.net/pamplona-iruna/tecnico-mantenimiento-electrico-ref.-2500/of-i59596ff0d3492d9272e44aa143e683,1,
2,2024-04-14 10:38:49,ENCARGADO/A DE OBRA,Zamudio,Bizkaia,"Se precisa incorporar ENCARGADO DE OBRA EDIFICACIÓN , REHABILITACIÓN para obra ADJUDICADA",12/04/2024,573857,,,El candidato adecuado tendrá al menos 5 años de experiencia como encargado de obra en el área de edificación y estar acostumbrado a gestionar grandes volúmenes de trabajo y personas a su cargo. Esta experiencia deberá ser justificada con obras concretas,,,,,,,https://www.infojobs.net/zamudio/encargado-obra/of-i9c25fedbf24e359f8452a603c60c51,1,
2,2024-04-14 10:38:49,INGENIERO/A ELECTRONICO PARA AUTOMOCION (S),Bilbao,Bizkaia,"Definición técnica del proyecto, análisis del estado del arte e implementación de soluciones. Liderar el proyecto tanto internamente como para el cliente, siguiendo las fases e hitos del proyecto y participando en la gestión. Asegurar que se cumplan los principales objetivos de alcance, tiempo, costo, calidad y seguridadEtc.",12/04/2024,573856,,,"Conocimientos en IOT. Gestión de proyectos técnicos. Graduado en ingeniería electrónica. Al menos 3 años en un puesto similar con tecnologías similares. Experiencia como ingeniero electrónico. Habilidades personales y de comunicación, persona organizada al máximo. Nivel avanzado de Ingles C1",,,,,Idiomas requeridos Inglés,,https://www.infojobs.net/bilbao/ingeniero-electronico-para-automocion-s/of-i68e9c3f9724b33a50e6f8d13ad9ee3,1,
2,2024-04-14 10:38:49,OPERARIO/A MAQUINISTA H/M ALIMENTACIÓN INDUSTRIAL,Rincon De Soto,Rioja (La),Se precisan operarios H/M para manejo de maquinas en alimentación industrial. Se encargaran de manejo y control de maquinas en líneas. Control de producto.,12/04/2024,573855,,,Imprescindible vehículo para desplazamiento al puesto de empleo.,,,,,,,https://www.infojobs.net/rincon-de-soto/operario-maquinista-h-m-alimentacion-industrial/of-i786b6d3cd3479f89e23038cbc207bb,8,
2,2024-04-14 10:38:49,FRIGORISTA,Zamudio,Bizkaia,"Importante empresa de climatización busca incorporar un/a frigorista en ruta para dar servicio a sus clientes en Bizkaia. Las funciones a realizar son las siguientes: Mantenimiento integral de los servicios de climatización de los clientes, realizando tareas de supervisión de los equipos y reparación de los mismos. Mantenimiento preventivo y correctivo. Redacción de informes. Etc.",12/04/2024,573854,,,"Experiencia mínima de 3 años realizando las funciones descritas. Buscamos a una persona polivalente, dinámica y con buena actitud hacia el trabajo. Carnet de conducir B.",,,,,,,https://www.infojobs.net/zamudio/frigorista/of-id1c3886f4e409fb301e8363c3fb1ab,1,
2,2024-04-14 10:38:49,COORDINADOR/A TÉCNICO/A TEAM LEADER EN EL ÁMBITO DE GESTIÓN DE VULNERABILIDADES Y ALERTA TEMPRANA,Bilbao,Bizkaia,Un Coordinador Técnico Team Leader en el ámbito de Gestión de vulnerabilidades y Alerta Temprana (SME PREVENT) para Bilbao.,12/04/2024,573853,,,Experiencia en auditorias técnicas o desarrollo seguro y experiencia técnica en vulnerabilidades y su ciclo de vida. Es un requisito indispensable poder residir en Bilbao o en sus alrededores para el puesto.,,,,,,,https://www.infojobs.net/bilbao/coordinador-tecnico-team-leader-el-ambito-gestion-vulnerabilidades-alerta-temprana/of-iabb783ba594f2088281cf9399dc0a1,1,
2,2024-04-14 10:38:49,ASISTENTE ADMINISTRATIVO/A DE OPERACIONES,Bilbao,Bizkaia,"En nuestra empresa, líder en el sector de la consultoría de estrategia y operaciones, estamos en búsqueda de un perfil administrativo/a para integrarse en nuestro equipo de Operaciones en una plataforma de venta online",12/04/2024,573852,,,Estudios mínimos Grado en Comercio y Marketing,,,,,,,https://www.infojobs.net/bilbao/asistente-administrativo-operaciones/of-i6ceedc97f5425784cd8d14b71fcc22,1,
2,2024-04-14 10:38:49,ADMINISTRATIVO/A COMERCIAL,Arrigorriaga,Bizkaia,Empresa ubicada en Arrigorriaga dedicada a la fabricación de cajas de cartón precisa incorporara personal para realizar funciones de administrativo comercial.,12/04/2024,573851,,,"Formación Superior de administrativo/comercial. Experiencia en un puesto similar. Conocimientos de la operativa del sector industrial. Habilidades organizativas, de gestión del tiempo y de establecimiento de prioridades. . Dominio del paquete de programas MS Office conocimientos de Excel. Etc.",,,,,,,https://www.infojobs.net/arrigorriaga/administrativo-comercial-h-m-x/of-if0b1dfef884226a3a2506aa54277d5,1,
2,2024-04-14 10:38:49,AYUDANTE DISEÑO WEB Y RRSS,Mungia,Bizkaia,"Se selecciona ayudantes informáticos para una empresa ubicada en Mungia donde desarrollarán las siguientes funciones: Alimentar de contenido a la página web. Modificaciones en la página web. Gestión de las RRSS de la empresa subiendo y desarrollando noticias, proyectos ejecutados y nuevos proyectos.",12/04/2024,573850,,,Experiencia gestionando páginas webs y RRSS. Conocimientos específicos de informática. Valorable conocimiento de diseño gráfico y de catálogo. Nivel de inglés medio-alto. Residencia en Bizkaia.,,,,,Idiomas requeridos Inglés,,https://www.infojobs.net/mungia/ayudante-diseno-web-rrss/of-i124f467b5745878a43b62e590e6ffc,1,
2,2024-04-14 10:38:49,PREPARACIÓN CABLEADO,"Noain, Valle De Elorz",Navarra,"Se precisa incorporar para importante empresa del sector de la distribución de componentes eléctricos un/a operario/a de montaje de componentes eléctricos. FUNCIONES: Conectorización y manipulación de cableado (pelado, colocación de punteras y anillos, etiquetado, conexiones con cabezales). Interpretación de planos eléctricos. Etc.",12/04/2024,573849,,,Experiencia previa en puesto similar de al menos 1 año.,,,,,,,https://www.infojobs.net/noain-valle-de-elorz-noain-elortzibar/preparacion-cableado/of-id8c47e2dbb49bd902143ade59234db,1,
2,2024-04-14 10:38:49,VENDEDORES/AS,Lasarte-Oria,Gipuzkoa,"Se precisa para su departamento comercial vendedores. Ventas en el sector de pintores, rehabilitadores, industrias, etc.",12/04/2024,573848,,,Nivel cultural medio. Vocación comercial. Se valorará experiencia en el sector. Se valorará residir en la zona (Gipuzkoa). Se valorará Euskera.,,,,,,,https://www.infojobs.net/lasarte-oria/imaz-color-precisa-para-su-departamento-comercial-vendedores/of-ib33f0c0ab84d3084870fb745f71b07,1,
2,2024-04-14 10:38:49,PROJECT MANAGER DESARROLLO PRODUCTO AUTOMOCIÓN,Pamplona/Iruña,Navarra,Buscamos un Project Manager para trabajar en Desarrollo de Componentes de Automoción (Auto Parts) con conocimientos de Inglés y Francés,12/04/2024,573847,,,"Ingeniero/a industrial preferentemente. Experiencia en Automoción (Deseable). Experiencia (aunque sea breve) como Project Manager de Componentes. Conocimientos en procesos de fabricación. Project Management. PMP. Metodologías Lean, Metodologías de Calidad, Metodologías de Fabricación. INGLÉS Nivel Alto. FRANCÉS Nivel Alto.",,,,,Idiomas requeridos Inglés Francés,,https://www.infojobs.net/pamplona-iruna/project-manager-desarrollo-producto-automocion-pamplona/of-ia639a15747487ea5052a241376ef86,1,
2,2024-04-14 10:38:49,LIMPIADOR/A,Beasain,Gipuzkoa,Se necesita limpiador/a en Beasain. Imprescindible tener vehiculo. Horario de lunes a viernes de 16:30 a 19:30,12/04/2024,573846,,,,,,,,,,https://www.infojobs.net/beasain/se-necesita-limpiador-beasain/of-i93060de4a540d9b782b22f7071ec88,1,
2,2024-04-14 10:38:49,PEÓN/A INSTALADOR/A POLIVALENTE AUTOCARAVANAS,Irun,Gipuzkoa,Instalación de accesorios en general para preparación y entrega de autocaravanas. Conocimientos básicos de electricidad. Reparación de equipos de abordo. Servicio de reparación y posventa multimarca. Limpieza de vehículos y taller. Organización y montaje de ferias y exposiciones. Entre otras funciones propias del puesto.,12/04/2024,573845,,,Personalidad polivalente y multitarea. Se requiere una persona acostumbrada a realizar variedad de trabajos. Versatilidad. Mentalidad de trabajo en equipo y adaptabilidad. Capacidad de trabajo bajo presión. Carnet B imprescindible,,,,B,,,https://www.infojobs.net/irun/peon-instalador-polivalente-autocaravanas/of-i67fdcd434c432699be3bad07797cab,1,
2,2024-04-14 10:38:49,CONSULTOR/A ONSITE RRHH (TAG),Pamplona/Iruña,Navarra,"Necesitamos incorporar un/a Consultor/a de RRHH para trabajar para un importante cliente en Pamplona, donde se le dará servicio para la selección de los perfiles del sector industrial.",12/04/2024,573844,,,"Formación universitaria, valorando la especialización en RRHH y la gestión de personas. Vehículo propio y carné de conducir. Experiencia mínima Al menos 1 año en puesto similar realizando funciones como consultor/a de selección. Disponibilidad de incorporación inmediata.",,,,,,,https://www.infojobs.net/pamplona-iruna/consultor-onsite-rrhh-tag/of-idf581acd784b57a2d19ac8f44d3fb0,1,
2,2024-04-14 10:38:49,ADMINISTRATIVO/A DE ADMISIÓN HOSPITALARIA,Vitoria-Gasteiz,Araba/Álava,"Buscamos Administrativos/as para Admisión en Vitoria. Funciones: Atención al paciente. Gestión de la documentación aportada por los pacientes. Registro de pacientes para ingresos, quirófanos y consultas externas. Atención Telefónica a los profesionales del centro citando interconsultas y facilitando la comunicación internamente. Coordinación de agenda . Etc.",12/04/2024,573843,,,Grado medio /Superior en Administración (Formación profesional). Experiencia: Al menos 1 año puestos de ATT. cliente.,,,,,,,https://www.infojobs.net/vitoria-gasteiz/administrativo-admision-hospitalaria-vitoria/of-i791ca9d1be4b3db1d04aea601e6860,1,
2,2024-04-14 10:38:49,CALDERERO/A - SOLDADOR/A,"Corrales De Buelna, Los",Cantabria,"Se selecciona para importante grupo industrial orientado al desarrollo de actividades de calderería industrial, montajes, fabricación de maquinaria así como mantenimiento y servicios para el sector industrial, ubicado en Los Corrales de Buelna, Calderero/a y Soldador",12/04/2024,573842,,,Formación profesional de Grado Medio o Superior relacionado con el sector metalúrgico. Experiencia mínima de 2 años como soldador/a o calderero/a. Disponer de Tarjeta Profesional del Metal. Disponibilidad para incorporación inmediata.,,,,,,,https://www.infojobs.net/los-corrales-de-buelna/calderero-soldador/of-i1123d38b224a07acbbad59983a606f,1,
2,2024-04-14 10:38:49,CHAPISTA VEHÍCULOS,Logroño,Rioja (La),"Localizar y diagnosticar deformaciones estructurales de los vehículos. Montar y desmontar de elementos que forman parte de la carrocería del vehículo, sustituyéndolos o ajustándolos mediante uniones fijas o desmontables. Reparar daños estructurales de elementos de la carrocería. Realizar enmascarado, enmasillado y lijado de vehículos, preparándolos para entrar en pintura. Etc.",12/04/2024,573841,,,Un par de años de experiencia. Residencia en Logroño o alrededores (no más 30km),,,,,,,https://www.infojobs.net/logrono/buscamos-chapista-vehiculos-logrono.-contrato-indefinido/of-ieb7295774a43cba603623df97d2430,2,
2,2024-04-14 10:38:49,"TÉCNICO/A DE SALAS DE CALDERAS, CLIMATIZACIÓN Y CALEFACCIÓN",Derio,Bizkaia,"Reparación y mantenimiento correctivo y preventivo de sala de calderas en comunidades y talleres. Instalación, reparación y mantenimiento de sistemas de aire acondicionado. Instalación de sistemas de ventilación industrial. Trabajos básicos de fontanería.",12/04/2024,573840,,,Ciclo Formativo Grado Superior Instalación y Mantenimiento. Experiencia de más de 5 años en las tareas descritas. Conocimientos de electricidad aplicados a las instalaciones de climatización y ventilación. Se valorará muy positivamente carne de R.I.T.E.. Residencia en Bilbao o alrededores. Carne de conducir. Autonomía y Flexibilidad. Etc.,,,,,,,https://www.infojobs.net/derio/tecnico-salas-calderas-climatizacion-calefaccion/of-ifd16d290414f149eadc315446f4a3b,2,
2,2024-04-14 10:38:49,TÉCNICO/A DE SOPORTE Y SISTEMAS,Pamplona/Iruña,Navarra,Estamos en búsqueda de un/a Técnico de Soporte y Sistemas en Pamplona para importante grupo tecnológico con delegaciones en toda la zona norte.,12/04/2024,573839,,,"Pensamos en un perfil con 1 2 años de experiencia en área de Soporte, Helpdesk o similares y con capacidad para tocar diferentes ámbitos con Sistemas, Redes, Monitorización y similares.",,,,,,,https://www.infojobs.net/pamplona-iruna/tecnico-soporte-sistemas-pamplona/of-i0ffc895691463297f4af787fb63f6c,1,
2,2024-04-14 10:38:49,TCO/A. SUP. PREVENCION RIESGOS LABORALES. COORDINADOR/A SEGURIDAD Y SALUD. TIT. GRADO.,Vitoria-Gasteiz,Araba/Álava,Empresa consultora de ingeniería y servicios precisa un Técnico Superior en Prevención de Riesgos Laborales-Coordinador de Seguridad y Salud. Titulación de Grado / Máster. Ingeniería,12/04/2024,573838,,,TECNICO SUPERIOR EN PREVENCION DE RIESGOS LABORALES-COORDINADOR DE SEGURIDAD Y SALUD. TIT. GRADO. Ingles nivel conversación.,,,,,Idiomas requeridos Inglés,,https://www.infojobs.net/vitoria-gasteiz/tco.-sup.-prevencion-riesgos-laborales.-coordinador-seguridad-salud.-tit.-grado./of-ia99e7034ce45cd9e2df71f7f639f82,1,
2,2024-04-14 10:38:49,ADMINISTRACIÓN EXPEDICIONES,Melida,Navarra,"Administración de expediciones, pedidos, albaranes, atención transportistas, etc. Control de accesos",12/04/2024,573837,,,"Formación y experiencia en administración. Soltura en ofimática, sobre todo en excel",,,,,,,https://www.infojobs.net/melida-navarra-espana/administracion-expediciones-an-avicola-melida/of-ibe033a0c5d4110b08771a09f01ae6b,1,
2,2024-04-14 10:38:49,ARQUITECTO/A TÉCNICO/A O SUPERIOR,Bilbao,Bizkaia,"Empresa dedicada al sector de la construcción, especialmente enfocada en obras de Rehabilitación y Reforma, con importante cartera de clientes tanto en el ámbito público como privado, y ubicada en las cercanías de Bilbao, precisa contratar: ARQUITECTO/A TÉCNICO/A O SUPERIOR",12/04/2024,573836,,,"Buscamos un/a profesional del sector, con formación preferiblemente en Arquitectura Técnica o Superior aunque sin descartar otras titulaciones técnicas relacionadas, que aporte una experiencia de 4-5 años en puestos similares en el sector de la construcción y preferiblemente en obras de rehabilitación de edificios.",,,,,,,https://www.infojobs.net/bilbao/arquitecto-tecnico-o-superior/of-ia49c054779467292698cda78321820,1,
2,2024-04-14 10:38:49,PLANIFICADOR/A DE PRODUCCIÓN,Torrelavega,Cantabria,Estamos buscando un/a Planificador/a de Producción para importante empresa de Torrelavega. Tus funciones serán: Elaboración de fichas técnicas. Desarrollo de planos. Creación de órdenes de trabajo. Planificación de la producción. Optimización de procesos.,12/04/2024,573835,,,Experiencia en el puesto solicitado. Grado en Ingeniería. Dominio de Excel. Inglés nivel B2.,,,,,Idiomas requeridos Inglés,,https://www.infojobs.net/torrelavega/planificador-produccion/of-i6c21900db94ff6ba17b7582312f303,1,
2,2024-04-14 10:38:49,TÉCNICO/A NÓMINAS SENIOR,Bilbao,Bizkaia,"Importante Asesoría con cartera de clientes de primer nivel, precisa incorporar para su departamento laboral, en sus instalaciones situadas en Bilbao: TÉCNICO/A NÓMINAS SENIOR",12/04/2024,573834,,,"Perfil experimentado en la elaboración de nóminas y seguros sociales, preferentemente con clientes de tamaño grande. Acostumbrado/a a trabajar con importante volumen de nóminas Conocimientos y experiencia con programas de gestión de nóminas tales como A3, Meta4, Diamalab, etc.",,,,,,,https://www.infojobs.net/bilbao/tecnico-nominas-senior/of-ic79c95457a416ea2a0ca92144314db,1,
2,2024-04-14 10:38:49,PINTOR/A INDUSTRIAL,Vitoria-Gasteiz,Araba/Álava,Buscamos pintores/as de pintura líquida electrostática para el pintado de piecerio industrial y estructuras para empresas situadas en polígonos industriales cercanos a Vitoria.,12/04/2024,573833,,,,,,,,,,https://www.infojobs.net/vitoria-gasteiz/pintor-industrial/of-i22f7b0558d4197b0494c42e2e0ddfb,2,
2,2024-04-14 10:38:49,PERSONAL DE ENFERMERÍA,Pamplona/Iruña,Navarra,"Actualmente disponemos de una posición abierta de ENFERMERO/A para PAMPLONA. El cometido de este/a profesional será la vigilancia y control de la salud de los trabajadores de las empresas cliente, mediante la realización de la vigilancia de la salud y exámenes médicos.",12/04/2024,573832,,,Titulación Enfermería. Valorable especialidad en enfermería del trabajo. Licencia de conducir B. Vehículo propio. Manejo paquete ofimático cuentas de correo.,,,,B,,,https://www.infojobs.net/pamplona/personal-enfermeria-pamplona/of-i18c3714a45493eb9dd86d9750f9c24,1,
2,2024-04-14 10:38:49,CORPORATE PROJECT MANAGER,Oñati,Gipuzkoa,Definir los procesos necesarios para garantizar la fabricabilidad de los proyectos. Se encargará y supervisará la industrialización de los proyectos. Desarrollar y aplicar estándares y buenas prácticas en las diferentes plantas del grupo. Implementación y seguimiento con los diferentes departamentos y personas que interfieran en los proyectos. Etc.,12/04/2024,573831,,,"Grado en organización industrial, mecánico/a o similar. Experiencia de 3-4 años en el área de procesos/industrialización. Se valorará muy positivamente experiencia directa en el sector automotriz. Disponibilidad para viajes ocasionales (2 al año). Inglés B2",,,,,Idiomas requeridos Inglés,,https://www.infojobs.net/onati/corporate-project-manager/of-ic4bb0d9e8d441fa0d3f81e91e1448b,1,
2,2024-04-14 10:38:49,INGENIERO/A CÁLCULO FEM,Pamplona/Iruña,Navarra,ingeniero cálculo FEM que se encargará de la realización de cálculos de ruidos y vibraciones de los componentes. También realizará la documentacion asociada a dichos cálculos.,12/04/2024,573830,,,Grado ingeniería mecánica. manejo de programas cálculo FEM muy valorable FEMAP. Inglés medio. Experiencia al menos 2 años como ingeniero de cálculo FEM. Muy valorable experiencia en cálculos de ruidos y vibraciones.,,,,,Idiomas requeridos Inglés,,https://www.infojobs.net/pamplona-iruna/ingeniero-calculo-fem/of-i69029e7e25404098a4c8bc3c202063,1,
2,2024-04-14 10:38:49,OPERARIO/A CORTE METÁLICO,Vitoria-Gasteiz,Araba/Álava,Se precisa incorporar operarios/as de chapa para importante empresa dedicada a la aeronáutica ubicada en polígono industrial cercano a Vitoria-Gasteiz. FUNCIONES: Corte de chapa mediante utilización de cizalladora. Manejo de herramientas manuales. Operar máquina de corte por agua (CNC).,12/04/2024,573829,,,Experiencia en manejo de herramientas manuales y en corte de chapa. Incorporación inmediata. Persona metódica y detallista,,,,,,,https://www.infojobs.net/vitoria-gasteiz/operario-corte-metalico/of-i271b7b6b304d4e8c4fcd598c4a9e87,1,
2,2024-04-14 10:38:49,ADJUNTO/A DIRECCIÓN - SECTOR INMOBILIARIO / CONSTRUCCIÓN,Durango,Bizkaia,"Empresa constructora / promotora en expansión con una clara orientación al cliente, precisa incorporar un asistente de dirección que en dependencia directa del presidente de la empresa trabajará gestionando transversalmente diferentes aspectos relacionados con: Gestión de contratos.Apoyo en la gestión a societaria y tributaria. Apoyar en la gestión administrativa diaria, etc.",12/04/2024,573828,,,Nivel de inglés fluido. Formación en Empresariales muy valorable tener la doble titulación en Administración de Empresas y Derecho. Manejo fluido de herramientas ofimáticas.,,,,,Idiomas requeridos Inglés,,https://www.infojobs.net/durango/adjunto-direccion-sector-inmobiliario-construccion/of-i3522a24a9345b594ab7ae749dd8de9,1,
2,2024-04-14 10:38:49,ENCARGADA/O DE TIENDA,Donostia/San Sebastián,Gipuzkoa,"Una marca líder en moda femenina, está en búsqueda de una Encargada de Tienda apasionada y dedicada para unirse a nuestro equipo en DONOSTIA-SAN SEBASTIAN. Como Encargada, serás responsable de supervisar las operaciones diarias de la tienda, asegurando un excelente servicio al cliente, un ambiente de trabajo positivo y el cumplimiento de los objetivos de ventas.",12/04/2024,573827,,,"Experiencia previa, de al menos dos años, en ventas al por menor, en roles de supervisión o liderazgo. Excelentes habilidades de comunicación y capacidad para trabajar de manera efectiva en equipo. Orientación al cliente y habilidades para resolver problemas. Capacidad para trabajar en un entorno dinámico y adaptarse a las necesidades cambiantes del negocio. Etc.",,,,,,,https://www.infojobs.net/donostia-san-sebastian/encargada-tienda-donostia-san-sebastian/of-i4033e3b19747eabad6bf2c26026046,1,
2,2024-04-14 10:38:49,OPERARIO/A PULIDO DE CHAPA,Vitoria-Gasteiz,Araba/Álava,Se precisa incorporar operarios/as de chapa para importante empresa dedicada a la aeronáutica ubicada en polígono industrial cercano a Vitoria-Gasteiz. FUNCIONES: Pulido de chapa. Manejo de herramientas manuales,12/04/2024,573826,,,Experiencia en manejo de herramientas manuales y en pulido de chapa. Incorporación inmediata. Persona metódica y detallista.,,,,,,,https://www.infojobs.net/vitoria-gasteiz/operario-pulido-chapa/of-i41b570838c40808c878ae1ade908a9,1,
2,2024-04-14 10:38:49,OPERARIO/A DE MECANIZADO,"Noain, Valle De Elorz",Navarra,"Estamos en búsqueda de un/a operario/a de mecanizado, para trabajar en una empresa, situada en Aoiz. Cuáles serán las principales funciones: Interpretación de planos. Utilización de instrumentos de medición. Utilización de maquinaria. Fabricación, ajustes y rectificación de piezas.",12/04/2024,573825,,,FPII mecanizado. Experiencia con herramienta manual. Montaje piezas. Trabajar el metal de manera manual,,,,,,,https://www.infojobs.net/noain-valle-de-elorz-noain-elortzibar/operario-mecanizado-aoiz/of-i9e704bbd8740cdad544427f5a4d92b,1,
2,2024-04-14 10:38:49,DEPENDIENTE/A FLORISTERÍA,Portugalete,Bizkaia,Tienda de flores ubicada en Portugalete precisa incorporar personal para realizar funciones de dependiente.,12/04/2024,573824,,,Experiencia en floristería,,,,,,,https://www.infojobs.net/portugalete/dependiente-floristeria-h-m-x/of-i2f045f2408401d8f4ae64300ac9432,1,
2,2024-04-14 10:38:49,AUX. ADMINSITRATIVO/A. BACK OFFICE,Bilbao,Bizkaia,"Buscamos incorporar aux. administrativo/a para empresa de suministros y materiales de construcción ubicada en Bilbao. En este puesto realizarás funciones de gestión de pedidos en ERP, facturación, control de albaranes y gestión de documentación entre otros.",12/04/2024,573823,,,Necesario experiencia previa en administración y facturación. Necesario disponibilidad inmediata.,,,,,,,https://www.infojobs.net/bilbao/aux.-adminsitrativo-a.-back-office/of-id8d4d6ff2247099a8244a27592da8f,1,
2,2024-04-14 10:38:49,INGENIERO/A INDUSTRIAL,Salvatierra/Agurain,Araba/Álava,Ingeniero Industrial en Salvatierra/Agurain (Álava),12/04/2024,573822,,,"Experiencia mínima de 2 años en departamentos técnicos. Titulación en Ingeniería Técnico/a en Diseño Mecánico/a, con sólidos conocimientos en procesos de Fundición. Dominio de MS Office, diseño en 3D con Unigraphics NX y experiencia en Magmasoft para simulaciones. Es esencial contar con vehículo propio debido a la ubicación sin acceso a transporte público.",,,,,,,https://www.infojobs.net/salvatierra-agurain/ingeniero-industrial/of-i16d82768594226a9a8d5974aefb2b4,1,
2,2024-04-14 10:38:49,TÉCNICO/A DE MANTENIMIENTO,Corella,Navarra,"Empresa líder en el sector de la alimentación de la zona de influencia de Corella, precisa incorporar un Técnico Mantenimiento con experiencia.",12/04/2024,573821,,,"Buscamos una persona con iniciativa, resolutiva y dinámica, con capacidad de trabajo en equipo. Formación Profesional de Grado Superior relacionada con el puesto (electromecánica, electricidad, electrónica, mantenimiento industrial o similares). Experiencia mínima de 1 año en puestos similares desempeñando las funciones descritas. Etc.",,,,,,,https://www.infojobs.net/corella/tecnico-mantenimiento/of-i7530cb08094e2387af907c4d6ecda8,1,
2,2024-04-14 10:38:49,SOLDADOR/A CON SEMIAUTOMÁTICA,Ugao-Miraballes,Bizkaia,Trabajarás en una empresa con mucho recorrido en el ámbito industrial de la zona de Ugao-Miraballes donde requiere experiencia en soldadura semiautomática,12/04/2024,573820,,,"En esta empresa te pedirán experiencia en soldadura por robot, con el manejo de esta máquina, y para calidad y mejora de la soldadura se hará con soldadura semiautomática.",,,,,,,https://www.infojobs.net/ugao-miraballes/soldador-con-semiautomatica/of-i0bbdd53c53447d9f159553c5cd45eb,2,
2,2024-04-14 10:38:49,AYTE. COCINA Y LIMPIEZA,Donostia/San Sebastián,Gipuzkoa,"Buscamos para nuestro centro ubicado en San Sebastián, una persona acostumbrada a trabajar en equipo, dinámica, resolutiva, que le guste y conozca la profesión. Las tareas a desempeñar entre otras funciones serán: Ayudar en las tareas de cocina. Servir las comidas. Limpiar la vajilla y el comedor.",12/04/2024,573819,,,Mínimo 2 años de experiencia como cocinero/a en el sector de restauración de colectividades. Incorporación inmediata,,,,,,,https://www.infojobs.net/san-sebastian/ayte.-cocina-limpieza-san-sebastian/of-i1cce0848ed4c99b4c8c52e590fb7fe,1,
2,2024-04-14 10:38:49,ATENCIÓN AL PÚBLICO EN ESTACIÓN DE SERVICIO,Altsasu/Alsasua,Navarra,Estamos seleccionando a un/a persona que atienda al público en una estación de servicio de la zona de ALSASUA. Funciones: Atención al cliente en tienda y en pistas. Cobro en caja. Mantenimiento de orden y limpieza en el establecimiento .,12/04/2024,573818,,,Carnet de conducir y coche propio,,,,,,,https://www.infojobs.net/altsasu-alsasua/atencion-al-publico-estacion-servicio/of-i4410e04d9d485381e0935d8fe81620,1,
2,2024-04-14 10:38:49,ELECTROMECÁNICO/A DE VEHÍCULOS Y ASESOR/A DE SERVICIOS,Beasain,Gipuzkoa,Taller mecánico situado en Beasain necesita incorporar un/a electromecánico/a y un/a asesor/a de servicios para incorporación inmediata para puesto indefinido.,12/04/2024,573817,,,,,,,,,,https://www.infojobs.net/beasain/electromecanico-vehiculos-asesor-servicios/of-i15201dd9e0427381e9d8c34c5abdb6,2,
2,2024-04-14 10:38:49,CONSULTOR/A DE RECURSOS HUMANOS,Bilbao,Bizkaia,Buscamos un perfil Consultor Junior de Recursos Humanos para realizar las prácticas en nuestro departamento Internacional.,12/04/2024,573816,,,"Titulación universitaria en: Psicología, Relaciones Laborales ADE o similar. Orientación a las personas. Valorable experiencia en Selección de Personal. B1 en Inglés. B1 en Italiano.",,,,,Idiomas requeridos Inglés Italiano,,https://www.infojobs.net/bilbao/consultor-recursos-humanos/of-i27b5c1436641fd935c3b1bd100f3f1,1,
2,2024-04-14 10:38:49,COCINERO/A,Santa Cruz De Bezana,Cantabria,"Elaboración de platos para el menú del día, así como tipo platos como paellas, hamburguesas gourmet y variedad de platos de distintas procedencias. Gestión del personal de cocina, incluyendo la asignación de tareas y el mantenimiento de un ambiente de trabajo eficiente y colaborativo.Etc.",12/04/2024,573815,,,"Experiencia previa como Jefe de Cocina o en posición similar en establecimientos gastronómicos. Conocimientos sólidos en la elaboración de platos del menú del día, arroces, hamburguesas gourmet y otros platos de distintas procedencias. Habilidades de liderazgo y gestión de equipos. Capacidad para trabajar bajo presión y en un entorno de ritmo rápido. Etc.",,,,,,,https://www.infojobs.net/santa-cruz-de-bezana/cocinero/of-iced24c12994b509fc452c8f377c160,1,
2,2024-04-14 10:38:49,REBARBADOR/A (AJUSTADOR/A),"Astillero, El",Cantabria,"Buscamos una persona con experiencia en rebabado de piezas grandes (1-25TN), en maniobras con Puente Grúa y ajuste de la pieza final. Tareas: Rebarbar. Maniobras con Puente Grúa. Uso y manejo de Maquinaría manual neumática y eléctrica. Ajuste final de la pieza.",12/04/2024,573814,,,Experiencia en las labores descritas. Certificación para el manejo de Puente Grúa. Muy Valorable Saber interpretar planos y uso de Equipos de Medición,,,,,,,https://www.infojobs.net/el-astillero/rebarbador-ajustador-astillero/of-ia74e293941457f95d41f5ecc730dc4,1,
2,2024-04-14 10:38:49,OPERARIO/A DE MANDRINADORA,Arakaldo,Bizkaia,Estamos seleccionando Mandrinador/a CNC para empresa perteneciente al sector industrial ubicada en el Valle de Ayala. Tus funciones serán las siguientes: Mecanizado de piezas en mandrinadora. Control de calidad de piezas. Labores propias de taller industrial.,12/04/2024,573813,,,,,,,,,,https://www.infojobs.net/arakaldo/operario-mandrinadora/of-if5ca4f7dc74ce6bb9db8893888ae84,1,
2,2024-04-14 10:38:49,OPERARIO/A DE PRODUCCIÓN,Sondika,Bizkaia,"Buscamos a una persona para cubrir una vancate en turnos rotativos. Abastecer Hornos con metal, metal fundido con medios de transporte y elevacion como carretillas y palas. Recoger el producto en filtros mediante carretillas.Vigilar el correcto funcionamiento de las instalaciones, corrigiendo posibles atascos y manteniendo el orden y limpieza del puesto de trabajo. Etc.",12/04/2024,573812,,,"Capacidad de trabajo en equipo, proactividad y velar por el cumplimiento de las normas. Experiencia en empresas metalúrgicas es un plus a valorar pero no imprescindible",,,,,,,https://www.infojobs.net/sondika/operario-produccion/of-ib63ff4c5c343ccb1b173a59613091e,1,
2,2024-04-14 10:38:49,COORDINADOR/A TÉCNICO DE REFORMAS EN VIVIENDAS,Torrelavega,Cantabria,"Empresa nacional, con gran proyección en el mercado de la construcción. Precisa incorporación inmediata para su delegación en Cantabria para labores de planificación y seguimiento de obras de reformas de viviendas.",12/04/2024,573811,,,"Organizacion, gestion medicion y planificacion de obras",,,,,,,https://www.infojobs.net/torrelavega/coordinador-tecnico-reformas-viviendas/of-id7571e74d6432380e66c3840d31bb6,1,
2,2024-04-14 10:38:49,TELEOPERADOR/A,Torrelavega,Cantabria,Se necesitan teleoperadores con experiencia en sector de telecomunicaciones. Horario de mañana de 09:00 a 14:00,12/04/2024,573810,,,"Capacidad de escucha, persuasión, negociación, liderazgo y persistencia",,,,,,,https://www.infojobs.net/torrelavega/teleoperador-torrelavega/of-if7f0a66f1d40c1bfd661cd3129c65e,5,
2,2024-04-14 10:38:49,ANALISTA PROGRAMADOR/A ANGULAR,Bilbao,Bizkaia,Trabajamos para impulsar tu carrera profesional proponiéndote nuevos retos. Trabajarás con las tecnologías más vanguardistas tanto en proyectos nacionales e internacionales.,12/04/2024,573809,,,trabajamos para impulsar tu carrera profesional proponiéndote nuevos retos. Trabajarás con las tecnologías más vanguardistas tanto en proyectos nacionales e internacionales.,,,,,,,https://www.infojobs.net/bilbao/analista-programador-angular/of-i1c7e4e43f2422885c8ce2e237cec36,3,
2,2024-04-14 10:38:49,BUSINESS DEVELOPMENT,Elgoibar,Gipuzkoa,"Reportando a la Dirección Comercial tu misión inicial será dar apoyo al departamento comercial, con el objetivo de conocer en detalle el producto, los clientes, la operativa y el sistema de gestión, y poco a poco poder entrar en funciones más vinculadas a estudios de mercado, definición de estrategias, visitas a clientes, búsqueda de nuevas oportunidades de negocio, etc.",12/04/2024,573808,,,"Buscamos una profesional que quiera incorporarse a un equipo con un claro objetivo de crecimiento mientras ayudamos a hacer de nuestro planeta un lugar mejor, gracias a nuestras soluciones completas para el reciclaje de residuos metálicos. Imprescindible persona positiva con resiliencia y buen humor.",,,,,,,https://www.infojobs.net/elgoibar/business-development/of-i7d0ca1177746dd93eebc3b3f626ad5,1,
2,2024-04-14 10:38:49,CAMARERO/A DE PISO HOTEL,Donostia/San Sebastián,Gipuzkoa,"Importante empresa del sector limpieza, requiere para su equipo de trabajo camarero/as de piso con experiencia minima de 6 meses para prestigioso hotel ubicado en San Sebastian, Donostia",12/04/2024,573807,,,Experiencia como camarero/a de pisoss,,,,,,,https://www.infojobs.net/donostia-san-sebastian/camarero-piso-hotel-san-sebastian/of-i546afcd73a4e7b8ea3f3ee56341fbc,110,
2,2024-04-14 10:38:49,OFICIAL/A 1ª OBRA / RESPONSABLE DE OBRA,Torrelavega,Cantabria,"Empresa nacional, con gran proyección en el mercado de la construcción. Precisa incorporación inmediata para su delegación en Cantabria para labores de planificación y seguimiento de obras de reformas de viviendas.",12/04/2024,573806,,,"Organizacion, gestion medicion y planificacion de obras",,,,,,,https://www.infojobs.net/torrelavega/oficial-1-obra-responsable-obra/of-i95e004492b4e74a0f286130a680a87,1,
2,2024-04-14 10:38:49,COMERCIAL PRÓTESIS DENTALES,Bilbao,Bizkaia,Actualmente necesitan incorporar un/a COMERCIAL especializado en prótesis dentales del sector odontológico para llevar el mercado de Bilbao.,12/04/2024,573805,,,"Experiencia mínima de 5 años como Comercial en el sector odontológico. Formación CFGS en prótesis dental, sector sanidad y/o administración y comercio o estudios universitarios relacionados con ADE, comercio o similar. Amplio conocimiento sobre prótesis dentales. Nivel muy alto de español. Nivel negociación. Valorables nivel medio/alto de inglés.",,,,,,,https://www.infojobs.net/bilbao/comercial-protesis-dentales/of-iceed0b41be4ebfb33a5094a4cd9065,1,
2,2024-04-14 10:38:49,FARMACÉUTICO/A,Logroño,Rioja (La),Buscamos a un farmacéutic@ a jornada completa y horario continuo con ganas de aprender y trabajar en un buen ambiente de trabajo.,12/04/2024,573804,,,Ganas de trabajar y de aprender cada día.,,,,,,,https://www.infojobs.net/logrono/farmaceutic/of-i5f3ffb718449cebcac656c07169f7e,1,
2,2024-04-14 10:38:49,REPARTIDOR/A MEDIA JORNADA,Santander,Cantabria,"Se requiere un conductor/a, con experiencia en el sector del transporte, que disponga del Carnet de conducción B o C para realización de las rutas fijadas por el departamento de logística.",12/04/2024,573803,,,,,,,B / C,,,https://www.infojobs.net/santander/repartidor-media-jornada/of-i637f00f58e416fabdae0ca9e677ceb,1,
2,2024-04-14 10:38:49,COCINERO/A,Puente Viesgo,Cantabria,"seleccionamos Cocineros/as para incorporarse en importante complejo hotelero y termal de Puente Viesgo que dispone de las instalaciones más modernas y completas de su clase en la Cornisa Cantábrica, con sus instalaciones y servicios de lujo en un entorno de plena naturaleza",12/04/2024,573802,,,"Experiencia previa como cocinero/a en hoteles y/o restaurantes. Conocimiento de la partida de frío/caliente. Hábitos de seguridad, limpieza e higiene en el trabajo. Habilidades de trabajo en equipo. Disponibilidad inmediata.",,,,,,,https://www.infojobs.net/puente-viesgo/cocinero/of-i9df7f2fb4d406d9e679ff51c6782bf,2,
2,2024-04-14 10:38:49,TÉCNICO/A DE REDES N1,Vitoria-Gasteiz,Araba/Álava,Estamos en busca de un Técnico de Redes N1 para unirse a nuestro equipo de CEX/CGE.,12/04/2024,573801,,,"Conocimientos básicos en infraestructura de red de fabricantes Routers CISCO, Teldat. Experiencia en mantenimiento de red, diagnóstico y resolucion de incidencias de comunicaciones a través de troubleshooting básico. Conocimientos técnicos en routing, switching, VoIP y wifi. Buen manejo con herramientas de ticketing (SAC-Vantive, GDIA, Argonauta), etc.",,,,,,,https://www.infojobs.net/vitoria-gasteiz/tecnico-redes-n1-euskadi-estable/of-i5149b49eca4638a962e42de44b4c9f,1,
2,2024-04-14 10:38:49,PROGRAMADOR/A ELECTRÓNICO,Andoain,Gipuzkoa,"Buscamos a un/a especialista electrónico, para una importante empresa industrial en crecimiento, especializada en el ámbito eléctrico, que está situada a menos de 20 minutos de Donosti.",12/04/2024,573800,,,4 años de experiencia en programación de autómatas y puesta a punto de líneas automatizadas en ámbitos industriales. Conocimientos de programación de PLC Siemens. Será valorable el tener conocimientos en otro tipo de autómatas como Omrom y Allen Bradley y robótica. Nivel de inglés medio. Etc.,,,,,Idiomas requeridos Inglés,,https://www.infojobs.net/andoain/programador-electronico/of-i603d5aaa9841b297e1ff89d41307b0,1,
2,2024-04-14 10:38:49,CARPINTERO/A EN PVC,Medio Cudeyo,Cantabria,Se busca carpintero/a metálico para empresa especializada en la fabricación de ventanas de PVC y ALUMINIO.,12/04/2024,573799,,,Es imprescindible tener experiencia en FABRICACIÓN de ventanas de PVC/aluminio. Experiencia en montaje. Perfil polivalente y dinámico.,,,,,,,https://www.infojobs.net/medio-cudeyo/carpintero-pvc/of-i73641cbe904bcda5fd674343586fa5,1,
2,2024-04-14 10:38:49,AYUDANTE DE OBRA CIVIL,Medio Cudeyo,Cantabria,"Buscamos operario/a para trabajar en importante empresa de Ingeniería Civil en Heras. Las funciones a realizar son: Extracción de muestras de materiales. Pruebas en laboratorio y en campo. Tratamiento de productos químicos. Recogida de muestras In situ, en obra.",12/04/2024,573798,,,Carnet de conducir. Experiencia en puesto similar,,,,,,,https://www.infojobs.net/medio-cudeyo/ayudante-obra-civil/of-i8526ce2ebf45459e4812d674f47114,1,
2,2024-04-14 10:38:49,MANTENIMIENTO ELECTROMECÁNICO,Igorre,Bizkaia,Queremos incorporar en el área de mantenimiento un/a Técnico/a de mantenimiento electromecánico con experiencia para nuestra planta productiva de Igorre.,12/04/2024,573797,,,"Formación en Ciclo Formativo Grado Superior, valorándose formación específica de electricidad, electrónica, mecánica, robótica, mecatrónica y/o programación. Experiencia en puestos similares en entornos industriales / plantas productivas. Conocimientos de instalaciones industriales, máquinas hidráulicas, neumáticas, robótica, etc.",,,,,,,https://www.infojobs.net/igorre/mantenimiento-electromecanico/of-ic5cd60d56e4acda44a00ca0dfa85da,1,
2,2024-04-14 10:38:49,JEFA/E DE MANTENIMIENTO,Bilbao,Bizkaia,"Cumplimiento de normativas, Auditorías, gestión medioambiental. Participar en la detección de necesidades, compras, gastos y comunicación directa con proveedores, análisis de presupuestos. Optimización de parámetros de los equipos industriales. Gestión de los equipos humanos, tanto de la parte de elaboración de cuadrantes, como lo relativo al clima laboral y formación. Etc.",12/04/2024,573796,,,INGENIERIA. CFGS.,,,,,,,https://www.infojobs.net/bilbao/jefa-mantenimiento/of-i6f174709ba480ea036bb1332715c00,1,
2,2024-04-14 10:38:49,JEFE/A MANTENIMIENTO DE INSTALACIONES,Arrasate/Mondragon,Gipuzkoa,"Gestionamos el proceso de selección de un/a Jefe/a de Mantenimiento de Instalaciones para una importante empresa del sector automoción de Guipúzcoa, concretamente para dos fundiciones y una planta de mecanizado, ubicadas en Arrasate.",12/04/2024,573795,,,"Ingeniería Técnica o Superior. Experiencia en puestos Técnicos o de Gestión del Área de Mantenimiento Instalaciones. Imprescindible nivel alto de euskera, tanto hablado como escrito. Se valorará conocimientos de inglés. Disponibilidad para trabajar en horarios o calendarios especiales. Disponibilidad para trabajar en otras plantas del Grupo. Etc.",,,,,Idiomas requeridos Euskera,,https://www.infojobs.net/arrasate/jefe-mantenimiento-instalaciones/of-i1a1c6f3ffe444788923f2b33919d39,1,
2,2024-04-14 10:38:49,INGENIERO/A MECÁNICO/A (TRATAMIENTOS DE AGUAS) (N),Bilbao,Bizkaia,Seleccionamos un/a nuevo/a compañero/a para participar en el desarrollo de proyectos del sector AGUAS como INGENIERO/A MECÁNICO/A para una reconocida empresa de Ingeniería con sede en BILBAO,12/04/2024,573794,,,Graduado en Ingeniería Mecánica. Experiencia de al menos 5 años en proyectos de tratamiento de aguas y/o sector industrial. Nivel de Inglés avanzado. Valorable nivel de francés intermedio,,,,,Idiomas requeridos Inglés,,https://www.infojobs.net/bilbao/ingeniero-mecanico-tratamientos-aguas-n/of-i9202bfc8304f1b8ed88aba0357028e,1,
2,2024-04-14 10:38:49,GEROCULTORES/AS,Pamplona/Iruña,Navarra,Precisamos la incorporación urgente de gerocultores en turnos de mañana o de tarde según disponibilidad.,12/04/2024,573793,,,Experiencia en atención a personas dependientes. Vehículo propio. Disponibilidad para trabajar en turno de mañana o de tarde de manera inmediata.,,,,,,,https://www.infojobs.net/pamplona-iruna/gerocultores-betelu/of-ia050069b544168b92768193f1f1399,6,
2,2024-04-14 10:38:49,MONTADOR/A ELECTROMECÁNICO,Eibar,Gipuzkoa,"Estamos buscando para una empresa líder del sector Industrial a un Montador Electromecánico con experiencia en el montaje de maquinaria herramienta a medida, especialmente para el sector automoción.",12/04/2024,573792,,,Grado Superior y/o FP. Dominio intermedio del inglés para interactuar con clientes a nivel medio y garantizar una comunicación efectiva. Carnet de conducir indispensable.,,,,,,,https://www.infojobs.net/eibar/montador-electromecanico/of-i62445c7f444b398dab076bfd621a6a,1,
2,2024-04-14 10:38:49,INGENIERO/A DE PRODUCTO (AUTOMOCIÓN),Igorre,Bizkaia,Buscamos incorporar a nuestra Ingeniería a un/a Ingeniero/a de Producto,12/04/2024,573791,,,"Ingeniería, especialidad mecánica / mecatrónica. Nivel alto inglés. Experiencia en puestos similares (desarrollo de producto) en el sector industrial. Conocimiento de las diferentes tecnologías de fabricación inyección, estampación, soldadura, etc. Experiencia en diseño con Catia, cálculo y simulación por elementos finitos. Etc.",,,,,Idiomas requeridos Inglés,,https://www.infojobs.net/igorre/ingeniero-producto-automocion/of-i82f63110bf46aa8ea581b5da072151,1,
2,2024-04-14 10:38:49,TÉCNICO/A DE MONTAJE ELECTROMECÁNICO,Azkoitia,Gipuzkoa,"Importante empresa dedicada a hacer proyectos de llave en mano, desarrollar plantas y fabricar maquinaria clave para el sector automovilístico, metalúrgico y de edificación, está en búsqueda de dos perfiles, un técnico de montaje eléctrico y un técnico de montaje mecánico para incorporar en su planta de Azpeitia.",12/04/2024,573790,,,Experiencia Mínimo 3 años en mantenimiento industrial o montaje mecánico/instalaciones eléctricas. Se valorarán conocimientos de hidráulica y neumática. Estudios FPII de mantenimiento y mecatrónica Industrial. Idiomas Inglés nivel medio. Nivel B1. Valorable B2. Disponibilidad para viajar durante la fase de puesta en marcha de la instalación.,,,,,Idiomas requeridos Inglés,,https://www.infojobs.net/azkoitia/tecnico-montaje-electromecanico/of-i53f88b9d7546bfad32aca1e184a52c,1,
2,2024-04-14 10:38:49,MOZO/A DE ALMACÉN,Valle De Trapaga-Trapagaran,Bizkaia,"Carga/descarga de mercancía. Recepción de paquetería, registro de datos en el sistema informático y control de calidad. Clasificación de paquetes según el tamaño y el destino. Clasificación de mercancía en Sorter. Resolución de incidencias. Clasificar y transportar palets y paquetes según el destino. Uso de scanner y herramientas informáticas a nivel usuario. Etc.",12/04/2024,573789,,,"Actitud positiva hacia el trabajo. Disposición y capacidad de trabajar a turnos, y flexibilidad para trabajar según lo requieran las necesidades de nuestro cliente. Compromiso con una cultura de seguridad. Compromiso con una cultura de calidad. Compromiso con una cultura de trabajo basada en procesos estándar. Capacidad de aprendizaje. Capacidad de concentración. Etc.",,,,,,,https://www.infojobs.net/valle-de-trapaga-trapagaran/mozo-almacen-h-m-x-para-amazon-bilbao/of-i1e281d1e094aba9bbdbd951a66f4c8,25,
2,2024-04-14 10:38:49,ALMACENERO/A Y SOPORTE PARA DEPARTAMENTO COMERCIAL DE SUCURSAL,Beasain,Gipuzkoa,"Gestión de almacén y de materiales como rodamientos, transmisión de potencia y soluciones lineales. Gestión de pedidos. (recepción de materiales, preparación y expedición de pedidos). Organización de almacén. Atención al cliente en mostrador. Apoyo a las labores administrativas y comerciales de la oficina.",12/04/2024,573788,,,"Indispensable experiencia mínima en almacenes de al menos 2 AÑOS, preferentemente en productos y servicios destinados a la industria. Valorable formación en mecánica: FPII mecánica o profesionales con experiencia y conocimiento demostrables. Conocimientos ofimáticos medios (Excel, PowerPoint, Word, etc, etc). Carnet de conducir y carnet de carretilla.",,,,,,,https://www.infojobs.net/beasain/almacenero-soporte-para-departamento-comercial-sucursal-beasain/of-ied7a27be2140d68bdde91cfcf1abfd,1,
2,2024-04-14 10:38:49,VENDEDOR/A MUEBLES,Logroño,Rioja (La),Asesoramiento comercial para el cliente. Venta de todos nuestros artículos. Realización y seguimiento de pedidos a fábrica. Servicio telefónico postventa. Tareas administrativas de gestión,12/04/2024,573787,,,"Experiencia de al menos 1 año en ventas (mobiliario, decoración, bricolaje, electrodomésticos etc..). Conocimientos informáticos a nivel usuario medio.",,,,,,,https://www.infojobs.net/logrono/vendedor-muebles-logrono-1330-brutos-comisiones./of-i5dbb3cd8614391a809710948767a18,1,
2,2024-04-14 10:38:49,MECÁNICO/A DE VEHÍCULOS OFICIAL DE 1ª,Huarte/Uharte,Navarra,"Seleccionamos un/a MECÁNICO/A DE VEHÍCULOS Oficial de 1ª. Responsabilidades: Diagnosis. Mecánica rápida y pesada de vehículos (turismos y furgonetas). Embragues, culatas, alineado de dirección, entre otros. Recepción y atención al cliente.",12/04/2024,573786,,,"Experiencia demostrable en mecánica pesada de vehículos, al menos 5 años. Carnet de conducir B. Muy valorable formación en Electromecánica. Buscamos una persona responsable y comprometida, capaz de desarrollar el trabajo con autonomía.",,,,,,,https://www.infojobs.net/huarte-uharte/mecanico-vehiculos-oficial-1/of-i5f0117940842dd98b0475405a7f6c7,1,
2,2024-04-14 10:38:49,"CAMAREROS/AS DE SALA, BAR Y TERRAZA",Donostia/San Sebastián,Gipuzkoa,"Se necesitan camareros/as de sala, bar y terraza con experiencia y conocimientos de inglés.",12/04/2024,573785,,,Experiencia en atención en sala.,,,,,,,https://www.infojobs.net/donostia-san-sebastian/camareros-sala-bar-terraza/of-i1849d0ad3647a49371d153292b911c,3,
2,2024-04-14 10:38:49,RESPONSABLE DE CENTRO/TALLER- SECTOR AUTOMOCIÓN,Vitoria-Gasteiz,Araba/Álava,Estamos buscando un/a Responsable de Taller de montaje de lunas para trabajar en Vitoria.,12/04/2024,573784,,,"Deseable Formación nivel técnico/a de la rama automoción. 2 años de experiencia en posición similar, como responsable de equipos en cualquier sector: industrial, retail¿ Valorable perfiles con experiencia previa en sector automoción. Permiso de conducir.",,,,,,,https://www.infojobs.net/vitoria-gasteiz/responsable-centro-taller-sector-automocion/of-id5b7d8085546cba9e4d3dd6803c07a,1,
2,2024-04-14 10:38:49,INGENIERO/A CALIDAD PROCESOS LOGÍSTICOS,Pamplona/Iruña,Navarra,Estamos buscando personal para cubrir la posición de Ingeniero/a de calidad de procesos logísticos para sus oficinas sitas en Pamplona.,12/04/2024,573783,,,"Grado en Ingeniería Mecánica, Master en Calidad o similar. Amplia experiencia en gestión de proyectos internacionales. Sólido conocimiento de la calidad de la cadena de suministro con un historial demostrado en la aplicación de los métodos y herramientas correspondientes. Certificados Six Sigma, APQP o similares. Experiencia en Lean Manufacturing. Etc.",,,,,Idiomas requeridos Inglés,,https://www.infojobs.net/pamplona-iruna/ingeniero-calidad-procesos-logisticos/of-i949d0c9e0245ff88a191433bf7859f,1,
2,2024-04-14 10:38:49,TÉCNICO/A ATENCIÓN AL USUARIO,Derio,Bizkaia,Buscamos ampliar nuestro equipo con Técnicos/as de Atención al Usuario para incorporarse a proyecto vinculado a cliente. Qué vas a hacer: Atención telefónica al cliente. Resolución y escalado de incidencias. Tareas de gestión administrativa derivadas del puesto,12/04/2024,573782,,,,,,,,,,https://www.infojobs.net/derio/tecnico-atencion-al-usuario/of-i47b9b5e8d74298a19b5513778bfec1,2,
2,2024-04-14 10:38:49,RESPONSABLE DE MANTENIMIENTO / CLIENTE FINAL-MULTINACIONAL,Donostia/San Sebastián,Gipuzkoa,"Tenemos una oportunidad profesional de RESPONSABLE DE MANTENIMIENTO para incorporación directa en compañía en el sector retail, food y distribución.",12/04/2024,573781,,,"Experiencia en climatización, frio industrial, PCI o alta y baja tensión. Perfil orientado tanto al área de gestión como a la parte operativa. Formación en Ingeniería Industrial o Grado Superior. Experiencia trabajando con GMAO. Carnet de conducir",,,,,,,https://www.infojobs.net/donostia-san-sebastian/responsable-mantenimiento-cliente-final-multinacional/of-i678db42d2a49aabdc26853d5c74c2a,1,
2,2024-04-14 10:38:49,LIMPIADOR/A INDUSTRIAL,Santander,Cantabria,Buscamos personal para realizar tareas de limpieza industrial en fábricas ubicadas en Santander y alrededores.,12/04/2024,573780,,,Se valorará muy positivamente: Disponer de vehiculo propio. Disponer de carnet de manejo de carretillas,,,,,,,https://www.infojobs.net/santander/limpiador-industrial/of-i35aafbd0f248cda5c2c3a741e82926,3,
2,2024-04-14 10:38:49,AUXILIAR ADMINISTRATIVO/A - OFERTAS TÉCNICAS,Ordizia,Gipuzkoa,Realizar la codificación de la información técnica y planos 3D (en SAP) que los compañeros han preparado para construir la estructura de la oferta.,12/04/2024,573779,,,Formación Grado en fabricación mecánica (delineación) o similares. Buen manejo de ERP. Valorable conocimientos de SolidWorks. Inglés medio.,,,,,Idiomas requeridos Inglés,,https://www.infojobs.net/ordizia/auxiliar-administrativo-ofertas-tecnicas/of-if9011702ea460e967337a3bce7c756,1,
2,2024-04-14 10:38:49,MONITOR/A COMEDOR ESCOLAR,Oyon/Oion,Araba/Álava,Se necesita monitor/a de comedor escolar para centro ubicado en Oyón en horario de 12:30/14:30,12/04/2024,573778,,,Imprescindible tener disponibilidad inmediata y experiencia previa en puestos similares.,,,,,,,https://www.infojobs.net/oyon-oion/monitor-comedor-escolar-oyon/of-i77b3487cf64f8cae95626ca543fbd0,1,
2,2024-04-14 10:38:49,CONDUCTOR/A CAMIÓN,Santander,Cantabria,"seleccionamos un/a conductor/a de camión con carnet C+E+CAP, para importante empresa situada en los alrededores de Santander. Carga y descarga de mercancía. Camión articulado con remolque basculante. Reparto a no más de 300km desde Santander. Entre otras tareas relacionadas con el puesto.",12/04/2024,573777,,,Experiencia mínima de 1 año en el sector. Buscamos a una persona organizada y meticulosa. Valorable residencia próxima al puesto de trabajo.,,,,,,,https://www.infojobs.net/santander/conductor-camion/of-i4eac23de7c4be6a63a9487e59b93fd,1,
2,2024-04-14 10:38:49,REPARTIDOR/A CON OFIMÁTICA,Mungia,Bizkaia,"Para empresa ubicada en Mungia, nos encontramos en la búsqueda de un/a repartidor/a con manejo de ofimática. Tus principales tareas serán: Realizar el reparto y entrega de productos en instituciones médicas (Euskadi y Cantabria). También realizarás tareas en el almacén de Mungia como la gestión de albaranes de compras, dar entrada a productos en el ERP de la empresa.",12/04/2024,573776,,,Carnet de conducir. Valorable tener experiencia en puestos similares. Muy importante tener conocimiento y buen manejo de ofimática.,,,,,,,https://www.infojobs.net/mungia/repartidor-con-ofimatica/of-ic03c6129764aebae0886f8e0e3eaed,1,
2,2024-04-14 10:38:49,CAMARERA/O PISOS,Entrambasaguas,Cantabria,"Grupo hotelero precisa incorporar a su plantilla 4 personas para mantener en perfecto estado de limpieza y orden las habitaciones de los hoteles, office de cocinas, zonas comunes y las distintas dependencias del mismo.",12/04/2024,573775,,,"Se valorará disponibilidad, experiencia y cercanía al puesto de trabajo.",,,,,,,https://www.infojobs.net/entrambasaguas/camarera-pisos/of-i8ebc54d3cf4c60963727cec0d1937f,4,
2,2024-04-14 10:38:49,OPERADOR/A DE PLANTA - SECTOR QUÍMICO,,Bizkaia,Estamos buscando un/a Operador/a de planta para una empresa líder en fabricación y venta de gases industriales.,12/04/2024,573774,,,Estudios de Electromecánico/a o Mecánico/a industrial o similar. Experiencia en Mantenimiento industrial y resolución de averías.,,,,,,,https://www.infojobs.net/las-carreras/operador-planta-sector-quimico/of-i21357e2bfc466696bd67e3cc74866f,1,
2,2024-04-14 10:38:49,ADMINISTRATIVO/A ATENCION AL CLIENTE - INGLÉS,Vitoria-Gasteiz,Araba/Álava,"Seguimiento de expediciones de los cuentas asignadas, así como resolución de incidencias en los mismos. Elaboración de informes y análisis de KPIs de calidad. Interlocución entre el cliente y el departamento de operaciones.",12/04/2024,573773,,,Imprescindible nivel alto de ingles hablado y escrito. Experiencia en empresa de transporte. Dominio de Excel. Persona resolutiva con capacidad para trabajar en situaciones de estrés.,,,,,Idiomas requeridos Inglés,,https://www.infojobs.net/vitoria-gasteiz/administrativo-atencion-al-cliente-ingles/of-i10c63f719b451c8b8138608da899bc,1,
2,2024-04-14 10:38:49,OPERARIO/A PRODUCCIÓN,Vitoria-Gasteiz,Araba/Álava,Buscamos incorporar una persona para ocupar el puesto de Operario/a de Producción en una empresa ubicada en el Parque Tecnológico de Miñano. Funciones: Línea de producción. Revisión de calidad,12/04/2024,573772,,,Experiencia previa en puestos similares. Coche propio para desplazarse al Parque Tecnológico de Miñano. Disponibilidad para trabajar en las fechas indicadas.,,,,,,,https://www.infojobs.net/vitoria-gasteiz/operario-produccion/of-i629467f8964b25b83301ea3b3ff8e6,1,
2,2024-04-14 10:38:49,OPERARIO/A DE 1º,Arrigorriaga,Bizkaia,Estamos seleccionando operario/a de almacén en Arrigorriaga (Bilbao),12/04/2024,573771,,,"Experiencia en preparación de pedidos y manejo de carretillas. Experiencia en trabajos de almacén con pistola radiofrecuencia. Conocimientos Informáticos. Muy valorable conocer y gestionar el SGA (un Software de Gestión de Almacenes) y un conocimiento mínimo de herramientas informáticas tipo Excel, Word,¿",,,,,,,https://www.infojobs.net/arrigorriaga/operario-1-bilbao/of-i22904782964493b5626bc3852bbe83,1,
2,2024-04-14 10:38:49,TÉCNICO/A DE MANTENIMIENTO ELECTROMECÁNICO,Logroño,Rioja (La),"Seleccionamos para nuestro cliente, una reconocida empresa del sector automoción, distinguida por el máximo compromiso, integridad y responsabilidad social en las regiones donde opera, un Técnico de Mantenimiento Electromecánico que pueda aportar sus habilidades y experiencia al equipo existente",12/04/2024,573770,,,Poseer Titulación FP2. Contar con al menos 5 años de experiencia en puestos similares. Mostrar habilidades mecánicas y eléctricas imprescindibles para el mantenimiento de máquinas industriales. Serán valorados conocimientos en soldadura y calderería básica. Experiencia previa en automatización y conocimientos sobre PLCs a nivel cambio parámetros y ajustes,,,,,,,https://www.infojobs.net/logrono/tecnico-mantenimiento-electromecanico/of-i9cfcb8244e4968b34ef59fb9390612,1,
2,2024-04-14 10:38:49,PLANIFICADOR/A PRODUCCIÓN,Torrelavega,Cantabria,"Realizarás la elaboración fichas técnicos/as, desarrollo de planos, creación órdenes, cálculos numéricos y planificación de la producción optimizando procesos",12/04/2024,573769,,,"Si cumples los siguientes requisitos, apúntate a la oferta: Grado en Ingeniería, dominio de inglés y Excel, conocimientos de Lean Manufacturing, Scrum, Kanbany disponibilidad para trabajar de lunes a viernes a jornada partida",,,,,,,https://www.infojobs.net/torrelavega/planificador-produccion/of-ib58317828f479495e328a680efa4f9,1,
2,2024-04-14 10:38:49,OPERARIOS/AS INDUSTRIALES,Torrelavega,Cantabria,"Persona responsable y resolutiva que sea capaz de prestar atención especializada a las personas usuarias del grupo Elektra, que tenga capacidad de relación, de aprendizaje , sea flexible y le guste trabajar en equipoExperiencia no es necesaria, pero se valorará la experiencia en atención a usuarios",12/04/2024,573768,,,"Podremos contar contigo si cumples los siguientes requisitos: disponibilidad para trabajar a turnos, formación industrial, formación de carretilla elevadora (valorable) y ganas de formar parte del equipo",,,,,,,https://www.infojobs.net/torrelavega/operarios-industriales-zona-occidentalcantabria/of-ia1963ce47742d3a2fc5b9d98aca634,10,
2,2024-04-14 10:38:49,TECNICA/O INFORMATICA/O HELP DESK PARA DTIC,Donostia/San Sebastián,Gipuzkoa,Atención al usuario interno en cualquiera de las áreas relacionadas con informática especialmente en: Ofimática y configuración de equipos. ERP empresarial. Mantenimiento del parque de servidores. Gestión de las comunicaciones corporativas.,12/04/2024,573767,,,"Persona responsable y resolutiva que sea capaz de prestar atención especializada a las personas usuarias del grupo Elektra, que tenga capacidad de relación, de aprendizaje , sea flexible y le guste trabajar en equipo. Experiencia no es necesaria, pero se valorará la experiencia en atención a usuarios",,,,,,,https://www.infojobs.net/donostia-san-sebastian/tecnica-informatica-help-desk-para-dtic/of-ia42513462a41c994accef9fc2f3723,1,
2,2024-04-14 10:38:49,CARRETILLERO/A,Vitoria-Gasteiz,Araba/Álava,"Estamos buscamos un/a chofer/carretillero para el uso de carretilla y camión de traspasos (local) para descargar, cargar, recepcionar y suministrar mercancía con un correcto servicio y calidad, cumpliendo las normas de seguridad alimentaria y de prevención de riesgos laborales.",12/04/2024,573766,,,Experiencia en almacén. Manejo de carretilla frontal. Imprescindible carnet de carretillero y carnet de conducir. Disponibilidad para trabajar Jornada Completa. Disponibilidad de incorporación inmediata.,,,,,,,https://www.infojobs.net/vitoria-gasteiz/carretillero-echavarri-contrato-temporal/of-ic6fc51e4ff4a03a7294ee04a4db566,1,
2,2024-04-14 10:38:49,TÉCNICO/A COMERCIAL ZONA NORTE,Bilbao,Bizkaia,"Seleccionamos para nuestro cliente, líder en el sector de comercialización de aceros y productos planos, un/a Técnico/a Comercial",12/04/2024,573765,,,"Formación académica Ingeniería Metalúrgica, Materiales o Industrial. Nivel B2 mínimo de inglés. Otros idiomas serán valorados positivamente. Experiencia demostrable en la captación de clientes y gestión de cartera preferiblemente en el sector del acero o productos técnicos para los profesionales de la Industría. Disponibilidad para viajes profesionales.",,,,,,,https://www.infojobs.net/bilbao/tecnico-comercial-zona-norte-remoto/of-iee7fcb8b7c4091a7568ff2be9fccc0,1,
2,2024-04-14 10:38:49,CARRETILLEROS/AS,Logroño,Rioja (La),Estamos buscando CARRETILLEROS/AS para diversas empresas de Logroño y sus cercanías. Las funciones a desempeñar serán la carga y descarga de camiones y la manipulación y colocación de la mercancía en su debido lugar.,12/04/2024,573764,,,"Los requisitos para optar al puesto son tener carnet de carretillero y experiencia con la carretilla, disponer de vehículo propio y tener disponibilidad de incorporación inmediata.",,,,,,,https://www.infojobs.net/logrono/carretilleros/of-i65c96c0aeb49e18c4f58a71557a46c,1,
2,2024-04-14 10:38:49,ESPECIALISTA MECANIZADO,Vitoria-Gasteiz,Araba/Álava,"Precisamos incorporar para empresa ubicada en cercanías de Vitoria-Gasteiz, dedicada al mecanizado de piezas sector automoción, ESPECIALISTA. Para producción en máquinas CNC y verificación de las mismas.",12/04/2024,573763,,,La persona seleccionada deberá aportar estudios de GM o GS en Fabricación Mecánica. Disponibilidad para trabajar a 3 turnos.,,,,,,,https://www.infojobs.net/vitoria-gasteiz/especialista-mecanizado-17-hora/of-id62255209d4d1ca4fa046ee95267a7,1,
2,2024-04-14 10:38:49,JEFE/A DE OBRA EDIFICACIÓN,Santander,Cantabria,"Empresa constructora en expansión con una clara orientación al cliente, precisa incorporar un jefe/a de obra para su departamento de edificación residencial/dotacional. para la construcción de una obra de edificación localizada en el entorno de Bilbao.",12/04/2024,573762,,,"Arquitecto/a, Ingeniero/a de Caminos Canales y Puertos, Arquitecto/a Técnico/a. Curso básico de PRL. Recurso preventivo en la obra.",,,,,,,https://www.infojobs.net/santander/jefe-obra-edificacion-bilbao/of-i1f5be9531142ffaf120611b4fed3b3,1,
2,2024-04-14 10:38:49,LIJADOR/A DE BARNIZ Y LACADOS,Aranguren,Navarra,Se necesita trabajador/ra para trabajos de lijado y carpintería básica  en taller de barnizados y lacados  de muebles de hogar,12/04/2024,573761,,,,,,,,,,https://www.infojobs.net/aranguren/lijador-barniz-lacados/of-ie68380b30d492ea2dc81c7aa087b9a,1,
2,2024-04-14 10:38:49,MECATRONICO JUNIOR (REFORMAS ASCENSORES),Bilbao,Bizkaia,Queremos ampliar nuestro actual equipo de Servicio en la sede de BILBAO y por eso queremos incorporar un TÉCNICO/A REFORMAS DE ASCENSORES,12/04/2024,573760,,,"Experiencia de al menos 3 años en un puesto similar. Certificado de Mantenedor de Ascensores o titulación que se convalide: CFGS en Mecatrónica Industrial, CFGM Mantenimiento Electromecánico o Mantenimiento Electrónico. Carnet de conducir. Disponibilidad para realizar turnos de guardia establecidos dentro del servicio 24 Hrs.",,,,,,,https://www.infojobs.net/bilbao/mecatronico-junior-reformas-ascensores-.-bilbao/of-i32dd002f6641ddace115bf85169c05,1,
2,2024-04-14 10:38:49,VENDEDOR/A,Torrelavega,Cantabria,"Captación clientes del sector de alimentación ( hostelería, comercio) en Cantabria",12/04/2024,573759,,,"Experiencia comercial , preferiblemente en el sector de alimentación. Disponer de vehículo propio",,,,,,,https://www.infojobs.net/torrelavega/vendedor/of-if75ac3196d48a98f44094e74d4593b,1,
2,2024-04-14 10:38:49,TÉCNICO/A DE SUBCONTRATACIÓN,Logroño,Rioja (La),"Selección y gestión de proveedores especializados en mecanizado de piezas aeronáuticas.Negociación de contratos y seguimiento de las subcontrataciones. Gestionar la relación con proveedores para garantizar la calidad, el tiempo de entrega y los costos. Evaluación y gestión de riesgos en el proceso de subcontratación.Etc.",10/04/2024,573758,,,"Titulación en Ingeniería Aeronáutica, Mecánica, Industrial o afines.Experiencia mínima de 2 años en roles de subcontratación, preferentemente en el sector aeronáutico. Conocimiento profundo en técnicas de mecanizado y procesos de fabricación. Capacidad demostrada para negociar y gestionar contratos con proveedores. Etc.",,,,,Idiomas requeridos Inglés,,https://www.infojobs.net/logrono/tecnico-subcontratacion/of-i030f88edd94112899f78e70c9f0d1d,1,
2,2024-04-14 10:38:49,RECEPCIONISTA-AUXILIAR EMPRESA ASEGURADORA,Bilbao,Bizkaia,Actualmente estamos buscando incorporar recepcionista controlador de accesos para formar parte de nuestro equipo en uno de nuestros clientes más importantes de Bilbao,10/04/2024,573757,,,"Experiencia previa en un puesto similar. Manejo de paquete office, soltura con la ofimática. Euskera medio alto",,,,,,,https://www.infojobs.net/bilbao/recepcionista-auxiliar-empresa-aseguradora-bilbao/of-ie00cd42d044ff682f56e24383ed141,1,
2,2024-04-14 10:38:49,COMERCIAL VENTA DE COCHES,Pamplona/Iruña,Navarra,Concesionario de coches ubicado en la comarca de Pamplona precisa comercial para realizar la siguientes funciones: Venta de vehículos. Asesoramiento al cliente. Gestión documental. Demostración de vehículos,10/04/2024,573756,,,"Se valorará: Incorporación inmediata. Disponibilidad horaria para realizar jornada. Carnet de conducir. Habilidades de venta y atención al cliente. Habilidades de negociación, comunicación y de escuchar al cliente. Experiencia en puesto similar mínima de 1 año.",,,,,,,https://www.infojobs.net/pamplona-iruna/comercial-venta-coches/of-i7424aa1aa04e6a83b61489818a04a4,1,
2,2024-04-14 10:38:49,MOZO/A DE DESCARGA,Santo Domingo De La Calzada,Rioja (La),"Carga y descarga manual de mercancía, retirada de alfombras viejas y colocar nuevas",10/04/2024,573755,,,Buena capacidad física. Disponibilidad días sueltos,,,,,,,https://www.infojobs.net/santo-domingo-de-la-calzada/mozo-descarga/of-i43a464bb5d4dde96fa2a553c330501,4,
2,2024-04-14 10:38:49,TÉCNICO/A DE MANTENIMIENTO MECÁNICO,Oñati,Gipuzkoa,"Empresa líder en el sector industrial dedicada a la fabricación y desarrollo de productos forjados de alta calidad, busca incorporar un técnico de mantenimiento mecánico. La persona seleccionada se encargará Realizar el mantenimiento y la reparación de las averías mecánicas, neumáticas e hidráulicas de la sección de las Planta de Oñati y Leniz (Excepto el área de mecanizado).",10/04/2024,573754,,,"Residencia en Oñati o proximidades. Al menso 3 años de experiencia en puestos similares. Formación de grado superior en mantenimiento, mecatrónica o titulaciones análogas.",,,,,,,https://www.infojobs.net/onati/tecnico-mantenimiento-mecanico/of-i0bac5357844eafb707349c926dae3d,1,
2,2024-04-14 10:38:49,TÉCNICO/A DE MICROINFORMÁTICA - SOPORTE ON SITE,Bilbao,Bizkaia,"Incorporar a nuestro equipo un/a Técnico de Microinformática que comparta nuestra pasión por la tecnología y el servicio al cliente, formarás parte de nuestro equipo de Field Services.",10/04/2024,573753,,,"Formación técnica en informática o campo relacionado o similares. Al menos 2 años de experiencia en un puesto similar. Experiencia como Técnico de Sala On Site, con habilidades comprobadas en la gestión y mantenimiento de equipos ofimáticos. Experiencia en la administración de servidores y sistemas de impresión y ofimática. Nivel de inglés medio-alto (B2)",,,,,Idiomas requeridos Inglés,,https://www.infojobs.net/bilbao/tecnico-microinformatica-soporte-on-site/of-ieab8efe87c4a31ad815e6bdd984226,1,
2,2024-04-14 10:38:49,ENFERMERO/A,Balmaseda,Bizkaia,"Nos encontramos en búsqueda de Enfermero/a para nuestra Residencia de Mayores en Balmaseda. Funciones: Cubrir las necesidades asistenciales y de cuidados de enfermería de los y las residentes, y garantizar la seguridad y continuidad de sus cuidados.",10/04/2024,573752,,,Imprescindible Diplomatura/Grado en Enfermería. Será valorable residencia en el municipio o cercanías,,,,,,,https://www.infojobs.net/balmaseda/07518_enfermero-horario-negociable/of-ia6aee38e854e9c8124bd70fa20d557,1,
2,2024-04-14 10:38:49,TORNERO/A,Mungia,Bizkaia,"Empresa necesita TORNERO Of de 1ª con experiencia minima de 5 años , necesario que sepa manejar CNC Fagor y Torno convencional , los trabajos son bajo plano o bajo muestra , necesario saber leer correctamente los planos , taller con buen ambiente de trabajo .",10/04/2024,573751,,,"Haber trabajado con anterioridad en un puesto similar , saber utilizar la grua puente .",,,,,,,https://www.infojobs.net/mungia/tornero/of-ie88c35ecd946e6b748b9be08949b02,1,
2,2024-04-14 10:38:49,ADMINISTRATIVO/A LABORAL.,Vitoria-Gasteiz,Araba/Álava,"Buscamos para importarte asesoría ubicada en Vitoria una persona que se incorpore como administrativo/a laboral. La persona seleccionada se encargará, de la realización de nóminas, contratos, seguros sociales, altas, bajas y demás funciones administrativas propias del puesto.",10/04/2024,573750,,,"Buscamos personal con experiencia demostrable en un puesto similar, resolutiva, autónoma y polivalente.",,,,,,,https://www.infojobs.net/vitoria-gasteiz/administrativo-laboral./of-i093114e63544dc92854d215b4bd8fa,1,
2,2024-04-14 10:38:49,TÉCNICO/A PROCESOS - ( PERFIL ELÉCTRICO ),Etxebarri,Bizkaia,"Dependiendo de la persona Responsable del Centro y de acuerdo con las directrices del Equipo de Gestión Industrial, apoyará, tanto en su vertiente técnica, como en su vertiente de planificación y gestión, nuevos procesos y/o proyectos, métodos de trabajo, equipos, así como las modificaciones necesarias, con la finalidad de mejorar, desarrollar y adaptarlos a la demanda del cliente, etc.",10/04/2024,573749,,,"Ingeniería Técnica Industrial especialidad Eléctrica. Ciclo Formativo de Grado Superior rama Eléctrica, que aporten experiencia. Capacidad para trabajar y gestionar equipos y, resolución de problemas, tomar decisiones, y adaptarse a cambios y mejoras continuas. Habilidad para la relación y comunicación con clientes/as internos, externos, y proveedores/as. Etc.",,,,,,,https://www.infojobs.net/etxebarri/tecnico-procesos-etxebarri-perfil-electrico/of-i211331097b422d82dda2157ecfa347,1,
2,2024-04-14 10:38:49,GERENTE COMERCIAL TELECOMUNICACIONES,,Araba/Álava,Seleccionamos un GERENTE COMERCIAL para gestión y desarrollo de equipo propio de comerciales para la comercialización y asesoramiento en servicios de telecomunicaciones para particulares y pequeños negocios.,10/04/2024,573748,,,Experiencia como comercial o jefe de equipo en telecomunicaciones.,,,,,,,https://www.infojobs.net/vitoria/gerente-comercial-telecomunicaciones-alava/of-id5faac5a9b40b787a71b0bcdd5d9b2,1,
2,2024-04-14 10:38:49,GESTOR/A COMERCIAL,Hernani,Gipuzkoa,"Se incorporará en esta empresa dedicada a la distribución de maquinaria para el entorno del automóvil, para desarrollar la actividad de ventas en la zona de Gipuzkoa. Trabajará en el ámbito de talleres de automóviles para la venta de la maquinaria necesaria para dar servicio a los clientes. Etc.",10/04/2024,573747,,,Pensamos en una persona que aporte una experiencia mínima de unos 4 años en actividades de ventas en el entorno industrial. La empresa facilitará vehículo y toda la formación necesaria para conocer los productos de la misma. Se ofrece un elevado nivel de aprendizaje tanto en el ámbito de conocimiento de productos técnicos como de desarrollo de competencias comerciales.,,,,,Idiomas requeridos Euskera,,https://www.infojobs.net/hernani/gestor-comercial/of-i020e8364c4420ca968732aace7320a,1,
2,2024-04-14 10:38:49,TÉCNICO/A COMERCIAL - MULTINACIONAL INDUSTRIAL,"Noain, Valle De Elorz",Navarra,"Nuestro cliente es una multinacional del sector logístico-industrial que precisa incorporar un/a Técnico Comercial para una de sus delegaciones en Noain, Navarra.",10/04/2024,573746,,,"CFGM O CFGS en Construcciones metálicas, Edificación y Obra civil o similares. Experiencia de 1 año en posiciones similares. Conocimiento de la zona asignada. Disponibilidad para viajar por la zona de Navarra 80%. Imprescindible carnet de conducir y vehículo propio.",,,,,,,https://www.infojobs.net/noain-valle-de-elorz-noain-elortzibar/tecnico-comercial-multinacional-industrial/of-ibae0c121d84dc3a354b394dc009983,1,
2,2024-04-14 10:38:49,INGENIERO/A DE I+D ELECTRÓNICA,Pamplona/Iruña,Navarra,"Seleccionamos un/a Ingeniero/a de I+D Electrónica para relevante empresa del recambio de automoción ubicada en Pamplona. Dependiendo del director de I+D te encargarás de realizar ingeniería inversa, análisis, simulación y desarrollo de procesos para productos electrónicos en el sector de la automoción.",10/04/2024,573745,,,"-Imprescindible Ingeniería Electrónica o Industrial con mención Electrónica. Imprescindible Mínimo 3 años de experiencia en puestos similares con experiencia contrastada en CAN BUS, automatización de Test de sistemas industriales y diseño asistido por ordenador de sistemas electrónicos. Imprescindible nivel B2 de inglés. Etc.",,,,,Idiomas requeridos Inglés,,https://www.infojobs.net/pamplona-iruna/ingeniero-i-d-electronica-ref.-2471/of-i00f7f3bce846139700868f794730b6,1,
2,2024-04-14 10:38:49,MOZO/A EQUIPAJES 5 * APARCACOCHES,Donostia/San Sebastián,Gipuzkoa,"Recibir a los huéspedes a su llegada, acompañarles a sus habitaciones. Abrir las puertas y ayudar a los huéspedes/visitantes que entran y salen de la propiedad. Informar a los huéspedes sobre las comodidades, servicios y horas de operación de la propiedad, y áreas de interés y actividades locales. Identificar y explicar las funcionalidades de las habitaciones a los huéspedes, etc.",10/04/2024,573744,,,Carnet de Conducir B1 con una antigüedad superior a 2 años,,,,B1,,,https://www.infojobs.net/donostia-san-sebastian/mozo-equipajes-5-*-aparcacoches/of-i4cbae332514b4f99f4af906e9f6598,1,
2,2024-04-14 10:38:49,OPERARIO/A CORTE LÁSER,Durango,Bizkaia,Seleccionamos para nuestro cliente ubicado en la comarca del Duranguesado un/a Operario/a de Corte Láser para realizar el corte chapas,10/04/2024,573743,,,Experiencia previa en puestos de corte láser. Valorable formación en rama industrial,,,,,,,https://www.infojobs.net/durango/operario-corte-laser/of-i0f1bdd71bf48ea954af6787662bd53,1,
2,2024-04-14 10:38:49,COMERCIAL INTERNO ALMACEN ELECTRICO,Basauri,Bizkaia,"En dependencia del Delegado, trabajarás en el departamento comercial y te responsabilizarás de la total satisfacción del cliente a través de un asesoramiento experto de material y soluciones industriales, de electricidad o telecomunicaciones con los mejores proveedores del sector.",10/04/2024,573742,,,"Conocimientos técnicos de electricidad, automatización industrial o telecomunicaciones. Dominio de ofimática y correo electrónico",,,,,,,https://www.infojobs.net/basauri/comercial-interno-almacen-electrico/of-i98ea31e6324b3bb55be152066c29c6,1,
2,2024-04-14 10:38:49,ASISTENTE ADMINISTRACIÓN - BBDD,Donostia/San Sebastián,Gipuzkoa,"Se requiere la contratación de una persona para desempeñar las funciones propias para la gestión de bases de datos. Introducción, corrección y asignación de datos en el CRM de la empresa. Tareas administrativas de control de visitas e informes comerciales. Depuración de listados. Búsqueda y preparación de información de contactos y seguimientos comerciales para subir al CRM. Etc.",10/04/2024,573741,,,Persona con dominio de ofimática e Internet. Imprescindible dominio de Excel. Atención telefónica. Proactividad,,,,,,,https://www.infojobs.net/donostia-san-sebastian/asistente-administracion-bbdd/of-iabe72988f34510ba4e22eacc765a5f,1,
2,2024-04-14 10:38:49,CALCULISTA DE ESTRUCTURAS,Bilbao,Bizkaia,"Necesitamos incorporar a nuestro equipo de proyectos un/a INGENIERO/A DE CÁLCULO DE ESTRUCTURAS para unirse a nuestro equipo de la Zona Norte de desarrollo de Proyectos de Arquitectura, Edificación y Obra Civil.",10/04/2024,573740,,,"Titulación de Ingeniería Civil, Arquitectura, o similar. Más de 5 años de experiencia en diseño y Cálculo de Estructuras. Experiencia demostrable en estructuras de edificación y/o obras civiles, en ámbito nacional. Autonomía en la toma de decisiones, solvencia, criterio y carácter proactivo. Dominio de software de análisis estructural, etc.",,,,,Idiomas requeridos Inglés,,https://www.infojobs.net/bilbao/calculista-estructuras/of-i01f47dc16a4604bed79dce1e9ee1d8,1,
2,2024-04-14 10:38:49,SEGUNDO/A DE COCINA,Laguardia,Araba/Álava,"Buscamos Segundo de Cocina para Complejo de Hotel, bodega y restaurante asador y de bodas y eventos.",10/04/2024,573739,,,Imprescindible carnet de conducir y coche propio,,,,,,,https://www.infojobs.net/laguardia/segundo-cocina/of-i290dd8a6ac47a3b472a5c066c5e5c4,1,
2,2024-04-14 10:38:49,DIRECTOR/A DE PRODUCCIÓN,Usurbil,Gipuzkoa,"Se incorporará en este grupo industrial para, en dependencia de la Dirección del mismo, responsabilizarse en su globalidad del proceso productivo de la empresa.",10/04/2024,573738,,,"Pensamos en una persona con Formación Técnica, que aporte una experiencia mínima de 6 años en puestos similares, valorándose la proveniencia del mundo de la Calderería. Se trata de un proyecto con muy buenas oportunidades de desarrollo, que ofrece un reto profesional importante.",,,,,,,https://www.infojobs.net/usurbil/director-produccion/of-i57c684c22d4fb9b78051871594009f,1,
2,2024-04-14 10:38:49,LIMPIADOR/A,Oñati,Gipuzkoa,"Se necesita limpiador/a en Oñati para limpieza semanal de cocina de restaurante, con experiencia en limpieza. Imprescindible disponer de vehículo propio por la localización del centro.",10/04/2024,573737,,,,,,,,,,https://www.infojobs.net/onati/se-necesita-limpiador-onati/of-i0d21db827c442ea06a46eeeb9c7866,1,
2,2024-04-14 10:38:49,ADMINISTRATIVO/A COMERCIAL - FRANCÉS - AUTOMOCIÓN,Vitoria-Gasteiz,Araba/Álava,"Tu misión principal como Administrativo/a Comercial será el aseguramiento del crecimiento interno, a nivel gestión administrativa, y a nivel externo (gestión de proveedores / clientes) para empresa en expansión de la industria automoción.",10/04/2024,573736,,,"Tener experiencia en gestión administrativa y contacto con proveedores. Nivel de francés avanzado para el contacto con proveedores. NO es necesario nivel de inglés. No es necesario tener conocimientos previos en sistemas ERP determinado, ya que recibirás formaciones al respecto",,,,,,,https://www.infojobs.net/vitoria-gasteiz/administrativo-comercial-frances-automocion/of-i7a18e0a0c64c0ea143901cd0fd84c4,1,
2,2024-04-14 10:38:49,TORNERO/A,Asteasu,Gipuzkoa,"Empresas ubicadas en Asteasu e Irún, buscan incorporar tornero/a con mucha experiencia.",10/04/2024,573735,,,Se busca tornero/a con experiencia para realizar mecanizado de piezas de metal e interpretación de planos. Imprescindible experiencia y autonomía en el puesto.,,,,,,,https://www.infojobs.net/asteasu/tornero-asteasu-irun/of-ib69953ca924915a767847655ccda00,1,
2,2024-04-14 10:38:49,SALES EXPORT AREA MANAGER,Pamplona/Iruña,Navarra,"Seleccionamos un/a comercial para el departamento de exportación y ventas, para importante empresa internacional del sector de la automoción ubicada en Pamplona.",10/04/2024,573734,,,"Imprescindible Más de 3 años de experiencia en similares. Imprescindible Disponibilidad para viajar sobre un 50% del tiempo. Imprescindible Mínimo nivel C1 de inglés. Imprescindible Un segundo idioma (valorándose alemán, chino o ruso).",,,,,Idiomas requeridos Inglés,,https://www.infojobs.net/pamplona-iruna/sales-export-area-manager-ref.-2460/of-if6c553b2f9400ea24401433d91cbbc,1,
2,2024-04-14 10:38:49,RESPONSABLE DEL AREA JURÍDICA,Logroño,Rioja (La),"Consultoría fiscal y empresarial ubicada en Logroño, está buscando Licenciado o Graduado en Derecho para cubrir puesto de Responsable del área jurídica.",10/04/2024,573733,,,Formación suficiente para el asesoramiento jurídico para empresas. Ofimática nivel medio. Manejo de bases de datos jurídicas. No se necesita experiencia previa.,,,,,,,https://www.infojobs.net/logrono/responsable-del-area-juridica/of-ibdfcd1039d4928ad435ca1497c8c26,1,
2,2024-04-14 10:38:49,MOZO/A CONDUCTOR,Bilbao,Bizkaia,"Actualmente estamos buscando incorporar personal de operaciones en Bilbao. Entre las funciones, destacamos las siguientes: Organizar la flota. Traslado de pasajeros. Preparación de flota para alquiler. Movimientos de campas.",10/04/2024,573732,,,Experiencia en atención al cliente. Experiencia como conductor o posiciones similares. Disponibilidad de realizar turnos rotativos,,,,,,,https://www.infojobs.net/bilbao/mozo-conductor/of-i295a108e0943d591ec717772b94f31,1,
2,2024-04-14 10:38:49,INGENIERIA ÁREA MANTENIMIENTO.,Tafalla,Navarra,"Buscamos una persona con grado en ingeniería mecánica, eléctrica o similar para el departamento de mantenimiento",10/04/2024,573731,,,"Experto en programación autómatas Siemens. Experto en programación robótica. Experto en protocolos de comunicación industrial, con experiencia demostrable (Profibus, Ethernet). Nivel alto de inglés (B2/C1)",,,,,Idiomas requeridos Inglés,,https://www.infojobs.net/tafalla/ingenieria-area-mantenimiento./of-i72dd3b8aab4e75a948dd758fa9af92,2,
2,2024-04-14 10:38:49,TÉCNICOS/AS DE MANTENIMIENTO,Tafalla,Navarra,"Buscamos eléctricos/as y mecánicos/as para realizar las siguientes funciones: Realizar las operaciones de instalación, conservación y reparación de los equipos e instalaciones de la cooperativa, según su Sección y especialidad. Estudiar y realizar propuestas de mejora y reformas en los equipos e instalaciones susceptibles de ello. Etc.",10/04/2024,573730,,,Formación mínima requerida: Grado superior. Rama Eléctrica y/o Rama Mecánica.,,,,,,,https://www.infojobs.net/tafalla/tecnicos-mantenimiento/of-i379b0ddad741ccbf1dbcf48713aa05,1,
2,2024-04-14 10:38:49,INGENIRO/A ÁREA CALIDAD,Tafalla,Navarra,Buscamos una persona con ingeniería técnica o industrial para nuestro departamento de calidad.,10/04/2024,573729,,,Ingeniero/a Técnico / Superior: Mecánico / Eléctrico o similar. Conocimientos de Gestión de la Producción y de la Calidad. Imprescindible Inglés. Valorable francés y/o alemán,,,,,Idiomas requeridos Inglés,,https://www.infojobs.net/tafalla/ingenir-area-calidad/of-i0b3f20d28c4939a571d8339a7ad80e,1,
2,2024-04-14 10:38:49,OPERARIO/A MECANIZADO CNC,Santander,Cantabria,Seleccionamos un/a operario/a de mecanizado para importante empresa del sector metal situada en la zona de Santander y alrededores. Funciones: Fabricación en serie de piezas con maquinaria CNC. Ajuste de maquinaria CNC. Verificación de piezas.,10/04/2024,573728,,,Experiencia previa en puesto similar. Disponibilidad de incorporación inmediata. Disponibilidad para trabajar a turnos rotativos. Valorable experiencia en tornos multihusillos o convencional.,,,,,,,https://www.infojobs.net/santander/operario-mecanizado-cnc/of-i65c5054f1b41368b677ff123bcf80e,1,
2,2024-04-14 10:38:49,RESPONSABLE PROCESOS INDUSTRIALES Y MEJORA CONTINUA,Oñati,Gipuzkoa,"Se incorporará en la organización para responsabilizarse de las siguientes funciones: participación en la elaboración del Plan de Inversiones y del Plan de Gestión de su áres diseño de nuevas instalaciones productivas orientadas a los objetivos estratégicos definidos liderazgo de todo el proceso de ejecución (selección de proveedores, coordinación, seguimiento, instalación y puesta a punto) etc",10/04/2024,573727,,,"Pensamos en una persona con Formación de Ingeniería, que aporte una experiencia mínima de 4 años en funciones similares. Se requiere un nivel alto de Inglés y Euskera.",,,,,Idiomas requeridos Euskera Inglés,,https://www.infojobs.net/onati/responsable-procesos-industriales-mejora-continua/of-icf089aeaf14892b99c1b662cb0608c,1,
2,2024-04-14 10:38:49,CONTROLLER,Azpeitia,Gipuzkoa,"En dependencia de la persona Responsable de Controllers se incorporará en este grupo industrial de más de 700 personas de plantilla, con filiales internacionales propias y proyectos en Europa, EEUU, Middle East. Realizará las siguientes actividades: análisis financiero de su Unidad de Negocio elaboración de planes de actuación y estrategias adecuadas etc.",10/04/2024,573726,,,"Pensamos en una persona con Formación Universitaria en Administración y Dirección de Empresas, Económicas o similar, que aporte una experiencia aproximada de 5 años en funciones similares. Se requiere un nivel alto de Inglés y se valorarán los conocimientos de SAP.",,,,,Idiomas requeridos Inglés,,https://www.infojobs.net/azpeitia/controller/of-i31027baef84d8e9b44663ad62f1704,1,
2,2024-04-14 10:38:49,JEFE/A DE OBRA,Santander,Cantabria,Nos encontramos en la búsqueda de un/a Jefe/a de Obra para dar servicio a importante empresa cliente en Santander.,10/04/2024,573725,,,Experiencia mínima de 5 años como Jefe/a de Obra. Conocimientos avanzados en Autocad y Presto. Formación en Prevención de Riesgos Laborales 60H. Titulación en ingeniería civil o similar. Experiencia en la gestión de Obras lineales y Túneles.,,,,,,,https://www.infojobs.net/santander/jefe-obra/of-i31ff3a62f843279e6056d1f80e943f,1,
2,2024-04-14 10:38:49,OPERARIO/A INDUSTRIAL,Logroño,Rioja (La),Estamos buscando Un/a Operario/a Industrial para una importante empresa ubicada en los alrededores de Logroño. FUNCIONES: Fabricación de ventanas y puertas. Trabajos con Aluminio y PVC. Acristalar. Funciones de operario industrial del metal,10/04/2024,573724,,,Valorable: Carnet C de camión y CAP. Experiencia en fabricación de ventanas.,,,,,,,https://www.infojobs.net/logrono/operario-industrial/of-i18e7186c8e4f37b943a31a2bdd1261,1,
2,2024-04-14 10:38:49,ADMINISTRATIVO/A CONTABLE FINANCIERO,Zamudio,Bizkaia,Nos encontramos en la búsqueda de un/a auxiliar administrativo/a con conocimientos contables y financieros para un contrato temporal. Tu principal tarea será: Contabilización de facturas en ERP SAP. Conciliaciones de saldos de clientes y proveedores. Gestión de pagos. Elaboración de ficheros,10/04/2024,573723,,,Experiencia previa en tareas contables y financieras. Valorable nivel medio de inglés. Estudios FP administración y/o afines.,,,,,,,https://www.infojobs.net/zamudio/administrativo-contable-financiero/of-icf096132fc4b08ab848d63c0578218,1,
2,2024-04-14 10:38:49,COCINERO/A,Vitoria-Gasteiz,Araba/Álava,Seleccionamos un/a Cocinero/a para un Hotel de Vitoria. Funciones: Elaboración de Menús y Carta,10/04/2024,573722,,,Experiencia en puesto similar de al menos 5 años. Competencias: actitud y aptitud frente al trabajo y disposición para desarrollar el trabajo.,,,,,,,https://www.infojobs.net/vitoria-gasteiz/cocinero/of-if287a24de343748cf07c9b264e46a1,1,
2,2024-04-14 10:38:49,TÉCNICO/A DE MECANIZADO (CENTRO DE 5 EJES),Zaldibar,Bizkaia,"Empresa de referencia internacional en la fabricación de tornos CNC, necesita incorporar de manera estable y directa un/a Mecanizador/a.",10/04/2024,573721,,,"Se requiere formación de Grado Superior en Fabricación Mecánico/a, experiencia en trabajos de mecanizado de 5 ejes y programación de centros CNC (control Fanuc). Además, si tienes experiencia en medición de tridimensional y células automáticas con robot suma para proceder con tu candidatura.",,,,,,,https://www.infojobs.net/zaldibar/tecnico-mecanizado-centro-5-ejes/of-i957aa22b66432491dc8555f3202c16,1,
2,2024-04-14 10:38:49,LIMPIADOR/A RESTAURANTE,Vitoria-Gasteiz,Araba/Álava,Personal de limpieza para restaurante en Vitoria. Se valorará experiencia previa en puestos similares.,10/04/2024,573720,,,,,,,,,,https://www.infojobs.net/vitoria-gasteiz/limpiador-restaurante/of-i5836a4ad8d4a36891edd64a9147fff,1,
2,2024-04-14 10:38:49,PERSONAL AUXILIAR ADMINISTRATIVO/A,Pamplona/Iruña,Navarra,"Atención de llamadas, emails, chat, whatsapp y cualquier otro canal que la compañía ponga a disposición del cliente, tanto inbound como outbound. Atención al Cliente interno. Soporte red comercial. Gestión de incidencias planteadas por los clientes. Fidelización de clientes. Gestión de negociaciones de precio. Venta de servicios adicionales a clientes de la compañía. Etc.",10/04/2024,573719,,,Experiencia de 1 año como teleoperador de Atención al cliente en Contact Center o tareas similares en atención al cliente. Buscamos a una persona dinámica y proactiva. Formación Profesional grado superior o Grado Universitario. Nivel intermedio en ofimática entorno windows a nivel usuario. Capacidad de Gestionar y tomar decisiones sobre operativa con Clientes.,,,,,,,https://www.infojobs.net/pamplona/personal-auxiliar-administrativo-pamplona/of-i7163ed7c5c4473b184063e390bf055,1,
2,2024-04-14 10:38:49,MICROINFORMÁTICO/A / HELPDESK CLIENTE FINAL,Bilbao,Bizkaia,Estamos en búsqueda de un/a microinformático/a / helpdesk para uno de nuestro importantes clientes finales. Tu labor será la de resolver incidencias de N1 dentro de los sistemas y redes de la empresa.,10/04/2024,573718,,,Si cuentas con al menos 1 año de experiencia como microinformático / helpdesk encajarás a la perfección en el puesto.,,,,,,,https://www.infojobs.net/bilbao/microinformatico-helpdesk-cliente-final/of-ia4795387b34008bd14cc6c0bcb7285,1,
2,2024-04-14 10:38:49,GESTOR/A DE COMPRAS DE ACTIVOS INFORMÁTICOS,Pamplona/Iruña,Navarra,"Empresa tecnológica líder en el sector TIC, con 40 años de experiencia y un equipo de profesionales altamente cualificados, se encuentra en la búsqueda de un profesional motivado con experiencia en gestión de compras de activos informáticos para un importante cliente radicado en Pamplona.",10/04/2024,573717,,,Título universitaria en Informática o similar.Experiencia mínima de 3 años en gestión de compras de activos informáticos. Excelentes habilidades de negociación y comunicación. Conocimiento profundo del mercado de tecnología y proveedores. Capacidad para trabajar bajo presión y gestionar múltiples proyectos. Etc.,,,,,,,https://www.infojobs.net/pamplona-iruna/gestor-compras-activos-informaticos/of-ic72228d6224fde97a8e44847f60c4c,1,
2,2024-04-14 10:38:49,CONDUCTOR/A DE TRÁILER,Durango,Bizkaia,Estamos buscando incorporar a un/a Conductor/a de tráiler.,10/04/2024,573716,,,Experiencia manejando vehículos de gran tonelaje y remolques. Conocimientos avanzados del tacógrafo digital. Habilidades en Transporte de mercancías perecederas.,,,,,,,https://www.infojobs.net/durango/conductor-trailer/of-i050766226943ee9f9c971c8df1f3e5,1,
2,2024-04-14 10:38:49,TÉCNICO/A MEDIO AMBIENTAL - PROYECTOS ENERGÍA RENOVABLE,Pamplona/Iruña,Navarra,"Empresa líder en el sector de energías renovables, se encuentra en la búsqueda de un/a técnico/a ambiental con al menos 3 años de experiencia para unirse a nuestro equipo.",10/04/2024,573715,,,Título universitario en Ciencias Ambiental o carrera afín. Mínimo 3 años de experiencia en proyectos de energías renovables. Conocimientos sobre normativas ambientales vigentes. Experiencia en gestión de impacto ambiental y permisos de construcción.,,,,,,,https://www.infojobs.net/pamplona-iruna/tecnico-medio-ambiental-proyectos-energia-renovable/of-if464b042cb4ec5af995b9210c02238,1,
2,2024-04-14 10:38:49,DELEGADO/A DE VISITA MÉDICA,Santander,Cantabria,Importante empresa farmacéutica y estamos seleccionando a un/a Delegado/a de Visita Médica para que forme parte de nuestro equipo.,10/04/2024,573714,,,"El perfil que estamos buscando es un/a profesional con al menos 2 años de experiencia en ventas, preferiblemente en Visita Médica, que sea curioso/a, proactivo/a, resolutivo/a, con un claro enfoque a resultados y que sienta pasión por lo que hace en su día a día.",,,,,,,https://www.infojobs.net/santander/delegado-visita-medica-cantabria/of-i53ed0a523d4573ac45b38f43b75050,1,
2,2024-04-14 10:38:49,OPERARIO/A DE MECANIZADO.,Vitoria-Gasteiz,Araba/Álava,"buscamos un OPERARIO/A DE MECANIZADO, TORNO O FRESA para importante empresa. Tus funciones serian: Entender la programación establecida. Manejo de control numérico para seguimiento de programa-proceso establecido. Alimentación de maquina. Ajustes de parámetros y control de calidad de las piezas",10/04/2024,573713,,,,,,,,,,https://www.infojobs.net/vitoria-gasteiz/operario-mecanizado./of-i2716f63ced403caba060cc4adbbd52,1,
2,2024-04-14 10:38:49,OPERARIO/A LIMPIEZA DE OFICINAS CON DISCAPACIDAD +33% O IPT,Bilbao,Bizkaia,"Buscamos personal con experiencia en limpieza de despachos y oficinas para trabajar en las instalaciones de uno de nuestros clientes situados en la zona de Bilbao. Tus funciones serán: Limpieza de Oficinas: mobiliario, suelos, baños, pasillos.",10/04/2024,573712,,,Experiencia mínima en tareas de limpieza de espacios. IPT o Certificado de Discapacidad igual o superior al 33%,,,,,,,https://www.infojobs.net/bilbao/operario-limpieza-oficinas-con-discapacidad-33-ipt/of-i819f7b97f74284a92ae3bd705ae3e0,1,
2,2024-04-14 10:38:49,CONDUCTOR O CONDUCTORA CARNET C+E + BAÑERA BASCULANTE,Santander,Cantabria,Importante empresa de la zona de Santander solicita conductores. Tus funciones: Rrealizar la ruta desde Santander al puerto.,10/04/2024,573711,,,"Experiencia con bañera basculante. Experiencia mínima de 1 año. Buena actitud y ganas de trabajar. Disponibilidad para trabajar dias sueltos de lunes a diomingo en turno de 06 a 14 o de 14 a 22, segun tu disponibilidad.",,,,C+E,,,https://www.infojobs.net/santander/conductor-conductora-carnet-c-banera-basculante/of-ie763355a704a1184e021e3f7d6ffb2,10,
2,2024-04-14 10:38:49,ENTRENADOR/A PERSONAL,Pamplona/Iruña,Navarra,Buscamos entrenador para la clínica (Pamplona). La función será llevar a cabo los entrenamientos de nuestros pacientes de la clínica,10/04/2024,573710,,,El perfil que buscamos es TAFAD o INEF. No es requisito pero se valorará positivamente tener el grado de fisioterapia.,,,,,,,https://www.infojobs.net/pamplona-iruna/entrenador-personal/of-i2b8350ee604e9b9547674bf7cb241c,1,
2,2024-04-14 10:38:49,CONDUCTOR/A POR HORAS,Donostia/San Sebastián,Gipuzkoa,"Seleccionamos Conductores/as en San Sebastián, turno mañana y tarde, para realización de trámites de ITV, traslado de vehículos al taller, y servicios de transfer (traslado de vehículos sin pasajeros).",10/04/2024,573709,,,"Experiencia de al menos 2 años como conductor/a con vehículo de empresa. Valorable experiencia en reparto, traslados de vehículos, mensajería, transporte y preinspecciones de vehículos. Experiencia en manejo de vehículos de cambio manual y automáticos. Aportar referencias profesionales demostrables recientes. Disponer de un mínimo de 12 puntos en el carnet.",,,,,,,https://www.infojobs.net/donostia-san-sebastian/conductor-san-sebastian-por-horas/of-i6a22da06e84ccba779825ca436bc80,1,
2,2024-04-14 10:38:49,RECEPCIONISTA,Vitoria-Gasteiz,Araba/Álava,"Buscamos un/a RECEPCIONISTA para nuestra clínica ubicada en VITORIA, cuya misión principal será responsabilizarse de la administración de la clínica y la atención al paciente, garantizando una relación acorde con los estándares de calidad marcados por la compañía",10/04/2024,573708,,,"Experiencia de entre 3/4 años en puestos de atención al cliente de manera presencial o telefónica, así como experiencia administrativa. Técnico Superior en Administración",,,,,,,https://www.infojobs.net/vitoria/recepcionista-alava-32-horas/of-i1959205d9b4178a47daf88b63248a8,1,
2,2024-04-14 10:38:49,DELINEANTE CON REVIT,Bilbao,Bizkaia,"Para uno de nuestros clientes, ubicados en Bilbao, necesitamos 2 perfiles de REVIT avanzados con las siguientes capacidades: Manejo BIM 360. Creación de Familias y MEP. Coordinación de Modelos por disciplinas. Revisión de interferencias con Naviswork.",10/04/2024,573707,,,,,,,,,,https://www.infojobs.net/bilbao/delineante-con-revit-h-m/of-if8169ac12f4a46a5c530cdccdfbc99,2,
2,2024-04-14 10:38:49,JEFE/A CALIDAD DE PROYECTO,Arrasate/Mondragon,Gipuzkoa,"Estamos incorporando a dos Jefes de Calidad de Proyecto para asegurar la calidad de proyectos/producto/servicio entregado al cliente garantizando que se han cumplido los estándares y procesos definidos tanto normativos, internos y con el cliente.",10/04/2024,573706,,,"Máster/Ingeniería Superior/Licenciatura. Inglés C1. Conocimientos necesarios Normativas de Calidad en Sistema y Producto (ISO 26262, EN 9100, PECAL, DO-254, DO-178C...). Herramientas de Calidad/Resolución de Problemas. Instrumentos de Medición/Ensayo. SAP. Técnicas de Auditoría. Técnicas de Liderazgo de Equipo. Etc.",,,,,Idiomas requeridos Inglés,,https://www.infojobs.net/arrasate-mondragon/jefe-calidad-proyecto/of-icb13f46abf40988feff1c87624f893,2,
2,2024-04-14 10:38:49,JEFE/A DE OBRA (PLANTAS FOTOVOLTAICA EPC),Pamplona/Iruña,Navarra,"Buscamos un Jefe/a de Obra para nuestros proyectos. Esta persona será responsable de supervisar la ejecución y el desarrollo del proyecto asignado, siguiendo los procedimientos establecidos y coordinando los recursos necesarios (humanos, materiales, maquinaria) con el fin de cumplir con los plazos contractuales y objetivos planteados.",10/04/2024,573705,,,"Titulación universitaria Superior Ingeniería Obras Públicas, Industrial, etc. Imprescindible experiencia en proyectos fotovoltaicos como jefe de obra. Buenos conocimientos de instalaciones fotovoltaicas.",,,,,,,https://www.infojobs.net/pamplona-iruna/jefe-obra-plantas-fotovoltaica-epc/of-i204905520e464f8b68eec499f1395a,1,
2,2024-04-14 10:38:49,AUXILIAR ADMINISTRATIVO/A,Bergara,Gipuzkoa,Estamos buscando cubrir una vacante como Auxiliar administrativo/a para nuestra empresa familiar dedicada al transporte de mercancías por carretera,10/04/2024,573704,,,Queremos incorporar una persona dinámica y resolutiva en diferentes áreas de la empresa. Comprometida con el trabajo y con ganas de crecer profesionalmente.,,,,,,,https://www.infojobs.net/bergara/auxiliar-administrativo/of-i6e4ef4e287456a8dfdcf0054f9a56a,1,
2,2024-04-14 10:38:49,RESPONSABLE EXPEDICIONES,Vitoria-Gasteiz,Araba/Álava,"Realizar el seguimiento de los flujos y mercancías dentro del almacén. Responsable de la planificación y control de recursos, costes y personal. Gestionar al equipo a su cargo de acuerdo con los principios de empresa y cultura directiva. Elaborar los Planes de Ruta para el suministro a las tiendas y garantizar el correcto abastecimiento de las tiendas y otros departamentos. Etc.",10/04/2024,573703,,,Formación Profesional de Grado Medio. Disponibilidad horaria para trabajar por turnos (horarios rotativos). Experiencia previa en el sector logístico como responsable.,,,,,,,https://www.infojobs.net/vitoria/responsable-expediciones-nanclares-la-oca/of-icb15063ceb4697894733b6cd1e0358,1,
2,2024-04-14 10:38:49,ADMINISTRATIVO/A CON SAP,Pamplona/Iruña,Navarra,"Se selecciona para importante empresa ubicada cerca de Pamplona, personal administrativo (H/M/X) con conocimientos en gestión, análisis, mapeo, transformación y carga de datos y conocimientos en SAP.",10/04/2024,573702,,,Experiencia previa de al menos dos años en entornos industriales y en el desempeño de funciones similares a las indicadas. Habilidades analíticas. Gestión y análisis de datos. Conocimientos en SAP. Disponibilidad para adaptase a las necesidades de la organización. Disponibilidad de desplazamiento.,,,,,,,https://www.infojobs.net/pamplona-iruna/administrativo-con-sap-h-m-x/of-i2956a5b92a4f7e95bdcc9fe5e33f0a,1,
2,2024-04-14 10:38:49,DISEÑADOR/A OFICINA TÉCNICA DE PRODUCCIÓN // CLIENTE FINAL,Oñati,Gipuzkoa,Seleccionamos un Diseñador Industrial para incorporación directa en compañía líder del sector industrial.,10/04/2024,573701,,,"Experiencia en diseño (diseño de máquinas). Herramientas de diseño Solid Works y Auto Cad. Inglés medio-alto, B2. Conocimientos de definición de accionamientos (elementos, neumáticos, hidráulicos).",,,,,Idiomas requeridos Inglés,,https://www.infojobs.net/onati/disenador-oficina-tecnica-produccion-cliente-final/of-i3c15cbd1da4b469e018bcca5681b9c,1,
2,2024-04-14 10:38:49,PROGRAMADOR/A PLC,Pamplona/Iruña,Navarra,Buscamos Programador/a de PLC para uno de nuestros clientes del sector logístico,10/04/2024,573700,,,"Formación media o superior en automatización, robótica, electrónica o informática. PLC, HMI y Programación SCADA. Programación lenguaje C. Capacidad para leer dibujos mecánicos y diagramas de cableado eléctrico. Parametrización. Operación de Convertidores de Frecuencia (preferiblemente SEW y Lenze). Red Fieldbus (Profibus, Profinet, etc). Ingles medio hablado y escrito. Etc.",,,,,Idiomas requeridos Inglés,,https://www.infojobs.net/pamplona-iruna/programador-plc/of-if7435376e242aeb621b69952c9a599,1,
2,2024-04-14 10:38:49,OPERARIO/A MONTAJE,Vitoria-Gasteiz,Araba/Álava,Seleccionamos un/a operario/a de producción para montaje de piezas en una empresa situada en polígono cercano a Vitoria-Gasteiz . Funciones: Realizar verificación de piezas. Montaje manual de piezas pequeñas.,10/04/2024,573699,,,,,,,,,,https://www.infojobs.net/vitoria-gasteiz/operario-montaje/of-id500d364f04257ab07e3ea5caf4eea,1,
2,2024-04-14 10:38:49,TÉCN. DE SOPORTE Y COMPRAS DE MAQUINARIA,Bilbao,Bizkaia,Buscamos incorporar un Responsable de compras y soporte para trabajar en la oficina de Bilbao.,10/04/2024,573698,,,"Ingeniería mecánica o similar. Muy valorable poseer grado superior en automoción. Nivel B2 de inglés y muy valorable conocimientos de otros idiomas (portugués, francés). Disponibilidad para viajar internacionalmente. Experiencia de al menos 5 años en un puesto de responsabilidad similar",,,,,Idiomas requeridos Inglés,,https://www.infojobs.net/bilbao/tecn.-soporte-compras-maquinaria-h-m/of-i8c15e8f28a43f69c6ca73ff4b38c3d,1,
2,2024-04-14 10:38:49,ASISTENTE COMERCIAL,Beriain,Navarra,"Integrado en el Departamento Comercial de Auxilab, se encargará de la gestión integral de las cuentas de clientes que se le asignen, con funciones como: Comunicación con los clientes. Preparación y seguimiento de ofertas. Gestión de pedidos y de envío de las mercancías. Incidencias. Facturación y reclamación de pagos.",10/04/2024,573697,,,"Experiencia en atención al cliente. Administración: gestión de pedidos, facturación, incidencias. Ofimática: Word, Excel, Outlook, mecanografía. Orientación al cliente y proactividad.",,,,,,,https://www.infojobs.net/beriain/asistente-comercial/of-iff2ce2c4ba4b56826a209a4b53b247,1,
2,2024-04-14 10:38:49,OPERARIO/A DE PRODUCCIÓN,Leitza,Navarra,Te ofrecemos la oportunidad de trabajar en una empresa situada en Leitza,10/04/2024,573696,,,Experiencia en puestos dinámicos como industria y logística.,,,,,,,https://www.infojobs.net/leitza/operario-produccion-h-m-x-leitza/of-i07fd2dfb674c2a9cb2400058ffbac9,5,
2,2024-04-14 10:38:49,COMERCIAL SECTOR ALIMENTACIÓN Y BEBIDAS,Idiazabal,Gipuzkoa,"Empresa líder en distribución de productos de alimentación y bebidas, buscamos incorporar personal para nuestro equipo de ventas de nuestro centro de distribución de Gipuzkoa.",10/04/2024,573695,,,"Experiencia previa en el mundo comercial, preferiblemente para el canal HORECA. Visión Comercial. Metodología y constancia. Organizado/a y con un manejo de herramientas ofimáticas de gestión. Dinamismo y proactividad. Capacidad de planificación. Flexibilidad y adaptación al cambio.",,,,,,,https://www.infojobs.net/idiazabal/comercial-sector-alimentacion-bebidas/of-i1a0d8ca90e4c73827cef650bc929b6,1,
2,2024-04-14 10:38:49,ELECTRICISTA,Santander,Cantabria,Estamos seleccionando electricistas (h/m) para una importante empresa ubicada en los alrededores de Santander. Las funciones a realizar serán las de instalación de cableado en baja tensión.,10/04/2024,573694,,,Formación en electricidad y electrónica o titulación similar. Disponibilidad de incorporación inmediata. Experiencia previa en tareas de electricidad,,,,,,,https://www.infojobs.net/santander/electricista-h-m/of-ife6c1d7797467ea85d6e92c2f76cbe,2,
2,2024-04-14 10:38:49,INGENIERO/A DE DISEÑO Y FABRICACIÓN (PROJECT MANAGER JUNIOR),Ibarra,Gipuzkoa,"Estamos en búsqueda de un/a Ingeniero/a de Diseño y Fabricación (Project manager junior) de equipamientos de taller, para importante empresa en desarrollo, ubicada en Ibarra.",10/04/2024,573693,,,"Buscamos a alguien con formación en Ingeniería Industrial o similar, con experiencia en diseño y desarrollo de maquinaria industrial, así como desarrollo de proyectos.",,,,,,,https://www.infojobs.net/ibarra/ingeniero-diseno-fabricacion-project-manager-junior/of-ib4f40c7ced4a00be5a96241adb570b,1,
2,2024-04-14 10:38:49,RESPONSABLE DE MANTENIMIENTO ADJUNTO,Camargo,Cantabria,"Una empresa líder en la gestión portuaria en el Puerto de Santander, estamos buscando un Responsable de Mantenimiento Adjunto para el mantenimiento de las instalaciones que opera el grupo y especialmente de la Terminal de Graneles Agroalimentarios de Santander (TASA)",10/04/2024,573692,,,"Formación requerida: Grado Ingeniería Industrial, Grado Ingeniería Técnica Industrial, Grado Ingeniería de Minas, Grado Ingeniería Marítima o algún otro grado similar a los anteriormente mencionados. Conocimientos altos en Prevención de Riesgos Laborales, Calidad y Medio Ambiente. Experiencia en gestión de equipos. Inglés B2. Carnet de conducir y vehículo propio. Etc.",,,,,Idiomas requeridos Inglés,,https://www.infojobs.net/camargo/responsable-mantenimiento-adjunto/of-i7f5e6801044593a16c5735f65452a9,1,
2,2024-04-14 10:38:49,COMERCIAL,Orio,Gipuzkoa,Importante empresa dedicada al comercio al por mayor de bebidas necesita incorporar un Comercial (H/M) a su centro de trabajo ubicado en Orio. Funciones: Captación y mantenimiento de cartera de clientes por la zona de Donostialdea,10/04/2024,573691,,,"Se requiere que la persona: Disponga de experiencia previa como comercial en Canal HORECA (hoteles, restaurantes y cafeterías). Vehículo propio",,,,,,,https://www.infojobs.net/orio/comercial-h-m-orio-donostia/of-i806acf586441b084574eefc690a53d,1,
2,2024-04-14 10:38:49,DEPENDIENTE/A DE 20H,Iurreta,Bizkaia,"Operaciones de caja y actividad comercial. Preparación y presentación de la mercancía. Preparación y gestión de traspaso de mercancía. Etiquetado, orden y exposición de mercancía. Realización y registro de reducciones de precio. Mantenimiento de orden y limpieza en la tienda. Tipo de contrato: Contrato de trabajo de duración determinada",10/04/2024,573690,,,Titulación Formación Profesional y/o amplia experiencia laboral. Experiencia en comercio. Compromiso y capacidad de trabajo bajo presión. Flexibilidad horaria (turnos rotativos de lunes a sábados y domingos de apertura). Autonomía y capacidad de resolver incidencias. Buena presencia y amabilidad en la atención al cliente,,,,,,,https://www.infojobs.net/iurreta/dependiente-20h-m-f-x/of-ia0ea8f3c73441a8099245cf59dd2ac,1,
2,2024-04-14 10:38:49,OPERARIO/A CON DISCAPACIDAD,Villafranca,Navarra,Importante empresa del sector agroalimentario tiene necesidad de incorporar un/a operario/a para su planta de Villafranca. Te responsabilizarás de: Selección de materia prima. Empaquetado. Paletizado. Embolsado.,10/04/2024,573689,,,,,,,,,,https://www.infojobs.net/villafranca/operario-con-discapacidad-villafranca/of-i6772b5dee84251b3d5d6b177c5734b,1,
2,2024-04-14 10:38:49,DEPENDIENTE/A DE 20H,Gernika-Lumo,Bizkaia,"Operaciones de caja y actividad comercial. Preparación y presentación de la mercancía. Preparación y gestión de traspaso de mercancía. Etiquetado, orden y exposición de mercancía. Realización y registro de reducciones de precio. Mantenimiento de orden y limpieza en la tienda. Tipo de contrato: Contrato de trabajo de duración determinada",10/04/2024,573688,,,Titulación Formación Profesional y/o amplia experiencia laboral. Experiencia en comercio. Compromiso y capacidad de trabajo bajo presión. Flexibilidad horaria (turnos rotativos de lunes a sábados y domingos de apertura). Autonomía y capacidad de resolver incidencias. Buena presencia y amabilidad en la atención al cliente,,,,,,,https://www.infojobs.net/gernika-lumo/dependiente-20h-m-f-x/of-i64bd47bb9641a59d725cd3f48b54aa,1,
2,2024-04-14 10:38:49,CAMARERO/A,Gamiz-Fika,Bizkaia,"Se busca camarero/a a jornada completa e indefinido. Ambiente de trabajo agradable y familiar, buen equipo en un pueblo rural y tranquilo. Jornada laboral de rotación por turnos. Indispensable vehículo propio y carnet de conducir.",10/04/2024,573687,,,,,,,,,,https://www.infojobs.net/gamiz-fika/camarero/of-ie42b733fe242e9bb33f141e3e76076,1,
2,2024-04-14 10:38:49,CAMARERO/A DE HOTEL,Haro,Rioja (La),"Las funciones a realizar se relacionan con el área de la limpieza, se precisa personal AVANZADO/A que pueda realizar funciones de camarera/o de pisos y además supervisar en función de la necesidad. Limpieza y arreglo de habitaciones. Arreglo de zonas comunes. Supervisión. Responder a las necesidades que tengan los clientes. Etc.",10/04/2024,573686,,,,,,,,,,https://www.infojobs.net/haro/camarero-hotel/of-i5c8824f3324c2ead549eb1054a7990,1,
2,2024-04-14 10:38:49,AGENTE ASESOR/A DE SEGUROS,Donostia/San Sebastián,Gipuzkoa,"Prospección y captación proactiva de clientes. Asesoría profesional y elaboración de proyectos personales a clientes particulares y PYME. Creación, seguimiento y consolidación de una cartera propia.",10/04/2024,573685,,,Experiencia comercial. actitud emprendedora,,,,,,,https://www.infojobs.net/donostia-san-sebastian/agente-asesor-seguros/of-i570d50d95d4be3b01951d03d4819fb,1,
2,2024-04-14 10:38:49,DEPENDIENTE/A,Gernika-Lumo,Bizkaia,Buscamos una persona dinámica y proactiva con experiencia en sector moda.,10/04/2024,573684,,,"Disponibilidad inmediata. Jornada completa horario partido de Lunes a Viernes, los Sábados por la mañana.",,,,,,,https://www.infojobs.net/gernika-lumo/dependiente/of-i63f4e2d7e3493b92ed83f4056ffe4b,1,
2,2024-04-14 10:38:49,RESPONSABLE DE SALA O CAMARERO/A,Tolosa,Gipuzkoa,"Buscamos personas con ganas de aprender y querer incorporarse a nuestro equipo. Necesitamos personas con idiomas Castellano, Inglés, para puesto en sala de jornada completa con dos días de descanso.",10/04/2024,573683,,,,,,,,,,https://www.infojobs.net/tolosa/responsable-sala-camarer/of-i1f19ee8fa34ae6a734624b772b1e7d,1,
2,2024-04-14 10:38:49,OFICIALES/AS DE PRIMERA Y SEGUNDA ELECTRICISTAS,Arrasate/Mondragon,Gipuzkoa,SE PRECISAN OFICIALES DE PRIMERA Y SEGUNDA ELECTRICISTAS PARA OBRA EN ARRASATE. IMPRESCINDIBLE CURSO DE PRL.,10/04/2024,573682,,,Formación en PRL. Se valorará formación en alturas y plataformas.,,,,,,,https://www.infojobs.net/arrasate-mondragon/oficiales-primera-segunda-electricistas/of-i5a55c4236045aba4328ebcfb937586,10,
2,2024-04-14 10:38:49,COCINERO/A,Donostia/San Sebastián,Gipuzkoa,"Buscamos cocinero/ayudante de cocina para bar-restaurante (barrio del Antiguo, Donosti",10/04/2024,573681,,,"No se requiere experiencia, pero sí es imprescindible una buena actitud, el sentido de la responsabilidad, agilidad, ganas de realizar un buen trabajo, y capacidad de trabajar bajo presión y en equipo.",,,,,,,https://www.infojobs.net/donostia-san-sebastian/cocinero/of-ic1ce6a7d664ad0b7cd251b0adedf77,1,
2,2024-04-14 10:38:49,CARNICERO/A,Barakaldo,Bizkaia,Se precisa Carnicero/a para despacho y obrador de Carnicería.,10/04/2024,573680,,,Experiencia en el Puesto. Excelente Atención al Publico. Don de Gentes. Conocimiento de Obrador y Deshuese. Conocimiento de Elaborados Carnicos. Limpieza y Orden. Carnet de Conducir. Actitud. Disponibilidad Inmediata.,,,,,,,https://www.infojobs.net/barakaldo/carnicero/of-ie54b70cec54ea4bfd048b49fb10407,1,
2,2024-04-14 10:38:49,AUXILIAR BIBLIOTECA,Bilbao,Bizkaia,Actualmente estamos experimentando un crecimiento en nuestras diferentes áreas de negocio y necesitamos contratar un AUXILIAR DE BIBLIOTECA para cubrir bajas en un proyecto en la MEDIATEKA del CENTRO AZKUNA.,10/04/2024,573679,,,Experiencia mínima de 1 año en atención a usuarios en bibliotecas. FORMACIÓN EN BIBLIOTECOMANÍA. Titulación mínima B2 en Euskera (Imprescindible),,,,,Idiomas requeridos Euskera,,https://www.infojobs.net/bilbao/auxiliar-biblioteca-centro-azkuna-bilbao/of-i88b2a259514b59b409c5739a81105d,1,
2,2024-04-14 10:38:49,CONTROLLER ECONÓMICO GESTIÓN DE PROGRAMAS,Beasain,Gipuzkoa,"Integrado/a en la Dirección de Gestión y Planificación Económica, necesitamos incorporar un/a Controller para Gestión de Programas en el negocio de Vehículos en la sede de Beasain.",10/04/2024,573678,,,"Experiencia en gestión de proyectos, control de gestión de proyectos, control económico os similar. Castellano, inglés. Se valorará positivamente euskera, francés y/o alemán. Disponibilidad para viajar y/o desplazamientos temporales nacionales o internacionales (otras sedes, cliente, proveedor, ...) en función de la necesidad de los proyectos.",,,,,Idiomas requeridos Inglés,,https://www.infojobs.net/beasain/controller-economico-gestion-programas/of-idc8d861ad545fd83ce52ff059e5f28,1,
2,2024-04-14 10:38:49,DIRECTOR/A DESARROLLO INTERNACIONAL,Getxo,Bizkaia,Desarrollo de negocio internacional enfocado inicialmente en paises de latinoamérica para el sector de las energías renovables,10/04/2024,573677,,,"El candidato tendrá que realizar viajes con estancia mínima de 1-2 semanas en los paises de destino y establecer la estrategia de penetración en el país (implantación de filial, acuerdos con empresas locales, alianzas estrategicas, etc.) además de la originación de proyectos de energías renovables en el país de destino.",,,,,,,https://www.infojobs.net/getxo/director-desarrollo-internacional/of-i8bdccf8b944f6aa97ea2bc78ed53d8,1,
2,2024-04-14 10:38:49,COORDINADOR /A TRÁFICO - TRANSPORTE DE PASAJEROS,Beasain,Gipuzkoa,Estamos realizando un proceso de selección de un puesto de Coordinador /a Tráfico y de equipo de conductores para empresa vasca dedicada al transporte por carretera de viajeros a nivel local y nacional en su sede en la zona de Lazkao.,10/04/2024,573676,,,El candidato /a tendrá que llevar un teléfono móvil y estar localizable para resolver incidencias a cualquier hora dentro de unos turnos establecidos y recompensados. Euskera. Experiencia en puesto similar. Manejo de herramientas del paquete Office. Gestión de equipos.,,,,,,,https://www.infojobs.net/beasain/coordinador-trafico-transporte-pasajeros/of-i99c74c64304a84a6c253e204ec1210,1,
2,2024-04-14 10:38:49,HIGIENISTA BUCODENTAL TARDES,Logroño,Rioja (La),Funciones propias y exclusivas de técnico superior en higiene bucodental.,10/04/2024,573675,,,Formación Grado Superior como higienista bucodental. EXPERIENCIA RECIENTE DE AL MENOS UN AÑO como higienista EN CLÍNICAS DENTALES. Disponibilidad para trabajar jornada parcial de tardes de lunes a viernes de 16 a 21h.,,,,,,,https://www.infojobs.net/logrono/higienista-bucodental-tardes-logrono/of-i94d80f28c842c68c357b91215658c8,1,
2,2024-04-14 10:38:49,MOZO/A DE ACONDICIONAMIENTO DE VEHÍCULOS FINES DE SEMANA.,Donostia/San Sebastián,Gipuzkoa,Buscamos incorporar una persona para ocupar el puesto de mozo acondicionamiento de vehículos para transporte y limpieza en varias oficinas ubicadas en Donosti para refuerzo y fines de semana.Funciones del puesto: Limpieza en seco y aspiración de los vehículos. Traslado de vehículos.,10/04/2024,573674,,,Disponibilidad para incorporación inmediata. Disponibilidad para trabajar principalmente de viernes a lunes. Carnet de conducir con al menos 8 puntos.,,,,,,,https://www.infojobs.net/donostia-san-sebastian/mozo-acondicionamiento-vehiculos-fines-semana./of-ibe748502e14eb88d6e3f8226df62a9,1,
2,2024-04-14 10:38:49,DEPENDIENTE/A DE PANADERIA,Alegria-Dulantzi,Araba/Álava,Importante y conocida red de panaderías de Álava precisa incorporar personal en una tienda de Alegría. Funciones: Atención al cliente. Organización de tienda. Confección de productos y horneado.,10/04/2024,573673,,,Persona con ganas de aprender la labor y con experiencia anterior en tiendas o atención al cliente. Disponibilidad inmediata y completa de lunes a domingo.,,,,,,,https://www.infojobs.net/alegria-dulantzi/dependiente-panaderia-alegria-dulantzi/of-i498c3427bc44cf85a5af8cd6ffe782,1,
2,2024-04-14 10:38:49,DESARROLLADOR DE SOFTWARE,Pamplona/Iruña,Navarra,Estamos en búsqueda de un/a Desarrollador/a Software para una importante empresa dedicada al desarrollo de hardware y software para máquinas de vending y el pago de estas a través de varias aplicaciones ubicada en la zona de Pamplona (Navarra),10/04/2024,573672,,,Conocimientos avanzados de programación en Java y C. Conocimientos en software EVA/DTS y EXE como sistema de pago y comunicación. Experiencia mínima 5 años como Desarrollador/a Software.,,,,,,,https://www.infojobs.net/pamplona-iruna/un-desarrollador-software/of-i727740fa664506b240f0743a6f6c02,1,
2,2024-04-14 10:38:49,COMERCIAL INTERNO (INGENIERO O CFGS),Leioa,Bizkaia,Multinacional alemana dedicada a la fabricación y distribución de equipos industriales dirigidos a distintos sectores que cuenta con productos de reconocido prestigio y posicionamiento en el mercado y que actualmente se encuentra en fase expansiva precisa incorporar en su filial situada en la Margen Derecha: COMERCIAL INTERNO (INGENIERO O CFGS),10/04/2024,573671,,,"Titulación técnica: ingeniería industrial, Ciclo Formativo de Grado Superior rama mecánica o eléctrica-electrónica. Buen nivel de inglés. Experiencia en tareas similares a las descritas desarrollada en empresas industriales, de bienes de equipo, instalaciones, maquinaria o similar. Conocimientos de informática a nivel de usuario.",,,,,Idiomas requeridos Inglés,,https://www.infojobs.net/leioa/comercial-interno-ingeniero-cfgs/of-id39c95dbdb4e0f9c19a8177f1c021e,1,
2,2024-04-14 10:38:49,ELECTROMECÁNICO/A DE VEHÍCULOS,Pamplona/Iruña,Navarra,Ofrecemos la posibilidad de entrar en una empresa dedicada al sector del metal y la automoción ubicada en la zona de Pamplona y que requiere de un electromecánico de vehículos. Funciones: Montaje y desmontaje de piezas y motores de turismos. Empleo de herramientas como la pistola neumática para desmontar las diferentes piezas de los vehículos. Etc.,10/04/2024,573670,,,FP media o superior de electromecánica. Valorable la experiencia en tema de mecánica de vehículos. Valorable los conocimientos en electricidad de vehículos y mecánica. Disponibilidad inmediata. Vehículo propio.,,,,,,,https://www.infojobs.net/pamplona-iruna/electromecanico-vehiculos/of-i8a49a2543a4284953cfc05bac83021,1,
2,2024-04-14 10:38:49,TÉCNICO/A SUPERIOR EN PRL Y MEDIOAMBIENTE,Huarte/Uharte,Navarra,Seguimiento e Implantación del Plan de Prevención y Gestión documental. Gestión de las Evaluaciones de Riesgos y Planes de Medidas correctoras derivados de las mismas. Investigaciones de accidentes e Incidentes. Visitas de seguridad a plantas e implantación de los Procedimientos e Instrucciones de Seguridad de la empresa. Etc.,10/04/2024,573669,,,"Buscamos un/a Técnico/a Superior en PRL para el Dpto. de la empresa, la cual cuenta con un Servicio de Prevención Ajeno. Estudios realizados Ingeniería, Relaciones Laborales, Estudios superiores en Prevención de Riesgos Laborales.",,,,,,,https://www.infojobs.net/huarte-uharte/tecnico-superior-prl-medioambiente/of-ia87e6d30f8421c8550021f0de12f50,1,
2,2024-04-14 10:38:49,OPERARIO/A DE MECANIZADO,Vitoria-Gasteiz,Araba/Álava,Seleccionamos un/a operario/a de mecanizado CNC para una importante empresa de situada en el polígono de Betoño. Funciones: Producción y mecanizado de piezas en serie. Manejo de fresadora. Interpretación de planos. Cambio de herramientas y corrección de parámetros.,10/04/2024,573668,,,"FP I o FPII en producción por mecanizado. Experiencia previa, de al menos 2 años, en un puesto similar. Conocimientos de interpretación de planos. Se valorará conocimientos en programación de CNC.",,,,,,,https://www.infojobs.net/vitoria-gasteiz/operario-mecanizado/of-i5963f36c934be38c6328190cbe70be,1,
2,2024-04-14 10:38:49,CONDUCTOR/A REPARTIDOR/A,Hernani,Gipuzkoa,Empresa especializada en ventilación y climatización. Precisa de un/a conductor/a repartidor/a. Serás,10/04/2024,573667,,,Carnet de conducir en vigor. Dominio del Euskera. Disponibilidad de incorporación inmediata. Valorable manejo y diploma de carretilla elevadora,,,,,Idiomas requeridos Euskera,,https://www.infojobs.net/hernani/conductor-repartidor/of-i9fd348233f469f89abe3f81203ca0a,1,
2,2024-04-14 10:38:49,AYUDANTE JEFE/A DE TURNO,Valtierra,Navarra,"Se busca incorporar un Ayudante de jefe de turno, en su fábrica de producción de endibias en Valtierra, Navarra.",10/04/2024,573666,,,"Formación Profesional en Industrias agroalimentarias o similar. Experiencia laboral en posiciones similares de al menos, 2 años. Capacidad organizativa y trabajo en equipo, proactividad, con buena comunicación y gestión de equipos.",,,,,,,https://www.infojobs.net/valtierra/ayudante-jefe-turno/of-ia5c05516404f9f9cbe3a687a7cae8d,1,
2,2024-04-14 10:38:49,OPERARIO/A DE PLANTA,Barakaldo,Bizkaia,"OPERARIO DE PLANTA DE TRANSFORMACION DE SUBPRODUCTOS CARNICOS, SE VALORARA EXPERIENCIA Y CONOCIMIENTOS EN ELECTRICIDAD Y MECANICA. TURNOS ROTATIVOS DE TARDE Y NOCHE, FINES DE SEMANA LIBRES.",10/04/2024,573665,,,,,,,,,,https://www.infojobs.net/barakaldo/operario-planta/of-i1f11842d45426cba604835803a988b,1,
2,2024-04-14 10:38:49,OPERARIO/A DE MANTENIMIENTO FERROVIARIO.,Irun,Gipuzkoa,El operario de mantenimiento será responsable de las operaciones de mantenimiento preventivo y correctivo de los vagones que gestione.,10/04/2024,573664,,,"Imprescindible Titulación de FP II, Grado Formativo Superior o Medio especialidad preferiblemente Electromecánica. Experiencia en mantenimiento. Manejo de herramientas de medición mecánica (calibres, etc) y de herramientas dinamométricas. Conocimientos de ofimática (Windows, Office, ...). Disponibilidad para viajar. Carnet de conducir tipo B1.",,,,B1,,,https://www.infojobs.net/irun/operario-mantenimiento-ferroviario./of-i976d057d46404ba7b2b9eb0836d321,1,
2,2024-04-14 10:38:49,ELECTRICISTA,Andosilla,Navarra,Se ofrece una vacante como Electricista en nuestra empresa ubicada en Andosilla.,10/04/2024,573663,,,"Titulación como Técnico o Graduado en electricidad. Más de 2 años de experiencia en instalaciones eléctricas industriales y de edificios. Conocimientos de Instalaciones automáticas para edificios, Baja tensión eléctrica, Cableado, Instalación de líneas eléctricas, Instalaciones automáticas de edificios, Instalaciones singulares de edificios, Instalación de máquinas eléctricas, etc.",,,,,,,https://www.infojobs.net/andosilla/electricista/of-i196e61707543e29faed7dbc5335f81,1,
2,2024-04-14 10:38:49,DELINEANTE,Tudela,Navarra,"Nos encontramos en la búsqueda de un Delineante para una importante empresa en plena expansión, dedicada a la distribución de acero ubicada en la Ribera de Navarra",10/04/2024,573662,,,"Se requiere una persona con los siguientes conocimientos: Competencias técnicas: interpretación de planos 2D y 3D, visión espacial. Manejo de programas diseño: Auto-CAD, Lantek, SolidWorks, ... Conocimiento de los materiales que se trabajan en la empresa (principalmente chapa, vigas, perfiles). Programas de ofimática (nivel avanzado).",,,,,,,https://www.infojobs.net/tudela/delineante/of-if600fe38b448f8bdf1430bc0d2ab1a,1,
2,2024-04-14 10:38:49,CARRETILLERO/A,Laudio/Llodio,Araba/Álava,Precisamos incorporar un/a carretillero/a para uno de nuestros clientes situados en Llodio.,10/04/2024,573661,,,Tener el carnet de carretilla en vigor. Mínimo 2 años de experiencia usando la carretilla para manejar cargas de grandes dimensiones.,,,,,,,https://www.infojobs.net/laudio-llodio/carretillero/of-ib54254279a4f7d9bccea348c70bb3c,1,
2,2024-04-14 10:38:49,COCINERO/A PARA COLEGIO,Santander,Cantabria,"Se precisa COCINERO/A para COLEGIO en SANTANDER, para cubrir baja.",10/04/2024,573660,,,IMPRESCINDIBLE EXPERIENCIA EN COLECTIVIDADES Y VALORABLE EN HOSTELERÍA.,,,,,,,https://www.infojobs.net/santander/cocinero-para-colegio-santander/of-i0d099d34f54fc59c55026181ef39c7,1,
2,2024-04-14 10:38:49,SOLDADOR/A SEMIAUTOMATICA CHAPA FINA.,Arrankudiaga,Bizkaia,Seleccionamos para importante empresa industrial un/a Soldador/a de semiautomática para fabricación de piezas en chapa fina para realización de trabajos tanto de soldadura manual como con robot de soldadura.,10/04/2024,573659,,,Experiencia superior a 2 años en soldadura semiautomática. Valorable experiencia en manejo de robot de soldadura. Carnet de conducir y vehículo propio. Disponibilidad para incorporación inmediata y trabajo a 3 turnos.,,,,,,,https://www.infojobs.net/arrankudiaga/soldador-semiautomatica-chapa-fina./of-iacb1c643814ddbbfc4dcc8678e25ee,1,
2,2024-04-14 10:38:49,RESPONSABLE DE LIMPIEZA INDUSTRIAL,Vitoria-Gasteiz,Araba/Álava,"Precisamos incorporar para empresa industrial de alimentación ubicada en Vitoria-Gasteiz, RESPONSABLE DE LIMPIEZA",10/04/2024,573658,,,"Experiencia en limpieza industrial, valorable en alimentación. Valorable experiencia con personal a cargo.",,,,,,,https://www.infojobs.net/vitoria-gasteiz/responsable-limpieza-industrial/of-i8a9f3fc36842899465a10bb8a4042d,1,
2,2024-04-14 10:38:49,INSTALADOR/A MONTADOR/A ELÉCTRICO,Mendaro,Gipuzkoa,Se busca Instalador / Montador Eléctrico para empresa ubicada en Mendaro. La persona seleccionada realizará trabajos de instalación y montaje de cuadros eléctricos.,10/04/2024,573657,,,"Se requiere Formación Profesional relacionada con el puesto, experiencia demostrable en instalación y montaje de cuadros eléctricos y experiencia mínima de 5 años en puestos similares.",,,,,,,https://www.infojobs.net/mendaro/instalador-montador-electrico/of-ibb436a877a405d92fc1221f0303bd4,1,
2,2024-04-14 10:38:49,PELUQUERO/A,Bilbao,Bizkaia,"Estamos buscando un@ talentos@ peluquer@ con un mínimo de experiencia de 4 años. Especializada en trabajos de color y mechas de tendencia, conocimiento de técnicas de forma, modelado y peinado de cabello.",10/04/2024,573656,,,"Mínimo 4 años de experiencia en corte de mujer y caballero, aplicación de tintes y mechas. Disponibilidad para poder trabajar los sábados por la mañana. Disponibilidad para trabajar jornada completa en caso de ser necesario.",,,,,,,https://www.infojobs.net/bilbao/peluquero/of-i34c87a72804bd2a3486ce7a54e384b,1,
2,2024-04-14 10:38:49,JARDINERO/A CON CERTIFICADO DE DISCAPACIDAD +33% O IPT,Lazkao,Gipuzkoa,"estamos buscamos profesionales con experiencia en mantenimiento de zonas de verdes (jardines, parterres, etc), para realizar las distintas tareas de jardinería en uno de nuestros clientes de la zona de Lazkao",10/04/2024,573655,,,"Imprescindible/valorable experiencia previa en puesto similar. Certificado de discapacidad +33% o IPT. Conocimientos y experiencia en: riego, siega, poda de arboles y arbustos.",,,,,,,https://www.infojobs.net/lazkao/jardinero-lazkao-guipuzcoa-con-certificado-discapacidad-33-ipt/of-i916e2deabd4fcd932a33da4b66f8fb,1,
2,2024-04-14 10:38:49,ALMACENERO/A,Villabona,Gipuzkoa,"Se selecciona mozo de almacén/carretillero para importante empresa del sector industrial ubicada en la zona de Billabona. Se encargara de la carga y descarga de mercancías, aprovisionamiento de producción, labores de picking, preparación de pedidos y otras labores del puesto.",10/04/2024,573654,,,Experiencia en tareas de almacén. Manejo de carretilla elevadora. Vehículo propio. Ofimática básica,,,,,,,https://www.infojobs.net/villabona/almacenero/of-i41bd60bae642e48c4ea446be4af4c7,2,
2,2024-04-14 10:38:49,MÉDICO/A,Zierbena,Bizkaia,"Buscamos incorporar un/a MEDICO/A para realizar funciones asistenciales en una empresa ubicada en Zierbana (Vizcaya) para realizar una suplencia temporal por 6 semanas, de lunes a viernes en horario de 12:00 a 16.00 hrs (puede flexibilizarse para adaptarse a tu disponibilidad).",10/04/2024,573653,,,Ser médico/a colegiado/a,,,,,,,https://www.infojobs.net/zierbena/medico-suplencia-temporal/of-iac349f81054060b377afd35054b8a3,1,
2,2024-04-14 10:38:49,REPARTIDOR/A CON CARNET C + ADR,Larrabetzu,Bizkaia,Estamos buscando repartidor/a (H/M/) con Carnet C + ADR para reparto por Bizkaia. El horario es de 6 a 14 o de 7 a 15h.,10/04/2024,573652,,,Es necesario estar en posesión del Carnet C y del ADR. Disponibilidad inmediata,,,,C,,,https://www.infojobs.net/larrabetzu/repartidor-con-carnet-c-adr-h-m/of-i1b16b7a1214f9098c26a7a51019744,2,
2,2024-04-14 10:38:49,TORNERO/A - FRESADOR/A CNC,Arrasate/Mondragon,Gipuzkoa,"Buscamos para importante empresa ubicada en Arrásate-Mondragón (Gipuzkoa), en plena expansión y crecimiento, personal para trabajar en tornos y fresas de control numérico para la fabricación de todo tipo de mecanizados de alta precisión (fundición/aluminio/ acero/ hierro/ PVC....).",10/04/2024,573651,,,Se precisa formación de grado medio/superior en Fabricación Mecánica. Experiencia mínima de 1 año en Tornos y/o Fresadoras. Saber programar a pie de maquina. Disponibilidad para incorporación inmediata,,,,,,,https://www.infojobs.net/arrasate-mondragon/tornero-fresador-cnc/of-i610314eb644f97ae6b364e698a72a2,1,
2,2024-04-14 10:38:49,OPERARIO/A LABORATORIO,Vitoria-Gasteiz,Araba/Álava,"Precisamos para laboratorio farmacéutico de la provincia de Álava, precisamente en Vitoria o alrededores. OPERARIO/A LABORATORIO",10/04/2024,573650,,,"FP laboratorio, ciencias o afines. Coche propio.",,,,,,,https://www.infojobs.net/vitoria-gasteiz/operario-laboratorio/of-i3f2694ffba4dce98cba5dbf660ba3e,1,
2,2024-04-14 10:38:49,VENDEDOR/A DE RECAMBIOS DEL AUTOMOVIL,Arrasate/Mondragon,Gipuzkoa,Se selecciona un Vendedor/a de Recambios y Accesorios del Automóvil para su centro de MONDRAGÓN sus principales funciones serán: Atención al cliente. Asesoramiento en las ventas. Animación y reposición en tienda,10/04/2024,573649,,,Experiencia en gestión de equipos. Formación interna. Promoción interna.,,,,,,,https://www.infojobs.net/mondragon/vendedor-recambios-del-automovil/of-i9edf8e36094ae28da251ba264ac8ea,1,
2,2024-04-14 10:38:49,TÉCNICO-A DISEÑO INDUSTRIAL,Vitoria-Gasteiz,Araba/Álava,"Buscamos para empresa ubicada en el Polígono Industrial de Jundiz un/a Técnico/a en diseño industrial. La persona que se incorpore realizara las siguientes tareas: Diseño y desarrollo de nuevos productos relacionados con: Embalaje metálico, Calderería media y fina , así como estructura metálica soldada. Diseño mejoras/ modificaciones en productos existentes. Etc.",10/04/2024,573648,,,"Experiencia en puesto similar de al menos 3 años. Formación en Ingeniería Industrial especialidad mecánica o diseño industrial. Imprescindible dominio programa 3D NX SIEMENS . Capacidades de autogestión (organizado, planificado, comunicativo). Orientación a la practicidad y a finalización de los proyectos. Persona que sepa escuchar, con gran iniciativa, proactiva y con inquietudes por mejorar profesionalmente.",,,,,,,https://www.infojobs.net/vitoria-gasteiz/tecnico-diseno-industrial/of-i54dba176e24882b7e7b56bccf2eba7,1,
2,2024-04-14 10:38:49,PERSONAL DE LIMPIEZA BRIGADA EMERGENCIA (DISCAPACIDAD +33% O IPT),Donostia/San Sebastián,Gipuzkoa,"Limpieza de baños y zonas comunes. Uso de maquinarias, fregadora, barredora, aspiradora, pulidora, abrillantadora, etc.",10/04/2024,573647,,,Experiencia en tareas de limpieza de espacios. Disponibilidad horaria. Vehículo propio.,,,,,,,https://www.infojobs.net/donostia-san-sebastian/personal-limpieza-brigada-emergencia-discapacidad-33-ipt/of-i397ec825b7460fa0525849321858e1,1,
2,2024-04-14 10:38:49,CONSULTOR/A COMERCIAL - FARMACIAS,Pamplona/Iruña,Navarra,"Estamos buscando un/a Consultor/a comercial para empresa especializada en la gestión, consultoría, e intermediación de farmacias, para la zona del Álava, La Rioja y Navarra.",10/04/2024,573646,,,"Experiencia en gestión de clientes. Experiencia comercial y venta consultiva (servicios, consultoría, etc).",,,,,,,https://www.infojobs.net/pamplona-iruna/consultor-comercial-farmacias/of-ibeca4f16634663bff5e5d8ca66bf87,1,
2,2024-04-14 10:38:49,TÉCNICO/A RECAUDADOR/A DE MAQUINAS RECREATIVAS,Santander,Cantabria,Actualmente buscamos a un/a Técnico/a para hacer Servicio de Recaudación de las Máquinas Recreativas para la zona de Santander. Qué harás con nosotros: Contabilizar y repasar la recaudación de la máquina. Recaudar el efectivo de la máquina. Liquidar con el cliente y el total de la recaudación en la delegación. Entregar cambio y documentos a los clientes. Etc.,10/04/2024,573645,,,"Valorable, no imprescindible experiencia mínima de 6 -12 meses en el sector. Imprescindible carné de conducir B en vigor. Disponibilidad para realizar horario partido de lunes a domingo con los descansos establecidos por ley.",,,,,,,https://www.infojobs.net/santander/tecnico-recaudador-maquinas-recreativas/of-i8b0a7ae755453aa49cd88f8bcef0ef,1,
2,2024-04-14 10:38:49,LIMPIADOR/A DE BARCO,Barakaldo,Bizkaia,"Estamos buscando limpiadores dedicados y apasionados para unirse a nuestro equipo en la limpieza y preparación de barcos para nuestros valiosos clientes. Como limpiador de barcos, serás responsable de realizar una variedad de tareas que garantizarán que nuestros barcos estén impecables y listos para la aventura en el mar",10/04/2024,573644,,,"Experiencia previa en limpieza, preferiblemente en entornos marítimos o similares. Disponibilidad para trabajar desde mañana jueves hasta este sábado, 9h al día de 8h-17.30h",,,,,,,https://www.infojobs.net/barakaldo/limpiador-barco-h-m/of-if888568e144d858a837120377a5d37,3,
2,2024-04-14 10:38:49,OPERARIO/A DE PRODUCCIÓN,Tudela,Navarra,Importante empresa situada en Tudela precisa incorporar a varios operarios para el puesto de prensista.,10/04/2024,573643,,,Se requiere experiencia en la industria y con manejo de maquinaria.,,,,,,,https://www.infojobs.net/tudela/operario-produccion-para-tudela/of-i9a9fdd494f44efa8eedd7b22dc0e9f,1,
2,2024-04-14 10:38:49,DECORADOR/A DE INTERIORES,Bilbao,Bizkaia,"Buscamos incorporar un/a decorador/a de interiores para Estudio Interiorismo, empresa especializada en la decoración de interiores ubicada en Bilbao",10/04/2024,573642,,,"Ciclo Formativo de Grado Superior en Proyectos de Dirección de Obras de Interior, Diseño de Interiores, Arquitectura de Interiores u otro campo relacionado. Mínimo 5 años de experiencia previa trabajando en Estudios de Interiorismo y desarrollando proyectos de diseño de interiores. Conocimiento demostrable y avanzado de CAD, programas de renderización e infografías , etc.",,,,,,,https://www.infojobs.net/bilbao/decorador-interiores/of-ie80fd23d0745c69849f33fd12fdb3d,1,
2,2024-04-14 10:38:49,RECAMBISTA ESPECIALISTA,Vitoria-Gasteiz,Araba/Álava,"ALMACENERO CON FORMACION EN AUTOMOCION Y CONOCIMIENTOS BASICOS DE MECANICA Y CARROCERIA CON CARNET DE CONDUCIR PARA REPARTO , CON CONOCIMIENTOS DE OFIMATICA Y NUEVAS TECNOLOGIAS , Y SE VALORARA EXPERIENCIA EN EL GREMIO.",10/04/2024,573641,,,SE VALORARA EXPERIENCIA EN PUESTO SIMILAR,,,,,,,https://www.infojobs.net/vitoria-gasteiz/recambista-especialista/of-id6adb6ce0e40cf90f48b9b3f95e6b4,1,
2,2024-04-14 10:38:49,CONTROLLER,Ormaiztegi,Gipuzkoa,"Grupo empresarial cuya principal actividad es el diseño, la fabricación y comercialización de autobuses y autocares, con fuerte presencia internacional y plantas de producción en 5 países, precisa incorporar en sus instalaciones situadas en Ormaiztegi: CONTROLLER",10/04/2024,573640,,,"Titulación Universitaria Superior en Administración y Dirección de Empresas, Económicas o similar. Experiencia profesional en posiciones similares adquirida en empresas del sector industrial o en firmas de auditoría. Iniciativa, visión global estratégica y capacidad de trabajo en equipo. Nivel alto de inglés, valorándose el euskera.",,,,,Idiomas requeridos Inglés,,https://www.infojobs.net/ormaiztegi/controller/of-ied487f89564ede97324bcf198b6024,1,
2,2024-04-14 10:38:49,MOZO/A,Donostia/San Sebastián,Gipuzkoa,"Se selecciona, para importante cliente ubicado en Donostia/San Sebastian a 4 mozos/as para la realización de tareas de descarga y montaje de mobiliario en local ubicado en el centro de la ciudad.",10/04/2024,573639,,,Será imprescindible la residencia en Donostia/San Sebastian así como ser mayor de edad.,,,,,,,https://www.infojobs.net/donostia-san-sebastian/mozo-donostia-san-sebastian-11-04-2024/of-i3819b8757444318e4c96311dbe5218,4,
2,2024-04-14 10:38:49,TORNERO/A CNC,Marina De Cudeyo,Cantabria,Buscamos un/a Tornero en CNC para formar parte de nuestra empresa en Marina de Cudeyo,10/04/2024,573638,,,"Formación en rama de mecanizado. Experiencia previa en el puesto demostrable, de al menos 12 meses. Conocimientos de programación. Tarjeta del metal. Vehículo propio.",,,,,,,https://www.infojobs.net/marina-de-cudeyo/tornero-cnc/of-if61e3e04bc4ce5a8039f0c3a9145b9,2,
2,2024-04-14 10:38:49,ASESOR/A FISCAL,Bilbao,Bizkaia,Buscamos incorporar un/a Asesor/a Fiscal para crecer profesionalmente dentro de una firma de consultoría legal consolidada.,10/04/2024,573637,,,Doble Grado en Derecho y Economía. Valorable Master en Asesoría Fiscal. Entre 3 y 5 años de experiencia en asesoramiento fiscal. Acostumbrado/a a ver grandes operaciones.,,,,,,,https://www.infojobs.net/bilbao/asesor-fiscal/of-iac5a22d7bc46d59358da2824f2c927,1,
2,2024-04-14 10:38:49,DEPENDIENTE/A CAMPAÑA MODA BAÑO,Bilbao,Bizkaia,"Multinacional líder en la venta de corsetería y moda baño, precisa incorporar un/a dependiente/a para trabajar en el espacio que la firma tiene en unos Grandes Almacenes situados en Bilbao durante la campaña de verano. Las funciones a realizar son las siguientes: Venta y asesoramiento de nuestros productos. Gestión de almacén. Control de Stock.",10/04/2024,573636,,,Entusiasmo y ganas de trabajar para importantes marcas de alta gama del sector de lencería. Personas responsables con deseo de incorporarse a una empresa consolidada. Gusto por la atención al cliente. Aspecto cuidado y buena presencia.,,,,,,,https://www.infojobs.net/bilbao/dependiente-campana-moda-bano/of-if600d9906d451c9ff8f9f23079d8f1,1,
2,2024-04-14 10:38:49,TECNICO/A DE ESTRUCTURAS METÁLICAS PARA OFICINA TÉCNICA,Loiu,Bizkaia,Se precisa para empresa dedicada a la carpintería metálica y herrería Técnico/a de estructuras metálicas (H/M) para oficina técnica. Las funciones principales son: Realizar presupuestos según planos y memorias. Realizar despieces para pedidos de material y fabricación de conjuntos soldados. Seguimiento de la fabricación. Realizar planos en AutoCAD.,10/04/2024,573635,,,"Soldadura de estructuras metálicas. Montaje de estructuras metálicas. Conocimientos técnicos a nivel de proyectos y direcciones de obra. Normativa sectorial y normativa general de aplicación en su caso. Conocimiento de aplicaciones especificas. Office, Presto, AutoCAD,¿",,,,,,,https://www.infojobs.net/loiu/tecnico-estructuras-metalicas-para-oficina-tecnica-h-m/of-i6bcae58c6340afb9221874fbbaf2e5,1,
2,2024-04-14 10:38:49,ELÉCTRICO O ELÉCTRICA CON FORMACIÓN PROFESIONAL,Ribera Baja/Erribera Beitia,Araba/Álava,Importante empresa ferroviaria ubicada en la zona de Rivabellosa donde podrás desarrollarte en el ámbito del metal. Tus funciones: Montaje eléctricos e interpretación de esquemas eléctricos,10/04/2024,573634,,,"Formación profesional relacionada de grado medio o FPII. Experiencia en electricidad industrial, montajes eléctricos e interpretación de planos.",,,,,,,https://www.infojobs.net/ribera-baja-erribera-beitia/electrico-electrica-con-formacion-profesional/of-i510e69643543f38eabe8b06bd0fa03,5,
2,2024-04-14 10:38:49,TÉCNICO/A DE SISTEMAS CON CONOCIMIENTO EN BBDD,Donostia/San Sebastián,Gipuzkoa,"Participar en los proyectos activamente para dar soporte técnico a la instalación de los sistemasDefinir arquitecturas o definir funcionalidades Revisar tickets sobre su infraestructura Gestión de los equipos de SAP B1 en el Cloud de Arsys (server2019, TS, Broker, gpos y AD) para ayudar al equipo de desarrolladores en las necesidades cotidianas de sus proyectos",10/04/2024,573633,,,Experiencia en el área de sistemas con perfil y conocimiento en Bases de Datos Valorable: Plus de conocimiento de SAP.,,,,,,,https://www.infojobs.net/donostia-san-sebastian/tecnico-sistemas-con-conocimiento-bbdd/of-i5db87fe904438b9155e1dc007b3b0d,1,
2,2024-04-14 10:38:49,CHAPISTA/A OFICIAL 1º AUTOMOCIÓN,Basauri,Bizkaia,Las tareas principales serán: Reparación de vehículos que presenten daños en carrocería. Detección y el reemplazo de las piezas dañadas. Trabajo con gato hidráulico. Reparación de rajas y roturas.,10/04/2024,573632,,,Experiencia en Reparación de Vehículos que presenten daños de carrocería. Experiencia en reparación de bancadas. Detección y el reemplazo de las piezas dañadas.,,,,,,,https://www.infojobs.net/basauri/chapista-oficial-1-automocion-basauri/of-i7085ee1f2d476d99fcde20122c885a,1,
2,2024-04-14 10:38:49,AUXILIAR AYUDA A DOMICILIO,Leza De Rio Leza,Rioja (La),Se precisa personal para trabajar en servicios de ayuda a domicilio en la comarca de Cameros Viejos y Leza-Iregua.,10/04/2024,573631,,,"Imprescindible titulación en Técnico de Atención Sociosanitaria en ayuda a domicilio, instituciones, auxiliares de enfermería. Acreditación profesional para poder trabajar de auxiliar de ayuda a domicilio. Vehículo propio. Se valorará experiencia en servicios de ayuda a domicilio.",,,,,,,https://www.infojobs.net/leza-de-rio-leza/auxiliar-ayuda-domicilio-cameros-viejo/of-i2e01a521324f76b5432b2257c27f44,1,
2,2024-04-14 10:38:49,JEFE/A DE OBRA REHABILITACIÓN,Bilbao,Bizkaia,"Estamos buscando incorporar un/a Jefe de Obra (Proyectos de Rehabilitación) para desarrollar proyectos en Bizkaia. Funciones: Visitas de supervisión a obra. Gestión de incidencias. Replanteos. Redacción de informes de avance y calidad de obra. Planificación, revisión y aprobación de certificaciones.Emisión y firma del correspondiente Certificado Final de Obras. Contacto con cliente.",10/04/2024,573630,,,"Formación Académica Titulación de Arquitecto/a, Aparejador/a Ingeniero/a Civil o similar o experiencia demostrable. Disponibilidad de incorporación lo más pronto posible. Conocimientos en las herramientas PRESTO, ARQUIMEDES etc¿",,,,,,,https://www.infojobs.net/bilbao/jefe-obra-rehabilitacion/of-i21eddb44a347a7aeb375be8194bf41,1,
2,2024-04-14 10:38:49,MECÁNICO/A OFICIAL 1º DE VEHÍCULOS,Elgoibar,Gipuzkoa,"Realizará los trabajos de reparación de vehículos. Mecánica pesada. Puestas apunto. Embragues. Cajas de cambios Manuales-automáticas. Culatas, Cadenas de Distribución. Montaje y Desmontaje de motores. Distribuciones, autodiagnosis. Trabajar con diferentes tipos de motores (Diésel-gasolina). Reparación del Chasis del Vehículo. Desmontaje de Salpicaderos.",10/04/2024,573629,,,"Experiencia al menos 4 años en mecánica. Formación acorde con el puesto (Mecánica). Experiencia en taller multimarca, mecánica general. Persona dinámica, con iniciativa y comunicativa.",,,,,,,https://www.infojobs.net/elgoibar/mecanico-oficial-1-vehiculos-elgoibar/of-ifd094449364d8db4953cfe69d0f392,1,
2,2024-04-14 10:38:49,AGENTE DE IGUALDAD,Logroño,Rioja (La),"Se necesita cubrir puesto de Agente de Igualdad para la realización de un proyecto en materia de igualdad en el ámbito laboral para la promoción y el impulso de acciones específicas de formación, difusión e implantación de la igualdad de trato y oportunidades en el ámbito laboral.",10/04/2024,573628,,,,,,,,,,https://www.infojobs.net/logrono/agente-igualdad/of-if9bf98aa2a48d4ab87773d6d7afe97,1,
2,2024-04-14 10:38:49,COMERCIAL HORECA,Donostia/San Sebastián,Gipuzkoa,Seleccionamos a un comercial para el sector horeca para empresa carnica ubicada en Donosti,10/04/2024,573627,,,Experiencia previa como comercial en el sector Horeca. Carnet de conducir,,,,,,,https://www.infojobs.net/donosti/comercial-horeca-donosti/of-i12787ac7b84ff19229c1017d0b34a5,1,
2,2024-04-14 10:38:49,LIMPIADOR/A,Pamplona/Iruña,Navarra,Se necesita limpiador/a en Pamplona para realizar tareas de limpieza en oficinas y centros escolares. Se valorará positivamente disponer de vehículo propio.,10/04/2024,573626,,,,,,,,,,https://www.infojobs.net/pamplona-iruna/se-necesita-limpiador-pamplona/of-i285ac39a814bdda9ba93850295885d,1,
2,2024-04-14 10:38:49,PINTOR/A OFICIAL 1º AUTOMOCIÓN,Elgoibar,Gipuzkoa,"Las tareas principales serán: Preparar los vehículos para la pintura como lijar, enmasillar, empapelar. Pintar el vehículo. Pulir.",10/04/2024,573625,,,Carnet de conducir.,,,,,,,https://www.infojobs.net/elgoibar/pintor-oficial-1-automocion-elgoibar/of-i35dc7e30a34df8a12798c11665a92a,1,
2,2024-04-14 10:38:49,AGENTE DE VIAJES,Bilbao,Bizkaia,"Precisamos incorporar a un/a Agente de Viajes en Bilbao, cuyas principales funciones serán: Venta de paquetes vacacionales y asesoramiento a clientes. Venta de billetaje aéreo, tren y barco. Venta de noches de hotel, alquiler de coche y seguros. Atención al cliente presencial y telefónico. Gestión de presupuestos. Gestión y archivo de documentación.",10/04/2024,573624,,,Experiencia mínima 2 años como vendedor/a de mostrador. Conocimientos de AMADEUS. Venta viaje programado. Manejo de sistemas informáticos. Nivel intermedio de inglés.,,,,,Idiomas requeridos Inglés,,https://www.infojobs.net/bilbao/agente-viajes-bilbao/of-i07551912c74be39f618a62c9e72803,1,
2,2024-04-14 10:38:49,CARRETILLEROS/AS RETRACTIL Y PICKING,Vitoria-Gasteiz,Araba/Álava,Seleccionamos carretilleros/as con experiencia en retráctil para una importante empresa del sector logístico ubicada en el polígono de Jundiz. Funciones: Realizar pedidos usando la carretilla retráctil. Carga y descarga del producto. Ubicar el producto en sus correspondientes áreas de almacenaje.,10/04/2024,573623,,,Carnet de carretilla retráctil vigente y experiencia en su manejo. Experiencia en puestos similares.,,,,,,,https://www.infojobs.net/vitoria-gasteiz/carretilleros-retractil-picking/of-i14196f496c4913b65f43d6c9fa76b7,1,
2,2024-04-14 10:38:49,TÉCNICO/A SENIOR CONTABLE Y FISCAL,Bilbao,Bizkaia,"Asesor Contable y Fiscal Senior, realizando funciones de: Interlocución directa con los clientes del despacho. Confección, análisis y revisión de la contabilidad general de los clientes Realización de Reportings, Contabilidad Analítica, Previsiones de Tesorería, así como de cualquier información ad hoc solicitada por el cliente. Etc.",10/04/2024,573622,,,"Graduados en ADE, Económicas o similar. Estudios de postgrado serán valorado positivamente. Dominio de fiscalidad de empresa y contabilidad. Alto nivel de Excel (a nivel de usuario). Conocimiento de Sage Despachos. Valorable ERP (SAP, Navision...). Nivel alto de inglés (B2 en adelante). Experiencia en asesoría al menos 3-4 años.",,,,,,,https://www.infojobs.net/bilbao/tecnico-senior-contable-fiscal/of-ib13f6839bf4ff1b07c88dfe3b2a72a,1,
2,2024-04-14 10:38:49,VISITADOR/A MEDICO,Bilbao,Bizkaia,"Visitar centros de salud, hospitales y farmacias, entre otras. Entrevistas y reuniones con personal médico o farmacéutico. Presentación de productos farmacéuticos.",10/04/2024,573621,,,"Residencia en VIZCAYA. Formación en Ciencias de la Salud (farmacia, biotecnología, fisioterapia, enfermería) o Químicas. Requisito INDISPENSABLE CARNÉ DE CONDUCIR, ya que no dispondrás de centro de trabajo propio. Las tareas se desarrollan en las instalaciones del cliente. Experiencia en la industria farmacéutica.",,,,,,,https://www.infojobs.net/bilbao/visitador-medico-vizcaya/of-iac903c63f04cb1b4cd8fa00033caac,1,
2,2024-04-14 10:38:49,RESPONSABLE DE SUBCONTRATACCIÓN,Logroño,Rioja (La),"Identificación y selección de proveedores locales especializados en mecanizado para subcontrataciones. Gestión completa del proceso de subcontratación, desde la negociación hasta la entrega final. Asegurar el cumplimiento de los estándares de calidad, tiempos de entrega y costos. Establecer y mantener relaciones sólidas y duraderas con los proveedores. Etc.",10/04/2024,573620,,,"Titulación universitaria en Ingeniería Aeronáutica, Industrial o campos relacionados. Experiencia mínima de 3 años en roles similares dentro del sector aeronáutico o de manufactura avanzada. Imprescindible conocimiento sólido en mecanizado. Experiencia en gestión de equipos.Habilidades excepcionales de negociación y comunicación. Etc.",,,,,,,https://www.infojobs.net/logrono/responsable-subcontrataccion/of-i68bcb1b7a5404ba10e587625c82e6b,1,
2,2024-04-14 10:38:49,VISITADOR/A MEDICO,Arrasate/Mondragon,Gipuzkoa,"Visitar centros de salud, hospitales y farmacias, entre otras. Entrevistas y reuniones con personal médico o farmacéutico. Presentación de productos farmacéuticos.",10/04/2024,573619,,,"Residencia en GUIPUZCOA. Formación en Ciencias de la Salud (farmacia, biotecnología, fisioterapia, enfermería) o Químicas. Requisito INDISPENSABLE CARNÉ DE CONDUCIR, ya que no dispondrás de centro de trabajo propio. Las tareas se desarrollan en las instalaciones del cliente. Experiencia en la industria farmacéutica.",,,,,,,https://www.infojobs.net/arrasate-mondragon/visitador-medico-guipuzcoa/of-i2f6677315d4679b6ef7fda55090e78,1,
2,2024-04-14 10:38:49,OFICIAL 1ª INSTALADOR/A - PROY. ACRISTALAMIENTO,Pamplona/Iruña,Navarra,"Estamos en búsqueda de un/a Técnico/a Instalador/a de estructuras para incorporarse en una de las empresas más reconocidas a nivel nacional en creación y montaje de proyectos de acristalamiento. Entre tus tareas principales estará la gestión de instalaciones por Navarra, montaje de proyecto en casa de cliente y gestión de equipo de instalación.",10/04/2024,573618,,,Experiencia previa en montaje de instalaciones. Formación inicial de producto a cargo de la empresa. Muy valorable experiencia previa en carpintería metálica. Carnet B para conducción de furgoneta de montaje.,,,,B,,,https://www.infojobs.net/pamplona-iruna/oficial-1-instalador-proy.-acristalamiento/of-i305066d84841aca9d906b5e99baf60,1,
2,2024-04-14 10:38:49,OPERARIO/A DE PRODUCCIÓN,Irura,Gipuzkoa,Te ofrecemos la oportunidad de trabajar en una empresa dedicada a la elaboración de productos alimentarios situada en Irura. Tus funciones principales serán la manipulación y elaboración de productos alimentarios en línea de producción,10/04/2024,573617,,,"Experiencia en puestos dinámicos como industria, logística u hostelería. Castellano hablado y escrito",,,,,,,https://www.infojobs.net/irura/operario-produccion-h-m-x-irura/of-i3bec00a84342f8a88a73250592d334,15,
2,2024-04-14 10:38:49,OPERARIO/A MOLDEO DE FIBRA,Mungia,Bizkaia,Seleccionamos un/a Operario/a de moldeo de fibra para empresa de Mungia. Tus funciones serán las siguientes: Moldeo de fibra manual para fabricación de piezas de poliéster reforzadas con fibra de vidrio,10/04/2024,573616,,,Disponibilidad de incorporación inmediata. Experiencia en moldeo manual de fibra Vehículo propio.,,,,,,,https://www.infojobs.net/mungia/operario-moldeo-fibra/of-i12bbeab08f43508bdc3d7708097d79,1,
2,2024-04-14 10:38:49,OPERARIO/A LOGÍSTICA,Logroño,Rioja (La),selecciona Operario/a Logística con experiencia en almacén y tareas de organización logística. FUNCIONES:Tareas almacén. Gestión de pedidos. Gestión flota de vehículos de reparto y personal.Conocimientos de ofimática para manejar el ordenador.,10/04/2024,573615,,,Se valorará positivamente disponer del carnet de carretillero y experiencia en manejo de carretilla.Es necesario disponer de vehículo propio para el traslado a la empresa.,,,,,,,https://www.infojobs.net/logrono/operario-logistica/of-i1742d32b984f21bcc6311552f7abdb,1,
2,2024-04-14 10:38:49,LIMPIADOR/A CON CERTIFICADO DE DISCAPACIDAD,Bilbao,Bizkaia,Estamos buscando un/a limpiador/a con certificado de discapacidad para realizar la limpieza de una tienda del centro de Bilbao. Las funciones a realizar son: Limpieza del local. Mantenimiento y orden del local.,10/04/2024,573614,,,Certificado de incapacidad y/o discapacidad de igual o superior al 33%. Experiencia mínima de 3 meses en un puesto de limpieza. Valorable vehículo propio. Valorable residencia cercana al puesto de trabajo,,,,,,,https://www.infojobs.net/bilbao/limpiador-con-certificado-discapacidad/of-ic14e8dc0964135bffc08f835282e5d,1,
2,2024-04-14 10:38:49,PROJECT MANAGER,Bilbao,Bizkaia,Buscamos incorporar para nuestra delegación de Bilbao un/a Ingeniero/a con experiencia en gestión de proyectos de plantas industriales. Se encargará de la coordinación e integración de proyectos de plantas industriales en nuestra delegación de Bilbao.,10/04/2024,573613,,,"Ingeniería Industrial o similar. Al menos 10 años de experiencia laboral. Al menos 3 años de experiencia laboral llevando proyectos como Ingeniero/a de proyecto. Inglés nivel C1. Conocimiento de normativa y especificaciones de cliente de sector Industrial, Oil&Gas, Energía.",,,,,Idiomas requeridos Inglés,,https://www.infojobs.net/bilbao/project-manager-h-m/of-i217cb3882347059e1bcd9f4462c757,1,
2,2024-04-14 10:38:49,ADMINISTRATIVO/A DEPARTAMENTO CLIENTES (FRANCÉS ALTO),Donostia/San Sebastián,Gipuzkoa,"Se necesita incorporar un/a Administrativo/a para el Departamento de Clientes en su sede de San Sebastián. La persona seleccionada se encargará del seguimiento y fidelización de clientes a nivel internacional. Así mismo realizará tareas administrativas como facturación, gestión de pedidos, control de albaranes, entre otras, utilizando el software de gestión Navision",10/04/2024,573612,,,"Ciclo Formativo de Grado Medio o Superior en Administración y Finanzas, Comercio Internacional o similares. Nivel alto en Inglés y Francés",,,,,Idiomas requeridos Inglés Francés,,https://www.infojobs.net/donostia-san-sebastian/administrativo-departamento-clientes-frances-alto/of-ifef360c23447468b9d5fac20d6852a,1,
2,2024-04-14 10:38:49,DIRECTOR/A COMERCIAL,Pamplona/Iruña,Navarra,Seleccionamos un/a Director/a Comercial para Empresa Tecnológica con alto potencial de crecimiento en su sede en Pamplona.,10/04/2024,573611,,,"Titulación Superior. Imprescindible experiencia en posiciones similares comerciales nacionales e internacionales y de gestión, preferentemente en puestos vinculados a Desarrollo de Negocio, Gestión Comercial. Imprescindible nivel alto de inglés (B2 ? C1) y valorable Francés.",,,,,,,https://www.infojobs.net/pamplona-iruna/director-comercial-ref.-2466/of-i06245a5f2d451b8f225d5acbbd98f3,1,
2,2024-04-14 10:38:49,INGENIERO/A MECÁNICO,Zamudio,Bizkaia,"Nos encontramos en búsqueda de un/a INGENIERO/A DE DISEÑO MECÁNICO para una empresa líder en el sector de las Energías Renovables. Tu misión principal será el diseño y cálculo de componentes, accesorios y conjuntos para maquinaria eléctrica rotativa, así como la interpretación y aplicación de normas de diseño mecánico.",10/04/2024,573610,,,"Ingeniería Mecánica ó tecnologías industriales. Experiencia mínima deseable 1-3 años, con conocimientos de lo que es un componente mecánico: eje, chaveta, rodamiento, calderería, etc SW Autocad es sólo uso básico para hacer dos líneas y abrir planos. Si es deseable Inventor y algún conocimiento de Ansys. Inglés Nivel medio.",,,,,,,https://www.infojobs.net/zamudio/ingeniero-mecanico/of-ie8b020ac8741418c4214354f410f54,1,
2,2024-04-14 10:38:49,ENCARGADO/A DE TURNO. TIENDA,Vitoria-Gasteiz,Araba/Álava,"Empresa dedicada al sector comercio busca segundo encargado para unirse a nuestro equipo. Buscamos a una persona proactiva, dinámica y con capacidad de liderazgo para colaborar en la gestión diaria del negocio.",10/04/2024,573609,,,Experiencia previa en puestos de responsabilidad en el sector comercio concretamente alimentación o textil. Establecer y cumplir los objetivos de ventas y rentabilidad de la tienda. Garantizar un excelente servicio al cliente y mantener altos estándares de calidad en los productos ofrecidos. Conocimientos básicos de gestión de inventario y ventas.,,,,,,,https://www.infojobs.net/vitoria-gasteiz/encargado-turno.-tienda/of-ib57926193e4cfbbcdd6cba7f63b16e,1,
2,2024-04-14 10:38:49,TÉCNICO /A ELECTROMECÁNICO /A,Bilbao,Bizkaia,"Colaboramos con una importante compañía internacional del sector industrial, que busca incorporar a su equipo un/a electromecánico/a. Las funciones que debe desarrollar son las siguientes: Instalación y puesta en marcha de los equipos. Actuación técnica para la reolución de incidencias en el cliente. Mantenimiento preventivo y correctivo de los equipos. Programación de PLCs. Etc.",10/04/2024,573608,,,"Experiencia de al menos 3 años realizando tareas similares a las descritas. Buscamos a una persona con atención al detalle, proactiva y buenas dotes comunicativas. Disponibilidad para realizar viajes nacionales e internacionales. Valorable residencia cercana al puesto de trabajo. GM/GS electricidad, electrónica o similar finalizado.",,,,,,,https://www.infojobs.net/bilbao/tecnico-electromecanico/of-i0f936fd3854fc88f158f7ae8774ee0,1,
2,2024-04-14 10:38:49,DESARROLLADOR/A .NET,Bilbao,Bizkaia,"Seleccionamos un/a programador/a .NET para importante empresa ubicada en el Gran Bilbao. Te incorporarás al interesante de equipo de Software con proyectos de desarrollo, programación, gestión e integración de software. Así como a futuro poder llevar labores de análisis funcional y gestión de equipo.",10/04/2024,573607,,,"Pensamos en un perfil con experiencia de 2-3 años en desarrollo web en .NET, indispensable conocimientos y experiencia en C# y bases de datos SQL y valorable entornos .NET CORE.",,,,,,,https://www.infojobs.net/bilbao/desarrollador-.net-hibrido-bizkaia/of-i88c3a654c9460c9b4018f2b361604b,1,
2,2024-04-14 10:38:49,SOLDADOR/A ACERO INOXIDABLE,Tafalla,Navarra,"Urge incorporar un Soldador con experiencia en acero inoxidable. soldadura con ARGÓN +TI, trabajos de soldadura de chapas de acero entre 1 y 2 mm, mobiliario para hostelería y sanitario.",10/04/2024,573606,,,Posibilidad de incorporación inmediata. Experiencia como soldador de acero inoxidable. Conocimiento en interpretación de planos. Soldadura con Argón+TIG. Carnet de conducir y vehículo propio. Experiencia en las funciones descritas en la descripción de la oferta.,,,,,,,https://www.infojobs.net/tafalla/soldador-acero-inoxidable-h-m-tafalla/of-iadaca010ae494c8f02870b7f9371ff,1,
2,2024-04-14 10:38:49,RECEPCIONISTA DE HOTEL TURNO DE NOCHE,Santander,Cantabria,"Recepcionista de Hotel en turno de noche. Tareas propias de la recepcion,Gestion de viajeros ,mails,llamadas telefonicas,revisiones de equipamientos,vigilancia de que no se produzcan ruidos o molestias a clientes que perturben su descanso.",10/04/2024,573605,,,,,,,,,,https://www.infojobs.net/santander/recepcionista-hotel-turno-noche/of-if18209bcfa46098a450624598f8121,1,
2,2024-04-14 10:38:49,RESPONSABLE TURNO DE PRODUCCIÓN,Pamplona/Iruña,Navarra,"Precisamos incorporar un/a Responsable de Turno de Producción para nuestra Planta de Mutilva en Pamplona.La MISIÓN del puesto es asegurar la producción de la fábrica en su turno, según la planificación definida, y de acuerdo a los estándares de calidad fijados, con la máxima productividad posible y en las adecuadas condiciones de seguridad para las personas, orden y limpieza de las instalaciones",10/04/2024,573604,,,"Formación Profesional grado superior. Experiencia de al menos 3 años en puestos similares como responsable de turno de producción, en empresas industriales de proceso continuo, preferentemente del sector alimentación.",,,,,,,https://www.infojobs.net/pamplona-iruna/responsable-turno-produccion/of-id1d10a5321473b8e3638f614adffdd,1,
2,2024-04-14 10:38:49,PERSONAL TÉCNICO/A VETERINARIO,Villava/Atarrabia,Navarra,"Integrado en el área de Asesoramiento en Ganadería, la persona se encargará de las siguientes tareas: Animales. Manejo de explotación. Asesoramiento en genética, acoplamientos, manejo de lotes, reposición y desvieje. Asesoramiento en bienestar animal. Planificación del calendario reproductivo. Diagnósticos de gestación",10/04/2024,573603,,,Estudios mínimos: Licenciado o graduado en Ciencias Veterinarias. Experiencia mínima de 1 años como personal veterinario de producción animal. Carné de conducir B1,,,,B1,,,https://www.infojobs.net/villava-atarrabia/personal-tecnico-veterinario/of-if8e0ac7bb04813953b4efc216e9558,1,
2,2024-04-14 10:38:49,PINTOR/A INDUSTRIAL,Ribera Baja/Erribera Beitia,Araba/Álava,Importante empresa ferroviaria ubicada en la zona de Rivabellosa donde podrás desarrollarte en el ámbito del metal. Tus funciones: Pintura con pistola y preparación de superficies,10/04/2024,573602,,,Experiencia mínima como pintor/a industrial. Formación profesional relacionada de grado medio o FPII,,,,,,,https://www.infojobs.net/ribera-baja-erribera-beitia/pintor-industrial/of-i8cef616cc24e609208109b72190048,10,
2,2024-04-14 10:38:49,MECÁNICOS O MECÁNICAS DE MONTAJE INDUSTRIAL,Ribera Baja/Erribera Beitia,Araba/Álava,"Importante empresa industrial ubicada en la zona de Rivabellosa donde podrás desarrollarte en el ámbito del metal. Tus funciones: Trabajo como mecánico manejando herramientas manuales del metal como taladro, radial, remachadora, cizalla... y realizar montaje mecánico bajo plano",10/04/2024,573601,,,,,,,,,,https://www.infojobs.net/ribera-baja-erribera-beitia/mecanicos-mecanicas-montaje-industrial-para-rivabellosa/of-i26eb9eb2f14b9c92985ef19ec7ccc2,13,
2,2024-04-14 10:38:49,ADMINISTRATIVO ATENCIÓN AL PROFESORADO,Logroño,Rioja (La),"Buscamos personas con amplia experiencia en atención al cliente de forma telefónica y escrita, con un excelente dominio de las habilidades comunicativas (tanto de forma oral como escrita) y experiencia previa en gestiones administrativas con una formación mínima de un ciclo formativo de grado",10/04/2024,573600,,,,,,,,,,https://www.infojobs.net/logrono/administrativo-atencion-al-profesorado/of-i3fe812ad174100aa824e780e86bb57,1,
2,2024-04-14 10:38:49,CHÓFER DE CAMIÓN,Galdakao,Bizkaia,Se necesita chófer de camión (Carnet C) para empresa del sector del metal. 4-5 horas al día haciendo labores como conductor de camión y el resto de la jornada laboral haciendo reparaciones para la empresa.,10/04/2024,573599,,,Se requiere experiencia como chófer de camión y que la persona tenga habilidad para realizar pequeñas reparaciones.,,,,C,,,https://www.infojobs.net/galdakao/chofer-camion/of-i8c053526e346779b46bb18ae8f6a6c,1,
2,2024-04-14 10:38:49,INGENIERO/A ELÉCTRICO CON EXPERIENCIA EN INSTALACIONES ALTA TENSIÓN (> 66 KV),Bilbao,Bizkaia,Seleccionamos un Ingeniero eléctrico con experiencia en instalaciones alta tensión (> 66 kV) para uno de nuestros clientes para estar ubicado en Bilbao.,10/04/2024,573598,,,Inglés hablado fluido. Experiencia 10 años.,,,,,Idiomas requeridos Inglés,,https://www.infojobs.net/bilbao/ingeniero-electrico-con-experiencia-instalaciones-alta-tension-66-kv/of-ib5ea247eb24eabbdf34a8c792f7658,1,
2,2024-04-14 10:38:49,CARRETILLERO/A FRONTAL,Durango,Bizkaia,Las funciones que se realizarán en dicho puesto de trabajo serán siempre con las siguientes carretillas: Abastecimiento a línea de producción. Carretilla frontal. Carga y descarga.,10/04/2024,573597,,,Carnet de 5 carretillas o máquina frontal en vigor. Carnet de conducir.,,,,,,,https://www.infojobs.net/durango/carretillero-carretillera-frontal-durango/of-i6111988a8b4cd484e2888b932cb523,20,
2,2024-04-14 10:38:49,TÉCNICO/A DE ATENCIÓN AL USUARIO,Derio,Bizkaia,Buscamos ampliar nuestro equipo con Técnicos/as de Atención al Usuario para incorporarse a proyecto vinculado a cliente. Qué vas a hacer: Atención telefónica al cliente. Resolución y escalado de incidencias. Tareas de gestión administrativa derivadas del puesto,10/04/2024,573596,,,,,,,,,,https://www.infojobs.net/derio/tecnico-atencion-al-usuario/of-i50c8c5847a4d08bef5e5a2ba38cc69,2,
2,2024-04-14 10:38:49,TÉCNICO/A DE GESTIÓN DE PERSONAS JUNIOR,Berrioplano,Navarra,Nos complace ofrecerte la oportunidad de unirte a nuestro equipo como Técnico/a de Gestión de personas JUNIOR para trabajar en el departamento de Gestión de Personas en nuestra oficina central en Artica (Navarra). Te incorporarás a un equipo altamente cualificado y consolidado.,10/04/2024,573595,,,Experiencia de al menos un año en selección de personal. Capacidad de organización y planificación. Atención al detalle. Clara orientación a cliente interno y externo. Excelente trato personal. Habilidades comunicativas y capacidad de adaptación. Valorable inglés,,,,,,,https://www.infojobs.net/berrioplano/tecnico-gestion-personas-junior/of-i71f1d1521c4aa2ae5e5c414a6acb5c,1,
2,2024-04-14 10:38:49,TÉCNICO/A DE COMPRAS,Logroño,Rioja (La),"Se busca para próxima incorporación al departamento de compras una persona con experiencia en la gestión de pedidos, control de stock e inventario, previsiones de compras, compras de materias primas en el mercado internacional.",10/04/2024,573594,,,"Es necesario que el candidato/a cuente con experiencia en el sector alimentación, tenga conocimientos de inglés y será muy valorable conocimientos de la IFS.",,,,,,,https://www.infojobs.net/logrono/tecnico-compras/of-i14dd9cd9614656bd4fb7a10295e268,1,
2,2024-04-14 10:38:49,TÉCNICO/A MANTENIMIENTO VEHÍCULOS DE RECOGIDA DE RESIDUOS,Galdakao,Bizkaia,"Buscamos incorporar personal de mantenimiento para vehículos de recogida de residuos, incluyendo los sistemas de elevación y maquinaria incorporada.",10/04/2024,573593,,,"Necesario formación relacionada: Mecatrónica, Automoción, mecánica de vehículos o similar. Experiencia previa en puesto similar, preferiblemente 5 años o más. Conocimientos de interpretación de esquemas eléctricos.",,,,,,,https://www.infojobs.net/galdakao/tecnico-mantenimiento-vehiculos-recogida-residuos/of-id169cb935e4fc5b048386ab065ec59,1,
2,2024-04-14 10:38:49,OPERARIOS/AS DE MONTAJE,,Navarra,"Te ofrecemos la posibilidad de seguir formándote y adquiriendo experiencia en una empresa consolidada del sector, desempeñando funciones como operario de producción",10/04/2024,573592,,,FP en Mecánica y/o formación relacionada con sector industrial. Valorable la experiencia en sector automoción (montaje). Disponibilidad de incorporación inmediata. Carnet de conducir y vehículo propio.,,,,,,,https://www.infojobs.net/arazuri/operarios-montaje-h-m-x/of-i26b2ea0647493da8cc604d4ef25fc0,1,
2,2024-04-14 10:38:49,"OPERARIO/A DE MÁQUINA, CON CERTIFICADO DE DISCAPACIDAD",Logroño,Rioja (La),"Empresa del sector alimentación, fabricantes de galletas y productos de panadería de larga duración, situada en el polígono El Sequero (Arrúbal), necesitan incorporar un/a operario/a de máquina",10/04/2024,573591,,,"Experiencia mínima de 6 meses en el sector en patrones de calidad, higiene, producción. Valorable carné de manipulador/a de alimentos. Buscamos a una persona dinámica y activa. Valorable residencia cercana al puesto de trabajo. Imprescindible certificado de discapacidad, igual o superior al 33%.",,,,,,,https://www.infojobs.net/logrono/operario-maquina-con-certificado-discapacidad/of-i96d523acaa4547974ac4a91349d53f,4,
2,2024-04-14 10:38:49,PRENSISTA,Huarte/Uharte,Navarra,Seleccionamos OPERARIO/A DE PRENSA para empresa del sector metal ubicada en la zona de Beriáin. Funciones: Manejo de prensa. Cambio de troqueles. Otras tareas propias del puesto.,10/04/2024,573590,,,Experiencia previa en manejo de prensas. Se valorará carnet de puente grúa y experiencia. Carnet de conducir B.,,,,B,,,https://www.infojobs.net/huarte-uharte/prensista-h-m/of-if0fb84d82a405b818c081d45049778,1,
2,2024-04-14 10:38:49,COORDINADOR/A TÉCNICO CSIRT,Bilbao,Bizkaia,"Un coordinador/a técnico con experiencia de 4 años en la gestión de equipos SOC/CSIRT, responsabilizándose de liderar el equipo de analistas on-site, dando directrices claras y concretas a los integrantes de este equipo, especializado en la protección, detección y respuestas a incidentes de ciberseguridad, etc.",10/04/2024,573589,,,4 años de experiencia gestionando tecnicamente un SOC o CSIRT. Vivir o posible cambio de residencia a Bilbao o alrededores,,,,,,,https://www.infojobs.net/bilbao/coordinador-tecnico-csirt/of-i23e16fe3be40999314e521108ec717,1,
2,2024-04-14 10:38:49,ALMACEN Y ATENCION A CLIENTES,Logroño,Rioja (La),Personal de almacén con atención a clientes. Supervisión de entradas y salidas. Control de clasificación y stock. Reparto,10/04/2024,573588,,,Se valorará experiencia previa en el sector industrial y formación técnica. Buscamos personas dinámicas y con iniciativa para proyecto a largo plazo,,,,,,,https://www.infojobs.net/logrono/almacen-atencion-clientes/of-i51a00e32da426bbd891dd7e76f000a,1,
2,2024-04-14 10:38:49,AUXILIAR ADMINISTRATIVO/A,Puente La Reina/Gares,Navarra,"Estamos buscando personal administrativo que pueda apoyar a la empresa en funciones de secretaría incluyendo contabilidad, facturación, compras, apertura y cierre de oficina, apoyo en redacción de informes, etc.",10/04/2024,573587,,,"Inglés nivel avanzados, manejo de las herramientas de Offica. Valorable inglés. Experiencia mínima de 3 años",,,,,Idiomas requeridos Inglés,,https://www.infojobs.net/puente-la-reina-gares/auxiliar-administrativo-_-pamplona/of-i34487c70544211ab7d2d3d68c73b59,1,
2,2024-04-14 10:38:49,MECÁNICO/A DE VEHÍCULOS,Bilbao,Bizkaia,"MECANICO DE AUTOMOVILES para taller en Bilbao. Se precisan conocimientos para la realizaccion de tareas de mantenimiento y reparacion. Montaje de neumaticos, alineaccion de direciones, etc.",10/04/2024,573586,,,,,,,,,,https://www.infojobs.net/bilbao/mecanico-vehiculos/of-i54add581f84f68b4835b464e2e641b,1,
2,2024-04-14 10:38:49,OPERARIOS/AS DE PRODUCCION EMPRESA DE MADERA,Vitoria-Gasteiz,Araba/Álava,"Buscamos incorporar personal para una empresa que se dedica a la realización de embalajes de madera para automoción. Funciones: Montaje de caja de madera, usando principalmente la clavadora neumática",10/04/2024,573585,,,Experiencia como operario en industria. Disponibilidad para trabajar a dos turnos rotativos de lunes a viernes. Disponibilidad inmediata.,,,,,,,https://www.infojobs.net/vitoria-gasteiz/operarios-produccion-empresa-madera/of-i82217b3f42428ba2f3dd13446e399b,4,
2,2024-04-14 10:38:49,RECEPCIONISTA,Berrioplano,Navarra,"Atención al cliente: Bienvenida a los huéspedes de manera cordial y proporcionando información sobre los servicios del hotel, las políticas de registro y salida, así como detalles sobre las atracciones locales y actividades turísticas. Registro de entradas y salidas. Gestión de reservas telefónicas, por correo electrónico y a través de sistemas de gestión hotelera. Etc.",10/04/2024,573584,,,Se necesita vehículo para desplazarse al centro de trabajo,,,,,,,https://www.infojobs.net/berrioplano/recepcionista/of-id43fa9b8f843249dfe3813fa02b166,1,
2,2024-04-14 10:38:49,ELECTRICISTA,Basauri,Bizkaia,Estamos en búsqueda de un electricista para incorporar al equipo de nuestra empresa ubicada en Basauri,09/04/2024,573580,,,"Buscamos personas comprometidas, con habilidad para el trabajo en equipo y deseosas de seguir creciendo profesionalmente",,,,,,,https://www.infojobs.net/basauri/electricista/of-i473e6dfadb46bab4922c38d703ba34,1,
2,2024-04-14 10:38:49,TÉCNICO/A SOPORTE ESPECIALISTA MS365,Bilbao,Bizkaia,"Resolver las peticiones e incidencias de los clientes. Solucionar o encaminar los tickets de servicio. Procedimentar las soluciones habituales para convertirlas en soluciones estándar. Cerrar los tickets de servicio correctamente, documentando en la nota de cierre la solución implementada. Reportar el tiempo invertido en cada una de sus actividades.",09/04/2024,573579,,,"Necesitarás poseer una experiencia de al menos 3 años en una posición de soporte a usuario final, conocimientos amplios en MS 365 y en las problemáticas que deriven de este. Administración de Exchange Server. Administración de la Seguridad y Cumplimiento M365. Administración SPAM, DMARK, DKIM, SPF, DNS. Recuperación emails recuperables, registro de auditorías, etc.",,,,,,,https://www.infojobs.net/bilbao/tecnico-soporte-especialista-ms365/of-if27cc512a742628f11851006eac330,1,
2,2024-04-14 10:38:49,RESPONSABLE DE MANTENIMIENTO DE INSTALACIONES,Bergara,Gipuzkoa,Gestionamos el proceso de selección de un/a Jefe/a de Mantenimiento de Instalaciones para trabajar en las instalaciones de una importante empresa del sector automoción con sede en Bergara y Arrasate (Guipúzcoa).,09/04/2024,573578,,,"Ingeniería Técnica o Superior. Experiencia en puestos Técnicos o de Gestión del Área de Mantenimiento Instalaciones. Imprescindible nivel alto de euskera, tanto hablado como escrito. Se valorará conocimientos de inglés. Disponibilidad para trabajar en horarios o calendarios especiales. Disponibilidad para trabajar en otras plantas del Grupo.",,,,,,,https://www.infojobs.net/bergara/responsable-mantenimiento-instalaciones/of-ief96db204d4df8af50ea0e1330364d,1,
2,2024-04-14 10:38:49,JEFE/A DE TURNO,Donostia/San Sebastián,Gipuzkoa,Actualmente buscamos un Jefe/a de Turno para una instalación industrial situada en San Sebastián,09/04/2024,573577,,,"Ingeniería Técnica o Grado universitario con formación específica en calderas de vapor (Ingeniería Industrial, Máquinas Navales, etc.) y Formación en PRL. Experiencia de al menos 5 años en Operación a turnos de plantas de generación eléctrica, petroquímicas, siderúrgicas, papeleras, tratamiento térmico de residuos, buques mercantes.",,,,,,,https://www.infojobs.net/donostia-san-sebastian/jefe-turno/of-i98ad5ea2204c698cd3edcdd985df7e,1,
2,2024-04-14 10:38:49,ADMINISTRATIVO/A DE VENTAS,Lekunberri,Navarra,Se precisa incorporar un/a Administrativo/a de Ventas para su planta localizada en Lekunberri (Navarra),09/04/2024,573576,,,"Imprescindible Alemán (B2) e Inglés (B2). Imprescindible Grado Superior Comercial y Ventas, Administración, Marketing, ... o formación equivalente. Imprescindible aportar mínimo 2-3 años de experiencia profesional en Departamento de Ventas o Comercial. Imprescindible manejo solvente en Office y Excel avanzado.",,,,,Idiomas requeridos Inglés Alemán,,https://www.infojobs.net/lekunberri/administrativo-ventas-ref.-2483/of-i0aea77e3a44b8dae782750d51ae064,1,
2,2024-04-14 10:38:49,TÉCNICO/A DE SOPORTE TIC ¿ CAU,Vitoria-Gasteiz,Araba/Álava,"Seleccionamos Técnico de soporte TIC CAU para importante empresa situada en Vitoria-Gasteiz. Funciones: Soporte telefónico a usuarios, remoto y presencial. Resolución de incidencias del puesto de trabajo",09/04/2024,573575,,,"Atención remota y presencial a usuario (CAU nivel 1/2). Experiencia en el uso de herramientas de control de incidencias y ticketing . Conocimientos en entornos MS Windows Server / AD / O365 . Conocimientos de redes, switching, routing . Ejecución de pruebas funcionales . Posibilidad de trasladarse a la sede central en periodos de formación puntuales",,,,,,,https://www.infojobs.net/vitoria-gasteiz/tecnico-soporte-tic-cau/of-ib26dc3df2341c196cc9bc0cff271c7,1,
2,2024-04-14 10:38:49,CAMARERO-A,Donostia/San Sebastián,Gipuzkoa,"Ocuparse de la limpieza de las zonas asignadas, empleando los productos y la maquinaria más adecuada y respetando las normas de utilización. Desarrollar sus funciones bajo seguimiento del planning de trabajo establecido por su superior. Llevar a cabo las tareas de mantenimiento básico de la maquinaria e instrumentos de limpieza. Etc.",09/04/2024,573574,,,"Experiencia en limpiezas de al menos 6 meses. Y tener competencias de orientación al cliente, receptividad, preocupación por el orden y calidad, confidencialidad y trabajo en equipos",,,,,,,https://www.infojobs.net/donostia-san-sebastian/camarero-para-donostia/of-i38714717964aa3beeb4d54a2b9c968,1,
2,2024-04-14 10:38:49,DELEGADO/A COMERCIAL - CANAL FARMACIA,Bilbao,Bizkaia,Seleccionamos Delegado/a Comercial con experiencia en canal Farmacia para incorporarse al equipo de una importante multinacional que ofrece un extenso portfolio de productos de cuidado personal.,09/04/2024,573573,,,"Imprescindible experiencia previa como delegado/a comercial en el canal farmacia. Imprescindible carnet de conducir. Valorable licenciatura en empresariales, marketing, farmacia o similar.",,,,,,,https://www.infojobs.net/bilbao/delegado-comercial-canal-farmacia/of-i1ce0004b8d40ab88b69e0689c3b91f,1,
2,2024-04-14 10:38:49,MECANICO/A OFICIAL DE 1ª,Logroño,Rioja (La),"Se precisa oficial de 1ª en mecánica, con más de 3 años de experiencia en el puesto, realizando trabajos de mecánica y electricidad y con conocimientos en diagnosis guiada.",09/04/2024,573572,,,Experiencia minima 3 años,,,,,,,https://www.infojobs.net/logrono/mecanico-oficial-1/of-ice9165f5b9412da78dc22bf1b276f2,1,
2,2024-04-14 10:38:49,INGENIERO/A TÉCNICO/A INDUSTRIAL,Abadiño,Bizkaia,"Buscamos un ingeniero altamente motivado y versátil para unirse a nuestro equipo. Esta posición ofrece una emocionante variedad de responsabilidades en las que podrás desempeñarte y crecer profesionalmente. Como parte integral de nuestro equipo, tendrás la oportunidad de trabajar en diversos proyectos y desafíos que te permitirán desarrollar y utilizar tus habilidades técnicas y creativas.",09/04/2024,573571,,,"Título universitario en Ingeniería o campo relacionado. Experiencia previa en roles similares, preferiblemente en el sector de la serigrafía industrial. Dominio avanzado de Microsoft Excel y otras herramientas de análisis de datos. Excelentes habilidades de comunicación y capacidad para trabajar en equipo. Etc.",,,,,,,https://www.infojobs.net/abadino/ingeniero-tecnico-industrial/of-ide0b352d23437ca3134f73ea85a726,1,
2,2024-04-14 10:38:49,TÉCNICO/A NETWORKING,Bilbao,Bizkaia,"buscando un/a Técnico/a Networking para trabajar en interesante empresa tecnológica fundada en Bizkaia que ofrece servicios integrales de tecnologías de la información, cuya finalidad es la de ayudar a las empresas con sus procesos de automatización.",09/04/2024,573570,,,"Experiencia como técnico/a de redes y seguridad perimetral de mínimo 4 años. Experiencia con firewalls y balanceadores (Fortigate, Sophos, F5). Diseño e implementación de soluciones de red WAN con tecnologías como SD-WAN, MPLS o DWDM. Experiencia con redes LAN y WLAN (Cisco, Fortigate, Force10, Dell Networking). Etc.",,,,,,,https://www.infojobs.net/bilbao/tecnico-networking-bizkaia/of-if9a070bcae41ff93cdb7d9e24649f3,1,
2,2024-04-14 10:38:49,DOCUMENT CONTROLLER (INGLÉS) - SECTOR INDUSTRIAL/INGENIERÍA,Bilbao,Bizkaia,Seleccionamos un/a nuevo/a compañero/a para participar en el desarrollo de proyectos del sector AGUAS como DOCUMENT CONTROLLER para una reconocida empresa de Ingeniería con sede en BILBAO/MADRID.,09/04/2024,573569,,,"Experiencia previa de al menso 2 años como documentalista de proyecto dentro del sector industrial. Experiencia en gestores industriales como THINKPROJECT, ACONEX, DOCUMENTUM, etc. Nvel de Inglés avanzado",,,,,Idiomas requeridos Inglés,,https://www.infojobs.net/bilbao/document-controller-ingles-sector-industrial-ingenieria-bilbao-madrid-n/of-i1e87b93d534b04aa2417d8cebf364f,1,
2,2024-04-14 10:38:49,RESP. TRANSFORMACIÓN PLANIFICACIÓN DE SUPPLY CHAIN,Milagro,Navarra,Seleccionamos un/a IPT Change Leader para importante empresa multinacional del sector de la alimentación en la zona de la Ribera Media.,09/04/2024,573568,,,"Imprescindible Titulación universitaria. Imprescindible más de 5 años de experiencia en posiciones de Supply Chain, así como 2 años en puestos estratégicos de planificación a nivel operacional. Imprescindible mínimo nivel C1 alto de inglés demostrable. Etc.",,,,,Idiomas requeridos Inglés,,https://www.infojobs.net/milagro/resp.-transformacion-planificacion-supply-chain/of-id901b909fb486bb6bb1287a13f69fb,1,
2,2024-04-14 10:38:49,TÉCNICO/A COMERCIAL,Pamplona/Iruña,Navarra,Seleccionamos un/a Técnico/a Comercial para importante empresa multinacional del sector industrial ubicada en la Comarca de Pamplona.,09/04/2024,573567,,,Imprescindible Titulación universitaria siendo valorable ingeniería. Imprescindible Más de 2 años de experiencia en similares. Imprescindible Disponibilidad para viajar (aprox. 60 días al año). Imprescindible Mínimo nivel C1 de inglés. Valorable B2 de francés.,,,,,Idiomas requeridos Inglés,,https://www.infojobs.net/pamplona-iruna/tecnico-comercial-ref.-2450/of-i5dd7e17b944ac3a1dbb566c84a6040,1,
2,2024-04-14 10:38:49,TÉCNICO/A ELÉCTRICO/A - INSTALACIONES,Bilbao,Bizkaia,Buscamos incorporar un/a TÉCNICO/A ELÉCTRICO con experiencia en instalaciones eléctricas para importante proyecto de soluciones de movilidad eléctrica ubicado en MUSKIZ.,09/04/2024,573566,,,Formación Grado Superior/Ingeniería Técnica/Grado en Electricidad. Imprescindible experiencia de Gestión de Obra. Incorporación inmediata.,,,,,,,https://www.infojobs.net/bilbao/tecnico-electrico-instalaciones/of-i6d498e1e5f4f939c71ff4f0dbaf34e,1,
2,2024-04-14 10:38:49,TRACTORISTA - OPERARIO/A DE CAMPO,Samaniego,Araba/Álava,"Buscamos un tractorista con experiencia en labores en viñedo para conducción de tractor, manejo de aperos y labores mecánicas, aplicación de tratamientos fitosanitarios y trabajos varios en campo: poda, espergura, desniete, ...",09/04/2024,573565,,,Experiencia acreditada de al menos 2 años. Carné de aplicador,,,,,,,https://www.infojobs.net/samaniego/tractorista-operario-campo/of-i1ecc0b3c714df095166c0e0fc6324a,1,
2,2024-04-14 10:38:49,SOLDADOR/A TUBERO/A,San Vicente De La Barquera,Cantabria,"Seleccionamos 5 SOLDADORES TUBEROS DE TUBERÍA DE HIERRO, oficiales de primera para obra de larga duración en TERRITORIO NACIONAL. Imprescindible experiencia demostrable. Reformas de hotel y obra nueva en viviendas. Curso de 20 horas PRL en electricidad. Alta remuneración. Viajes y alojamiento a cargo de la empresa.",09/04/2024,573564,,,Curso PRL en electricidad mínimo 20 horas. Plataformas elevadoras y Alturas,,,,,,,https://www.infojobs.net/san-vicente-de-la-barquera/soldador-tubero/of-ifb1a2907eb4a438e3322c694b07645,5,
2,2024-04-14 10:38:49,DELINEANTE AUTOCAD - TUBERÍAS/ DISEÑO P&IDS,Bilbao,Bizkaia,Buscamos incorporar un/a DELINEANTE AUTOCAD 2D con experiencia en Diseño de P&ID's para importante proyecto ubicado en BILBAO.,09/04/2024,573563,,,Grado Medio/Superior. Experiencia en el manejo de la herramienta AutoCAD 2D. Experiencia en Diseño de P&ID's.,,,,,,,https://www.infojobs.net/bilbao/delineante-autocad-tuberias-diseno-p-ids/of-ia5c1f92cfb4dcebfa80f76e4de55e8,1,
2,2024-04-14 10:38:49,PROJECT MANAGER CON FRANCÉS,Pamplona/Iruña,Navarra,"Seleccionamos un/a PROJECT MANAGER con FRANCÉS para Grupo industrial multiplanta auxiliar automoción, situado en los alrededores de Pamplona.",09/04/2024,573562,,,"Imprescindible Grado ingeniería Industrial, valorable especialidad mecánica. Imprescindible 2 años experiencia como Project Manager sector automoción. Imprescindible Inglés y Francés B2. Imprescindible Catia, Office. Valorables conocimientos de estampación y soldadura, Sistemas de Calidad, AMFES, APQp.",,,,,Idiomas requeridos Inglés Francés,,https://www.infojobs.net/pamplona-iruna/project-manager-con-frances-ref.2478/of-i9f37b0ae254cb5ae47026dc659d505,1,
2,2024-04-14 10:38:49,TÉCNICO/A DE SISTEMAS,Donostia/San Sebastián,Gipuzkoa,"Precisamos incorporar, en nuestra delegación de Norte, un perfil de sistemas. La persona seleccionada se integrara en uno de nuestros equipos ubicados en Donosti, para participar en servicios orientados al sector Público.",09/04/2024,573561,,,"Pensamos en titulados/as superiores, que cuente con experiencia y/o conocimientos en las siguientes tareas: Resolución de tickets, cambios en producción, atención de peticiones vía teléfono y colas de trabajo.Manejo habitual de herramientas de monitorización, Control-M. Gestión de las tareas de impresión de cliente",,,,,,,https://www.infojobs.net/donostia-san-sebastian/tecnico-sistemas/of-ib5031de90a46da9f1ce525111e359d,1,
2,2024-04-14 10:38:49,PROGRAMADORES/AS PLC SERVICE (*),Oñati,Gipuzkoa,Seleccionamos varios Programadores/asPLC Siemens para incorporarse en uno de los equipos que Between tiene implantados en uno de nuestros principales clientes en Oñati (Gipuzkoa).,09/04/2024,573560,,,"Disponer de una titulación de grado técnico o superior eléctronico, eléctrico o similar. Indispensable experiencia en PLC-s, Siemens (Tia Portal, Step 7).",,,,,,,https://www.infojobs.net/onati/programadores-plc-service-*/of-i437849ac3a4081910870d414c20831,1,
2,2024-04-14 10:38:49,MONITOR-A,Gernika-Lumo,Bizkaia,"Facilitar el desarrollo y progreso de los niños y las niñas en todos los aspectos (relacioneales, hábitos, lúdicos ...). Crear un clima de confianza y apoyo entre los niños y las niñas-monitora. Dar respuesta a los sentimientos y conductas sobre todo con su ejemplo. Resolver conflictos de forma positiva y constructiva. Control de las emociones, explicar antes que imponer o dejar hacer.",09/04/2024,573559,,,Se requiere tener experiencia amplia en el trato con niños y niñas y tener dominio de euskera. Se valorará formación relacionada con la educación. Que se esté en desempleo porque las necesidades pueden ir desde un día o en otros casos hasta el curso escolar y para empezar ya mismo,,,,,,,https://www.infojobs.net/gernika-lumo/monitor-gernika/of-i5f9f15db0d4d188283d7de302b7337,1,
2,2024-04-14 10:38:49,DELINEANTE AUTOCAD 2D - OBRA CIVIL / EDIFICACIÓN,Bilbao,Bizkaia,Buscamos incorporar un/a DELINEANTE AutoCAD 2D con experiencia en Obra Civil / Edificación para importante proyecto ubicado en BILBAO.,09/04/2024,573558,,,Grado Medio/Superior. Experiencia en Obra Civil / Edificación. Experiencia en el manejo AutoCAD 2D. Muy valorable experiencia con REVIT.,,,,,,,https://www.infojobs.net/bilbao/delineante-autocad-2d-obra-civil-edificacion/of-i8b11e5d2fe4da38e7d49ef11df7585,1,
2,2024-04-14 10:38:49,RESPONSABLE DE ADMINISTRACIÓN DE PERSONAL,Logroño,Rioja (La),Únete a nuestra empresa internacional líder en su sector como Responsable de Administración de Personal,09/04/2024,573557,,,"Licenciatura en Administración de Empresas, Derecho, Recursos Humanos u otro campo relevante. Se valora positivamente máster o especialización en Gestión de Recursos Humanos. Experiencia mínima de 10 años en gestión laboral del personal, con al menos 3 años en un rol de responsabilidad. Amplio conocimiento de las leyes laborales. Etc.",,,,,,,https://www.infojobs.net/logrono/responsable-administracion-personal/of-ib2ddbd2b7d400a905887e3fb8ceec5,1,
2,2024-04-14 10:38:49,COORDINADOR/A DE PROYECTO EDUCATIVO,Logroño,Rioja (La),"Se precisa incorporar en la compañía coordinador/a para la organización y gestión integral de un proyecto educativo consistente en el desarrollo de un campus para impartir formación en competencias digitales básicas a niños, niñas y adolescentes, en modalidad presencial, en los centros educativos de toda la comunidad de La Rioja.",09/04/2024,573556,,,"Se requiere experiencia de al menos dos años en el desarrollo de funciones similares a las del puesto ofertado. Especialmente se valorará la experiencia en la dirección de equipos y gestión del personal docente, así como el control organizativo de los proyectos, preferentemente del ámbito de la formación o la educación con menores.",,,,,,,https://www.infojobs.net/logrono/coordinador-proyecto-educativo/of-i50924e4665458ebc9d2813d9ed43ed,2,
2,2024-04-14 10:38:49,TÉCNICO/A COMERCIAL - FLUIDOS Y LUBRICANTES,Andoain,Gipuzkoa,"La persona seleccionada será responsable de apoyar la estrategia de crecimiento y las iniciativas de crecimiento del departamento de Fluidos al proporcionar conocimientos técnicos, capacitación y experiencia a clientes, equipos de ventas y otros departamentos.",09/04/2024,573555,,,"FP2 en Mecánica (Industrial o Automotriz) o educación superior (Ingeniero Técnico en Mecánica, Química, etc.). Experiencia profesional: más de 3 años de experiencia en soporte técnico a ventas o ventas técnicas. Conocimientos sólidos en aplicaciones industriales para: Grasas y lubricantes industriales y Sellantes y adhesivos. Poseer un nivel de inglés fluido.",,,,,Idiomas requeridos Inglés,,https://www.infojobs.net/andoain/tecnico-comercial-fluidos-lubricantes/of-ic11be0ccce4c488808e8e0e5c1277a,1,
2,2024-04-14 10:38:49,TÉCNICO/A SAT ¿ ESPECIALIDAD ELÉCTRICA Y/O ELECTRÓNICA,Valle De Trapaga-Trapagaran,Bizkaia,"Estamos buscando un Técnico/a SAT para trabajar en importante empresa del sector industrial, ubicada en Trápaga. Formando parte del Departamento Técnico, te encargarás de realizar el mantenimiento de maquinaria y sistemas autómatas en casa del cliente. Los mantenimientos serán en su mayoría eléctricos y electrónicos.",09/04/2024,573554,,,"Buscamos una persona con FPII en mecatrónica o similar, que tenga más de 3 años en un puesto de las mismas características. Será imprescindible tener carnet de conducir. Además, valoraremos muy positivamente tener buen nivel de inglés",,,,,,,https://www.infojobs.net/valle-de-trapaga-trapagaran/tecnico-sat-especialidad-electrica-electronica-varias-posiciones-alava-vizcaya-guipuzcoa./of-ie82f624e4048f48a68daf772538897,1,
2,2024-04-14 10:38:49,TÉCNICO/A PARA DEPARTAMENTO DE MARKETING,Derio,Bizkaia,"Establecer reuniones periódicas para alinear objetivos, compartir avances y retroalimentar las estrategias implementadas. Establecer alianzas estratégicas con empresas y organizaciones locales para co-promocionar eventos y actividades, ampliando el alcance del centro y llegando a nuevas audiencias. Realizar investigaciones de mercado y análisis de la competencia, etc.",09/04/2024,573553,,,Conocimientos de diseño. Conocimientos de escalada. Inglés y euskera.,,,,,Idiomas requeridos Euskera Inglés,,https://www.infojobs.net/derio/tecnico-para-departamento-marketing/of-i7d88d238344ac3ae03e77e22a1847b,1,
2,2024-04-14 10:38:49,OPERARIO/A DE ALMACÉN EMPRESA AGRICOLA,Caseda,Navarra,"Precisamos incorporar persona para almacén, para empresa agrícola ubicada en la zona de Sangüesa. A desarrollar labores propias del puesto: Control, recepción y salida de mercancía. Carga y descarga de camiones. Inventarios y fichas de almacén",09/04/2024,573552,,,Carnet de conducir Clase B. Carnet de carretillero y pala cargadora. Carnet de manipulador de fitosanitarios.,,,,B,,,https://www.infojobs.net/caseda/operario-almacen-empresa-agricola-comarca-sanguesa/of-i619d66f30e4a5c905b75117fdf301a,1,
2,2024-04-14 10:38:49,INGENIERO/A ELÉCTRICO SIMULACIONES Y MODELOS,Pamplona/Iruña,Navarra,Estamos buscando Ingenieros/as de simulación en el área de Ingeniería Eléctrica. Posición localizada en nuestras oficinas de Sarriguren,09/04/2024,573551,,,"Grado o licenciatura en Ingeniería Eléctrica/Sistemas de Potencia o B.Sc. en Ingeniería Eléctrica/Energía Sistemas o similares. Experiencia con modelado y simulación EMT y RMS en al menos una simulación software como PSCAD, PSS/E, DigSIlent Powerfactory. Experiencia en programación en Python, Fortran o C/C++. Etc.",,,,,Idiomas requeridos Inglés,,https://www.infojobs.net/pamplona-iruna/ingeniero-electrico-simulaciones-modelos/of-i5c32eebbf546b5a76dd42739efa32c,1,
2,2024-04-14 10:38:49,CARRETILLERO/A Y MOZO/A ALMACEN,Astigarraga,Gipuzkoa,"Estamos buscando un carretillero/a con experiencia en almacén para importante empresa en expansión del sector de la construcción ubicada en Astigarraga. Buscamos una persona con experiencia con el manejo de carretilla. Así mismo, buscamos una persona con experiencia en la gestión de almacén.",09/04/2024,573550,,,,,,,,,,https://www.infojobs.net/astigarraga/carretillero-mozo-almacen/of-i218df0e9d44f419d0531e3d5eccf4e,1,
2,2024-04-14 10:38:49,ELECTROMECANICO/A INSTALADOR/A AUTOMOCION,Santurtzi,Bizkaia,Importante empresa dedicada al vehículo de transporte especial y maquinaria de elevación de cargas precisa incorporar Electromecánico con experiencia en sector de automoción para instalación de GPS y mantenimiento de vehículos industriales.,09/04/2024,573549,,,Imprescindible experiencia como electromecánico. Habituado a la instalación y cableado en vehículos y montaje de componentes eléctricos y electrónicos. Experiencia en sector automoción.,,,,,,,https://www.infojobs.net/santurtzi/electromecanico-instalador-automocion/of-i053492926c4aaaaf66afce6c98ae44,1,
2,2024-04-14 10:38:49,PINCHE DE COCINA PARA RESIDENCIA,Bilbao,Bizkaia,SE NECESITA PINCHE DE COCINA CON DISPONIBILIDAD INMEDIATA PARA TRABAJAR EN RESIDENCIA SITUADA EN BILBAO. SE TRABAJA CON JORNADA PARTIDA DE LUNES A VIERNES Y JORNADA CONTINUA LOS FINES DE SEMANA,09/04/2024,573548,,,EXPERIENCIA PREVIA EN PUESTOS SIMILARES AL OFERTADO. DISPONIBILIDAD PARA TRABAJAR LOS FINES DE SEMANA. DISPONIBILIDAD PARA TRABAJAR CON JORNADA PARTIDA,,,,,,,https://www.infojobs.net/bilbao/pinche-cocina-para-residencia-bilbao/of-ieb4d30cc54488c8f309fb923bb1193,1,
2,2024-04-14 10:38:49,"OPERARIO/A DE LIMPIEZA (OFICINAS, COLEGIOS, OBRAS, SOLERAS, ETC)",Logroño,Rioja (La),"Se busca un operario de limpieza, preferiblemente varón. Persona fuerte, con experiencia previa en limpieza de diversas instalaciones. Trabajo de limpieza en diversas instalaciones, requiere fuerza física para movimiento de maquinaria de limpieza, manejo de útiles pesados.",09/04/2024,573547,,,,,,,,,,https://www.infojobs.net/logrono/operario-limpieza-oficinas-colegios-obras-soleras-etc/of-i077fb6c12d4777a757d4737561ce05,1,
2,2024-04-14 10:38:49,TÉCNICO-A ERP SAP PLM,Ultzama,Navarra,"Seleccionamos para empresa multinacional líder en el sector automoción ubicado en Ultzama un /una Técnico SAP PLM. La principal función será Transición de datos desde el sistema actual de gestión empresarial (BAAN) hacia el nuevo sistema ERP, TEAM CENTER/ PLM-SAP.",09/04/2024,573546,,,Al menos dos años de experiencia realizando migraciones a SAP PLM,,,,,,,https://www.infojobs.net/ultzama/tecnico-erp-sap-plm/of-i8bcf33855f4203b02ad9a072bbdbb4,1,
2,2024-04-14 10:38:49,TÉCNICO/A CALIDAD CORPORATIVO,Pamplona/Iruña,Navarra,"Seleccionamos un/a TÉCNICO/A CALIDAD CORPORATIVO para Grupo industrial multiplanta auxiliar automoción, situado en los alrededores de Pamplona.",09/04/2024,573545,,,"Imprescindible Grado ingeniería Industrial. Imprescindible 2 años experiencia como Técnico/a de calidad, sector automoción. Imprescindible Inglés C1, alemán B2. Imprescindible conocimientos herramientas de Calidad APQP, AMFE, PPAP..Normativa IATF 16949.",,,,,Idiomas requeridos Inglés Alemán,,https://www.infojobs.net/pamplona-iruna/tecnico-calidad-corporativo-ref.2479/of-i7ecaec389b41a89f6f9eb3a0c73d0d,1,
2,2024-04-14 10:38:49,LAVACOCHES CONCESIONARIO OFICIAL,Logroño,Rioja (La),"Buscamos una persona con experiencia en lavado y reacondicionamiento interior y exterior de automóviles, para nuestro taller oficial.",09/04/2024,573544,,,Se valorará positivamente experiencia y formación profesional. Requisito esencial Carnet de conducir B.,,,,B,,,https://www.infojobs.net/logrono/lavacoches-concesionario-oficial/of-ie10d241da14d6485238770792db3f7,1,
2,2024-04-14 10:38:49,MECÁNICO/A PARA CONCESIONARIO OFICIAL.,Logroño,Rioja (La),"Concesionario oficial TOYOTA busca para sus instalaciones en Logroño un mecánico para realizar las siguientes funciones: Reparación de averías. cambio de componentes dañados o desgastados. Mecánica rápida: Montaje de neumáticos, cambios de aceites, filtros, amortiguadores, etc.Revisión y mantenimiento de vehículos. Aplicar las políticas de calidad de la marca. Etc.",09/04/2024,573543,,,FP MECÁNICA. EXPERIENCIA 2 AÑOS,,,,,,,https://www.infojobs.net/logrono/mecanico-para-concesionario-oficial./of-i3c022b47f64043b791be03613c66ae,1,
2,2024-04-14 10:38:49,JEFE/A DE EQUIPO COMERCIAL,Vitoria-Gasteiz,Araba/Álava,"Estamos buscando un Jefe/a de Equipo Comercial para nuestro concesionario, alguien apasionado por los automóviles y con habilidades excepcionales de liderazgo y gestión. El candidato ideal dirigirá y motivará a nuestro equipo de ventas para alcanzar y superar los objetivos establecidos.",09/04/2024,573542,,,"Experiencia previa en ventas, preferiblemente en el sector automoción. Experiencia demostrada en roles de liderazgo y gestión de equipos. Excelentes habilidades de comunicación y capacidad para motivar e inspirar a otros. Orientación hacia resultados y capacidad para trabajar en un entorno orientado a objetivos. Etc.",,,,,,,https://www.infojobs.net/vitoria-gasteiz/jefe-equipo-comercial/of-ia2e069f76e48ec91324a900ed5136f,4,
2,2024-04-14 10:38:49,TECNICO/A DE MANTENIMIENTO MECANICO,Bilbao,Bizkaia,SE PRECISA TECNICO DE MANTENIMIENTO MECANICO OFICIAL DE PRIMERA CON EXPERIENCIA EN MANTENIMIENTO INDUSTRIAL. INDUSTRIA PAPELERA. INCORPORACION INMEDIATA.,09/04/2024,573541,,,,,,,,,,https://www.infojobs.net/bilbao/tecnico-mantenimiento-mecanico/of-i7bf581472d4fd5aab48ee0e46ad8bf,1,
2,2024-04-14 10:38:49,MAQUINISTA DE RODILLO,Santurtzi,Bizkaia,"Responsabilizarse del aprovisionamiento y de la inspección de materia prima. Supervisar y coordinar la carga y descarga de la línea rodillo curvador. Manejo de puente grúa, imanes de gran tonelaje, cadenas, eslingas y otros medios de izado específicos. Controlar los parámetros de proceso y producto línea rodillo curvador. Asegurar sujeción de la virola. Etc.",09/04/2024,573540,,,Experiencia mínima de 1 año en un puesto similar. Grado medio o superior en rama de mecanizado o del metal. Disponibilidad para trabajar a turnos rotativos.,,,,,,,https://www.infojobs.net/santurtzi/maquinista-rodillo/of-ifc18a94fee40a2872ea37963690d5e,1,
2,2024-04-14 10:38:49,PROGRAMADORES/AS PYTHON,Bilbao,Bizkaia,"Para potente cliente del sector tecnológico, buscamos dos personas con experiencia de al menos 2 años como desarrollador o desarrolladora Python. Las funciones principales serán la revisión y optimización de los procesos productivos y el desarrollo de nuevos evolutivos.",09/04/2024,573539,,,2 años con Python,,,,,,,https://www.infojobs.net/bilbao/programadores-python-bilbao-remoto-1-dia-mes-oficina/of-if0678487a246d997376e78814978d8,1,
2,2024-04-14 10:38:49,TÉCNICO/A MANTENIMIENTO ELECTROMECÁNICO,Lekunberri,Navarra,Se precisa incorporar un/a TÉCNICO/A DE MANTENIMIENTO ELECTROMECÁNICO para su planta localizada en Lekunberri.,09/04/2024,573538,,,"Imprescindible FPII/Grado en Mantenimiento Electromecánico, Mecatrónica, o formación equivalente. Imprescindible aportar mínimo 3 años de experiencia profesional en posición similar, proveniente de entorno industrial. Imprescindibles conocimientos de informática y agilidad en el manejo de manuales de maquinaria y/o instalaciones.",,,,,,,https://www.infojobs.net/lekunberri/tecnico-mantenimiento-electromecanico-ref.2477/of-i10dc3eceff4680aa22c984a0fd1df5,1,
2,2024-04-14 10:38:49,RESPONSABLE DE ASESORÍA,Arnedo,Rioja (La),"Bufete Jurídico y Consultores, una firma polifacética y consolidada de la Rioja, en pleno crecimiento, busca sumar a su equipo en la Delegación de Arnedo (La Rioja) un/a RESPONSABLE DE ASESORAMIENTO (H/M)",09/04/2024,573537,,,"Experiencia requerida, 3 años mínimo en puesto o responsabilidades equivalentes. Formación universitaria a la aérea de la empresa como el Grado GADE o equivalente o Másteres especificos",,,,,,,https://www.infojobs.net/arnedo/responsable-asesoria-rioja-baja/of-i54253dd42a492e8bb7b7e090750134,1,
2,2024-04-14 10:38:49,DOCENTE ESPECIALIZADO HIGIENE ALIMENTARIA,Laredo,Cantabria,"BUSCAMOS DOCENTE CON EXPERIENCIA EN CURSOS DE HIGIENE ALIMENTARIA,MANIPULACIÓN DE ALIMENTOS Y ALERGENOS PARA CURSOS EN LAREDO (CANTABRIA)",09/04/2024,573536,,,,,,,,,,https://www.infojobs.net/laredo/docente-especializado-higiene-alimentaria/of-i22caf37b3c477cb54b3f79c81201e5,1,
2,2024-04-14 10:38:49,ADMINISTRATIVO/A CON INGLÉS,Zizurkil,Gipuzkoa,"Contabilización de facturas de proveedores/as, gastos de personal, pagos, tarjetas de crédito, etc, en ERP Navision. Conciliaciones bancarias, remesas de bancos y de facturas intercompany. Responder a los/las auditores/as financieros sobre cuestiones del área de trabajo. Extracción de la cartera de pedidos del ERP y resumen de facturación de ventas. Encuestas.",09/04/2024,573535,,,Incorporación inmediata. Imprescindible nivel alto de Inglés. Favorable de Francés.,,,,,Idiomas requeridos Inglés,,https://www.infojobs.net/zizurkil/administrativo-con-ingles-media-jornada/of-i2a5466b9554c2c8b5c0537a13d5191,1,
2,2024-04-14 10:38:49,CONTROLADOR/A DE ACCESOS,Etxebarria,Bizkaia,selecciona un/a controlador/a de accesos para empresa ubicada en Etxebarria(Bizkaia). Funciones: Vigilancia del recinto. Verificación de luces y cierre de accesos. Anotación de matrículas y visitantes. Recepción de cartería y paquetería. Reporte de incidencias.,09/04/2024,573534,,,,,,,,,,https://www.infojobs.net/etxebarria/controlador-accesos/of-i22dc5efbd54d869d53e7236d41aced,1,
2,2024-04-14 10:38:49,GEROCULTOR/A RESIDENCIA,Vitoria-Gasteiz,Araba/Álava,"Seleccionamos un/a gerocultor/a para una importante residencia ubicada en las cercanías de Vitoria-Gasteiz. Funciones: Ayudar a los residentes a levantarse, lavarse y vestirse. Ayudar a comer y tomar la medicación. Realizar curas.",09/04/2024,573533,,,"Experiencia previa en residencias y hospitales realizando funciones similares. Estar en posesión de titulación relacionada con Sanidad (grado medio en Sanidad, certificado de profesionalidad en atención sociosanitaria en instituciones). Imprescindible tener vehículo propio.",,,,,,,https://www.infojobs.net/vitoria-gasteiz/gerocultor-residencia/of-ie6c65a343245248f00a822790046ee,1,
2,2024-04-14 10:38:49,TÉCNICO/A MANTENIMIENTO ELÉCTRICO,Bilbao,Bizkaia,"Estamos buscando un perfil con experiencia en trabajos de mantenimiento de climatización, calor y electricidad. Realizarás dichos trabajos en las instalaciones de nuestros clientes, ubicados en Bilbao y otras poblaciones de Bizkaia",09/04/2024,573532,,,Titulación FP Electricidad o Frío/Calor. Experiencia mínima de 2 años en las funciones descritas. Carnet de conducir.,,,,,,,https://www.infojobs.net/bilbao/tecnico-mantenimiento-electrico/of-i14ff739ec24cb091aa6734a97f0b2d,1,
2,2024-04-14 10:38:49,OPERARIOS/AS SECTOR ALIMENTACION,Orozko,Bizkaia,"Se selecciona OPERARIOS/AS DEL SECTOR ALIMENTARIO para importante empresa ubicada en Orozko. Funciones a desarrollar: Limpieza, corte y envasado de frutas y verduras. Almacén. Paletización. Preparación de pedidos. Carga y descarga.",09/04/2024,573531,,,Experiencia de 6 meses en puesto o funciones descritas. Carnet de manipulador de alimentos. Valorable disponer de carnet de carretilla actualizado. Valorable conocimientos de cocina. Valorable experiencia en cámara refrigerada.,,,,,,,https://www.infojobs.net/orozko/operarios-sector-alimentacion/of-id9b1e45caf4bb3b58fba9f28ce404d,5,
2,2024-04-14 10:38:49,ANALISTA PROGRAMADOR/A JAVA,Bilbao,Bizkaia,Estamos en búsqueda de un perfil con experiencia como Analista Desarrollador/a JAVA.,09/04/2024,573530,,,"Pensamos en titulados/as técnicos, que aporten experiencia en entornos Java/J2EE para integrarse en nuestros equipos de desarrollo, en modalidad híbrida. Para participar en proyectos y servicios orientados a importantes clientes del sector público en la zona de Bizkaia.",,,,,,,https://www.infojobs.net/bilbao/analista-programador-java/of-id0464aa974411f8a20585dfc9a60f2,1,
2,2024-04-14 10:38:49,RESPONSABLE COMPRAS Y APROVISIONAMIENTOS,Hernani,Gipuzkoa,"Se incorporará en esta empresa industrial fabricante de componentes mecánicos, para realizar las siguientes actividades: lanzamiento de pedidos a proveedores, desarrollo y negociación de proveedores con apoyo por la parte técnica y gerencia, control de niveles de stock, utilización del MRP de compras, codificación de artículos, gestión administrativa de documentación, etc.",09/04/2024,573529,,,Pensamos en una persona que aporte una experiencia aproximada de 4 años en funciones similares. Se requieren conocimientos de Inglés.,,,,,Idiomas requeridos Inglés,,https://www.infojobs.net/hernani/responsable-compras-aprovisionamientos/of-i5cb03a0c1640c6a311a3080a7eec1b,1,
2,2024-04-14 10:38:49,DEPENDIENTE/A,Donostia/San Sebastián,Gipuzkoa,"Empresa del sector de la Alimentación necesita incorporar dependientes/as para su tienda en Donostia, jornada a 40h con dos días libres a la semana.",09/04/2024,573528,,,mprescindible francés o inglés ( Se valorarán otros idiomas ). Se valorarán dependientas con conocimientos de pastelería.,,,,,,,https://www.infojobs.net/donostia-san-sebastian/dependiente/of-i8fa382467e42a29b3b256426cd2256,3,
2,2024-04-14 10:38:49,ELECTRICISTA INDUSTRIAL,Calahorra,Rioja (La),Técnico Electromecánico con experiencia en sector Industrial: Ejecución de trabajos eléctricos y mecánicos. Asistencia técnica a clientes. Organización de medios humanos y materiales. Supervisión de trabajos. Control de costes. Consecución de objetivos de proyectos.,09/04/2024,573527,,,Titulación en Formación Profesional o Ciclo Formativo. Una experiencia mínima de 2 años en puesto de técnico electromecánico de equipos industriales. Se requieren conocimientos en electricidad y mecánica a nivel general. Capacidad de trabajo en equipo multidisciplinar y dotes de comunicación/negociación. Capacidad para gestión de varios proyectos simultáneamente.,,,,,,,https://www.infojobs.net/calahorra/electricista-industrial/of-i9feb26efa04cc09102ce6fab077cfe,1,
2,2024-04-14 10:38:49,PROYECTISTA DE INSTALACIONES. SECTOR INDUSTRIAL,Vitoria-Gasteiz,Araba/Álava,Buscamos una persona para integrar en el área de Edificación como Proyectista de Instalaciones. Sector Industrial. FUNCIONES Y ACTIVIDADES: Redacción de proyectos. Direcciones de obra de instalaciones industriales,09/04/2024,573526,,,"Formación mínima Ingeniería técnica industrial o Grado en Ingeniería mecánica/eléctrica y/o similar. Se valorará formación complementaria en Medioambiente, Seguridad de la Información y/o Prevención de Riesgos Laborales. Se valorarán conocimientos BIM y Caneco. Deseable una experiencia mínima de 3 años. Presto, Cype, Dmlect, BIM y Caneco",,,,,,,https://www.infojobs.net/vitoria-gasteiz/proyectista-instalaciones.-sector-industrial/of-i0d1b91bb1c4b319667fea0eb027573,1,
2,2024-04-14 10:38:49,INGENIERO/A DE OFERTAS,Pamplona/Iruña,Navarra,"Seleccionamos un/a INGENIERO/A DE OFERTAS para Grupo industrial multiplanta auxiliar automoción, situado en los alrededores de Pamplona. Realizará estudios de costes, analizar documentación técnica, participará en reuniones técnicas junto al departamento comercial para la preparación de ofertas.",09/04/2024,573525,,,"Imprescindible Grado ingeniería Industrial. Imprescindible 1 año de experiencia, valorable sector automoción. Imprescindible Inglés B2. Imprescindible conocimientos herramientas de Catia, Solidworks y procesos de estampación y soldadura.",,,,,Idiomas requeridos Inglés,,https://www.infojobs.net/pamplona-iruna/ingeniero-ofertas-ref.2480/of-i605221001d47b88d3e2811413da0a3,1,
2,2024-04-14 10:38:49,LIMPIADOR/A,Arrigorriaga,Bizkaia,"Se selecciona un/a Limpiador/a para oficinas. Funciones: Mopeado del suelo , limpieza de las instalaciones",09/04/2024,573524,,,Disponibilidad para incorporación inmediata. Disponibilidad de Carnet de Conducir y vehículo propio,,,,,,,https://www.infojobs.net/arrigorriaga/limpiador/of-ic3254382fb45d085035fafab5313dd,1,
2,2024-04-14 10:38:49,ADMINISTRATIVO/A COMERCIAL CON INGLÉS,,Araba/Álava,Importante empresa industrial perteneciente a Grupo Multinacional ubicada en Izarra (Álava) precisa incorporar un/a Administrativo/a Comercial en exportaciones con buen dominio de inglés.,09/04/2024,573523,,,Formación ámbito administrativo. Imprescindible buen dominio de inglés. Experiencia laboral previa de al menos 2 años realizando funciones descritas. Vehículo propio para acceder al puesto de trabajo. Incorporación inmediata.,,,,,,,https://www.infojobs.net/izarra/administrativo-comercial-con-ingles-alava/of-i6c50fb919543e9920d2a665edb9b43,1,
2,2024-04-14 10:38:49,ADMINISTRATIVO/A CONTABLE,Getxo,Bizkaia,Importante empresa multinacional del sector industrial precisa incorporar un/a administrativo/a contable para el departamento financiero de la central de Iberia en Las Arenas (Getxo).,09/04/2024,573522,,,Contabilización facturas. Conciliación bancaria. Asientos contables. Liquidación IVA. Word Excel. Inglés.,,,,,Idiomas requeridos Inglés,,https://www.infojobs.net/getxo/administrativo-contable/of-i810d5eb464495ca56e55fd6ccafad1,1,
2,2024-04-14 10:38:49,ASSISTANTS DE COMPRAS,Oiartzun,Gipuzkoa,Para nuestras oficinas centrales ubicadas en Oiartzun (Guipúzcoa) buscamos incorporar dos Assistants de Compras a jornada completa,09/04/2024,573521,,,"Experiencia de al menos 2 años realizando tareas similares en empresas de retail moda. Interés por el mundo de la moda. Se valorará muy positivamente disponer de conocimientos de calzado, complementos y accesorios. Imprescindible tener un nivel avanzado de inglés, tanto escrito como hablado. Mínimo nivel B2+/C1 (se realizará prueba oral). Etc.",,,,,,,https://www.infojobs.net/oiartzun/assistants-compras-merkal/of-idc4bcb1b7141ccb132ef8e846eaaa0,2,
2,2024-04-14 10:38:49,OFICIAL/A DE ELECTRICIDAD INDUSTRIAL,Anoeta,Gipuzkoa,seleccionamos para empresa industrial de la zona de Anoeta una persona para desempeñar tareas de electricidad industrial.,09/04/2024,573520,,,Buscamos una persona que tenga experiencia en montaje de cuadros eléctricos. Después del periodo de prueba sería el puesto estable.,,,,,,,https://www.infojobs.net/anoeta/oficial-electricidad-industrial/of-i8e89fee8cf41d7823994ef7bf715e2,1,
2,2024-04-14 10:38:49,JARDINERO/A,Pielagos,Cantabria,Se ofrece un puesto de trabajo como Jardinero/a en Empresa de Jardinería ubicada en Pielagos. Las principales funciones del puesto son el cuidado y mantenimiento de jardines y zonas verdes tanto privadas como públicas.,09/04/2024,573519,,,"Se requiere experiencia en Mantenimiento del césped, Tratamientos fitosanitarios, Abono, riego y poda de plantaciones, Manejo de maquinaria de jardinería, Control de plagas.",,,,,,,https://www.infojobs.net/pielagos/jardinero/of-ib4ab349ad8442e999d3778ef3f37ce,5,
2,2024-04-14 10:38:49,COMMUNITY MANAGER,Santander,Cantabria,Actualización de redes sociales de la empresa. Publicaciones y Seguimiento de los mismas. Diseño de Carteleria y videos de Marketing digital.,09/04/2024,573518,,,"Experiencia en puesto similar de al menos un año. Formación en Administración, diseño gráfico o marketing",,,,,,,https://www.infojobs.net/santander/community-manager/of-ida816877034c318bff6536e5783657,1,
2,2024-04-14 10:38:49,RESPONSABLE DE SERVICIO DE ASISTENCIA TÉCNICA,Calahorra,Rioja (La),"Se selecciona para empresa ubicada en Rioja Baja dedicada a investigación, desarrollo e innovación tecnológica de maquinaria agrícola, un-a Responsable de Servicio de Asistencia Técnica.",09/04/2024,573517,,,"Disponibilidad para viajar de manera puntual. Conocimientos en mantenimiento: maquinaria agrícola de recolección por sistemas de vibración, funcionalidad y aplicabilidad. Conocimientos de gestión: sistemas de gestión y aplicaciones informáticas en general. Técnicos: hidráulica, mecánica, electricidad, neumática, electrónica procesos de fabricación, materiales y producto",,,,,,,https://www.infojobs.net/calahorra/responsable-servicio-asistencia-tecnica-rioja-baja/of-if8fd1561904a71a336c4003328b350,1,
2,2024-04-14 10:38:49,TÉCNICO-A DE OFERTAS / PROYECTOS,Durango,Bizkaia,Importante empresa de estampación con troquelería de la zona del Duranguesado precisa incorporar Técnico-a de Ofertas / Proyectos,09/04/2024,573516,,,"Titulación mínima de Ciclo Formativo Grado Superior en área técnica. Se valorará la experiencia aportada en funciones similares, no siendo un requisito. Alto nivel de Inglés, valorándose muy positivamente los conocimientos de Alemán. Deberá aportar elevada responsabilidad, capacidad de organización y alto grado de compromiso.",,,,,Idiomas requeridos Inglés,,https://www.infojobs.net/durango/tecnico-ofertas-proyectos/of-ie89feec4e04be09df421a05e210569,1,
2,2024-04-14 10:38:49,MANTENIMIENTO ELECTROMECÁNICO/A INDUSTRIAL,Pamplona/Iruña,Navarra,Se necesita personal de mantenimiento ELECTROMECÁNICO para maquinaria industrial en zona de Pamplona y Comarca.,09/04/2024,573515,,,"Ciclo Formativo Grado Superior Instalación y Mantenimiento. Valorable formaciones complementarias en PLC. Valorable formaciones complementarias en Prevención de Riesgos Laborales. Experiencia al menos 3 años, en puesto similar. Conocimientos en Mantenimiento de Maquinaria Industrial. Seguimiento de esquemas eléctricos. Mecánica y neumática.",,,,,,,https://www.infojobs.net/pamplona-iruna/mantenimiento-electromecanico-industrial/of-i877743383d4a88b65a6d8906f80e0d,5,
2,2024-04-14 10:38:49,JEFE/A DE COCINA,Donostia/San Sebastián,Gipuzkoa,Se precisa un/a Jefe de Cocina para centro sanitario ubicado en Guipúzcoa San Sebastián.,09/04/2024,573514,,,"Experiencia demostrable como Jefe de Cocina, preferencialmente en residencias o en hospitales. Disponibilidad inmediata. Titulación, Ciencias Culinarias y Gastronómicas o C.F. Medio y Superior de Hostelería o FP Superior Dirección de Cocina o FP Dirección y Producción en Cocina. Buscamos a una persona con vocación en el servicio, comprometida, flexible, positiva y resolutiva.",,,,,,,https://www.infojobs.net/donostia-san-sebastian/jefe-cocina-guipuzcoa-san-sebastian/of-id198426b46440fa8c6b7977afac727,1,
2,2024-04-14 10:38:49,INGENIERO/A PROYECTOS INSTALACIONES,Donostia/San Sebastián,Gipuzkoa,"Se incorporará en la empresa para desarrollar proyectos de instalaciones (calefacción, climatización, saneamiento, antiincendios, electricidad, fontanería, etc.) y asumir la gestión y dirección de las obras. Para ello realizará actividades diversas: participación en proyectos de instalaciones elaboración de planos funciones de soporte en la planificación y dirección de obra etc.",09/04/2024,573513,,,"Pensamos en una persona con Formación Técnica (Ingeniería, Arquitectura o similar). Se requiere una experiencia mínima de 4 años en actividades similares.",,,,,,,https://www.infojobs.net/san-sebastian/ingeniero-proyectos-instalaciones/of-i46d2622ca3449fb5579d86eb5f2f8d,1,
2,2024-04-14 10:38:49,RESPONSABLE CARROCERIA,Logroño,Rioja (La),Actualmente estamos buscando un RESPONSABLE DE CARROCERIA para que se una a nuestro equipo en LOGROÑO.,09/04/2024,573512,,,,,,,,,,https://www.infojobs.net/logrono/responsable-carroceria/of-ic4fdced7194097ae3ebcca7c0af941,2,
2,2024-04-14 10:38:49,GESTOR/A DE COMPRAS,Donostia/San Sebastián,Gipuzkoa,"Realizarás la búsqueda, gestión y negociación de pedidos y contratos con proveedores, manteniendo la cartera actualizada. Supervisarás y evaluarás el rendimiento de los proveedores, garantizando la entrega puntual de bienes y manteniendo al mismo tiempo los estándares de calidad.Prepararás y procesarás órdenes de compra, controlando los niveles de existencia. Etc.",09/04/2024,573511,,,Encajarás en esta posición si... Aportas formación de Grado en Administración y Dirección de Empresas o similar. Dispones de experiencia contrastable en el ámbito de las compras. Hablas inglés con fluidez. Se valorará que tengas cierta experiencia y/o conocimiento en la gestión administrativa de una empresa a nivel de contabilidad y finanzas. Etc.,,,,,Idiomas requeridos Inglés,,https://www.infojobs.net/donostia-san-sebastian/gestor-compras/of-i495d35b79a4e599da39707a74eca75,1,
2,2024-04-14 10:38:49,MONTADOR/A DE PLACAS ELECTRÓNICAS,Amorebieta-Etxano,Bizkaia,Estamos buscando operarios/as de montaje de placas electrónicas.,09/04/2024,573510,,,Experiencia previa en montaje manual de piezas pequeñas. Incorporación inmediata,,,,,,,https://www.infojobs.net/amorebieta/montador-placas-electronicas/of-ie9af802821411198d3eb47764df4e4,1,
2,2024-04-14 10:38:49,MOZO/A DE ALMACEN (5 A 13 H),Vitoria-Gasteiz,Araba/Álava,"Seleccionamos un Mozo/a de Almacén para una empresa situada en el polígono de Júndiz, cuyas funciones principales son: Carga y descarga de mercancía con transpaleta manual. Funciones de almacén: organización, lectura de albaranes y etiquetas",09/04/2024,573509,,,Experiencia desempeñando las labores descritas en la oferta. Carnet de carretilla en vigor . Competencias: actitud y aptitud frente al trabajo y disposición para desarrollar el trabajo. Disponibilidad inmediata.,,,,,,,https://www.infojobs.net/vitoria-gasteiz/mozo-almacen-5-13-h/of-i4f61a44a514edd8bd91b9a0f5f1b3b,1,
2,2024-04-14 10:38:49,ELECTRICISTA,Vitoria-Gasteiz,Araba/Álava,Se solicita Electricista para Vitoria.,09/04/2024,573508,,,"Buscamos a alguien con iniciativa, ordenado y capacidad de trabajo en equipo. Ofrecemos un salario acorde al convenio.",,,,,,,https://www.infojobs.net/vitoria-gasteiz/electricista/of-iba9ce9a2a64e49af33c897f181b4dd,1,
2,2024-04-14 10:38:49,COMERCIAL- SECTOR INDUSTRIAL,Torrelavega,Cantabria,Visitas comerciales a clientes de la zona de ASTURIAS y/o de CANTABRIA (según residencia del candidato). Mantenimiento y potenciación de las ventas reportando al delegado de nuestra delegación de Cantabria. Visitar a clientes potenciales y seguimiento del proceso de venta. Análisis de las necesidades del cliente y colaboración en el desarrollo de ofertas. Etc.,09/04/2024,573507,,,"Con al menos 2-3 años de experiencia comercial, preferiblemente en el sector del metal. Debe ser una persona orientada a resultados, con iniciativa, con capacidad para gestionar su tiempo y comprometida con la compañía. Valorable conocimientos de los productos: tubos, accesorios y tornillería en acero inoxidable y carbono. Etc.",,,,,,,https://www.infojobs.net/torrelavega/comercial-sector-industrial-asturias-cantabria/of-id401f0c0504e358ef78048e327b290,1,
2,2024-04-14 10:38:49,OPERATIVO/A DE TRÁFICO,Irun,Gipuzkoa,Empresa del sector logístico especialistas en transporte terrestre busca incorporar un/a Operativo/a de Tráfico Internacional para su sede en Irún,09/04/2024,573506,,,Experiencia previa en posición similar mínimo de 1 año. Inglés y francés altamente valorables. Compromiso e implicación por crecer en el sector del transporte.,,,,,Idiomas requeridos Inglés Francés,,https://www.infojobs.net/irun/operativo-trafico/of-i2301a0a83b46e185b816cbc8cd899f,1,
2,2024-04-14 10:38:49,ENCARGADO/A DE OBRA,Logroño,Rioja (La),"Planificar y organizar los trabajos en obra. Interpretar los planos y realizar replanteos de las unidades de obra. Controlar, supervisar y ayudar al buen funcionamiento de la misma. Experiencia en edificación y en diferentes fases de obra. Persona proactiva, que sepa y disfrute trabajando en equipo.",09/04/2024,573505,,,,,,,,,,https://www.infojobs.net/logrono/encargado-obra/of-i4170c5fde04e22bf5b289bcd888ffa,1,
2,2024-04-14 10:38:49,JEFE/A SECCIÓN,Oiartzun,Gipuzkoa,"Se incorporará en esta empresa referente en la distribución de productos de bricolaje para responsabilizarse de la animación comercial de un departamento y encargarse de la coordinación de campañas comerciales, gestión de stocks y aprovisionamiento, y garantizar la satisfacción al cliente en la tienda, junto con el equipo de personas a su cargo, que coordinará y dinamizará.",09/04/2024,573504,,,"Pensamos en una persona con Formación de Grado Universitario, preferentemente, que destaque por su vitalidad y capacidad de adaptación a los cambios. Se valorará la experiencia previa en comercio, no siendo imprescindible. Se ofrecen posibilidades reales de desarrollo y proyección.",,,,,,,https://www.infojobs.net/oiartzun/jefe-seccion/of-i552690ef324713b82ad1fabf4de1ad,1,
2,2024-04-14 10:38:49,COCINERO/A COMIDA RAPIDA,Portugalete,Bizkaia,"Planificar, organizar y supervisar el suministro, preparación y procesos de cocinado y presentación de platos siguiendo estándares de la marca. Control de stocks y pedidos de materia prima. Gestión y supervisión de personal de cocina. Sentido de la urgencia para asegurar un servicio rápido y de calidad durante los servicios. Comprobar temperaturas y APPCC. Etc.",09/04/2024,573503,,,"Experiencia como jefe de partida de al menos dos años. Haber llevado equipos en cocina de al menos 4 personas. Poder trabajar fin de semana y horarios partidos. Persona comprometida, que le guste trabajar en equipo y sea líder. Acostumbrado a trabajar bajo presión. Vivir en Bilbao o alrededores",,,,,,,https://www.infojobs.net/portugalete/cocinero-comida-rapida/of-i97a3d331404194912e68a4194f4f84,1,
2,2024-04-14 10:38:49,RESPONSABLE DE APARCAMIENTO,Santander,Cantabria,Nos encontramos en búsqueda UN/A RESPONSABLE DE APARCAMIENTO situado en SANTANDER-CANTABRIA,09/04/2024,573502,,,"Formación Profesional Grado Superior o Titulación Universitaria en Informática / Telecomunicaciones, Empresariales, Económicas, Administración de Empresas, Ingeniería Técnica. Disponibilidad de vehículo propio y carnet de conducir tipo B. Experiencia de al menos 3 años. Se valorará Inglés a nivel conversación.",,,,B,,,https://www.infojobs.net/santander/responsable-aparcamiento/of-ie0ef7e25a4415cbadc67ad5d806dc4,1,
2,2024-04-14 10:38:49,DELINEANTE - PROYECTISTA / MICROSTATION,Bilbao,Bizkaia,Buscamos incorporar un/a DELINEANTE PROYECTISTA con conocimientos de MICROSTATION para importante proyecto ubicado en BILBAO.,09/04/2024,573501,,,Titulación FP. Al menos 2 años de experiencia en Delineación de proyectos de centrales hidroeléctricas con MicroStation.,,,,,,,https://www.infojobs.net/bilbao/delineante-proyectista-microstation/of-iba6557bc5f45168ec37d06c8992d1f,1,
2,2024-04-14 10:38:49,RESPONSABLE DE EXPEDICIONES/LOGÍSTICA,Logroño,Rioja (La),"Aplicar y mantener la imagen y proyecto de la empresa en la plataforma logística. Controlar el stock y seguimiento del aprovisionamiento. Supervisar todas las secciones de la plataforma, entradas y salidas, expediciones, almacenamiento, operaciones. Mantener la calidad y el correcto uso de las instalaciones. Realizar seguimiento del cumplimiento de los procesos. Etc.",09/04/2024,573500,,,"Titulación Universitaria, rama de Económicas, Administración de Empresas, Ingeniería técnico/a, de Ingeniería de organización industrial o similar para profesionales con experiencia en la organización de flujos logísticos. Valorable Formación complementaria, Máster / postgrado en la gestión de logística y operaciones, Máster Supply Chain. Etc.",,,,,,,https://www.infojobs.net/logrono/responsable-expediciones-logistica/of-i6cf8f22140470096c1e9b6ca71ec92,1,
2,2024-04-14 10:38:49,COMERCIAL JUNIOR CON EUSKERA,Arrasate/Mondragon,Gipuzkoa,"Estamos en búsqueda de un perfil Comercial Junior para interesante para empresa guipuzcoana, dedicada a los elementos bloqueantes para la seguridad industrial",09/04/2024,573499,,,"Buscamos una persona de la zona, con buen nivel de euskera. Zona e actuación a nivel nacional, aunque volumen bajo de viajes (1 semana al mes). Experiencia industrial a nivel comercial o conocimiento del sector ferretero seria muy interesante.",,,,,,,https://www.infojobs.net/arrasate-mondragon/comercial-junior-con-euskera/of-i8881add9924274ad03168a4cccda43,1,
2,2024-04-14 10:38:49,OPERARIOS/AS PLANTA,Caseda,Navarra,Participar directamente en el proceso de producción. Manejar la maquinaria y herramientas específicas para lograr la transformación del producto. Seguimiento de la calidad e incidencias de la producción.,09/04/2024,573498,,,TITULACION E.S.O / EGB. Valorable Formación Profesional. Carnet de conducir y disponibilidad de vehículo. Valorable carnet de carretilla elevadora,,,,,,,https://www.infojobs.net/caseda/operarios-planta-caseda/of-i57a2b309404a87bbba07740684b016,5,
2,2024-04-14 10:38:49,OFICIAL/A DE 1ª,Logroño,Rioja (La),Desempeñar las funciones propias del puesto: Experiencia previa como oficial de primera. Conocimientos técnicos sólidos en construcción. Habilidades de comunicación y trabajo en equipo.,09/04/2024,573497,,,,,,,,,,https://www.infojobs.net/logrono/oficial-1/of-i24c4046bda46cbab25198d06c5b7d2,1,
2,2024-04-14 10:38:49,DIRECTOR/A INDUSTRIALIZACIÓN,Zarautz,Gipuzkoa,Se incorporará a esta empresa especializada en ofrecer soluciones de iluminación solar a medida del cliente y que se encuentra en un gran momento de expansión para liderar el desarrollo y organización del área técnica de la misma.,09/04/2024,573496,,,"Buscamos una persona con Formación en Ingeniería, que aporte una experiencia previa de 5 años en funciones similares y en procesos de industrialización de producto. Se requiere un nivel alto de Inglés.",,,,,Idiomas requeridos Inglés,,https://www.infojobs.net/zarautz/director-industrializacion/of-i39210baf8f429ea0aef03e1d146767,1,
2,2024-04-14 10:38:49,TÉCNICO/A CALIDAD,Villafranca,Navarra,Se precisa incorporar un/a TÉCNICO/-A CALIDAD para importante empresa ubicada en VILLAFRANCA. Funciones:. Inspección y control de líneas de fabricación. Control de puntos críticos en líneas de fabricación. Análisis microbiológicos. Control de hermeticidad de envases,09/04/2024,573495,,,"FPII, tecnologos/-as de los alimentos, Ingenieros/-as agrónomos. Autonomía, iniciativa",,,,,,,https://www.infojobs.net/villafranca/tecnico-calidad/of-i2f3d923cd14bd187d33c4017019b23,1,
2,2024-04-14 10:38:49,MOZO/A DE ALMACÉN,Vitoria-Gasteiz,Araba/Álava,Empresa nacional del sector con más de 25 años de experiencia estamos en busca de un mozo de almacén (H/M) para una empresa ubicada en el Polígono Industrial de Jundiz (Álava). Funciones: Carga y descarga con manipulación manual. Lectura de albaranes y etiquetas. Organización de almacén...etc.,09/04/2024,573494,,,"Experiencia mínima de 2 años en puestos similares. Disponibilidad para una incorporación inmediata. Imprescindible coche propio. Se valorará experiencia en puesto similares de logística, mudanzas y montaje de muebles.",,,,,,,https://www.infojobs.net/vitoria-gasteiz/mozo-almacen-h-m/of-i042139ff634d0d8f0dcd1eb4934eb3,1,
2,2024-04-14 10:38:49,GESTOR/A DE SERVICIOS DE LIMPIEZA,,Navarra,Seleccionamos un perfil de Gestor/a de Servicios de limpieza para unirse a nuestro equipo de trabajo en Pamplona (Navarra),09/04/2024,573493,,,"Experiencia en gestión de servicios generales, acostumbrado a ver cuadro de mandos y cuentas de explotación. Valorable formación Universitaria o estudios relacionados con la gestión de personal y cuentas. Nivel ofimático avanzado. Flexibilidad horaria. Permiso de conducir en vigor.",,,,,,,https://www.infojobs.net/mutilva-baja-mutiloabeiti/gestor-servicios-limpieza/of-iddf0dbfdac4269a9d7c75cde9024cc,1,
2,2024-04-14 10:38:49,TÉCNICO/A CALIDAD (INDUSTRIAL),,Araba/Álava,Se selecciona para importante empresa industrial ubicada en Vitoria-Gasteiz una persona para ocupar un puesto de Técnico/a de Calidad. El puesto requiere un 70% estar en taller y un 30% con pantalla visualización datos.,09/04/2024,573492,,,"Formación mínima: Grado medio o superior de Analista Laboratorio o similar. Formación específica: controles volantes, metrología, control de proceso, reclamación de clientes. Disponibilidad inmediata para trabajar a jornada partida (con 1 hora para comer).",,,,,,,https://www.infojobs.net/vitoria/tecnico-calidad-industrial/of-i901434652b4da5a326a156a96e3d30,1,
2,2024-04-14 10:38:49,AUXILIAR ADMINISTRATIVO/A DE TALLER,Zamudio,Bizkaia,"Estamos en búsqueda de un/a AUXILIAR ADMINISTRATIVO/A DE TALLER para trabajar en una empresa industrial, ubicada en la zona de Zamudio.",09/04/2024,573491,,,"Formación administrativa, grado superior o Licenciatura. Experiencia en el puesto. Dominio Excel. Indispensable disponer de vehículo para desplazarse al centro de trabajo.",,,,,,,https://www.infojobs.net/zamudio/auxiliar-administrativo-taller/of-i80444861d74dec969aca5ab2d88052,1,
2,2024-04-14 10:38:49,DIRECTOR/A TERRITORIAL,Pamplona/Iruña,Navarra,Seleccionamos un/a Director/a Territorial para la delegación de Navarra y La Rioja para importante empresa dedicada al diseño y montaje de instalaciones del sector de las energías renovables ubicada en la Pamplona.,09/04/2024,573490,,,Imprescindible Titulación universitaria siendo valorable ingeniería. Imprescindible Más de 8 años de experiencia en ventas en empresas de instalación de bienes de equipo y/o servicios de alto valor añadido. Imprescindible Conocimientos altos de ofimática de gestión. Imprescindible Mínimo nivel medio de inglés. Etc.,,,,,Idiomas requeridos Inglés,,https://www.infojobs.net/pamplona-iruna/director-territorial/of-i95e9ee24324ed08f9caf38867fb38e,1,
2,2024-04-14 10:38:49,AYUDANTE/A DE COCINA,Pamplona/Iruña,Navarra,"Buscamos gente a la que le guste la hostelería, con ganas de unirse a nuestro proyecto, con actitud y ganas de aprender",09/04/2024,573489,,,,,,,,,,https://www.infojobs.net/pamplona-iruna/ayudante-cocina/of-i455544db3b41ff80bbacba806c178f,1,
2,2024-04-14 10:38:49,SOLDADOR/A,Vitoria-Gasteiz,Araba/Álava,Se necesita fabricante montador de rotulos luminosos con experiencia mínima de 3 años demostrable. Con carnet de conducir.,09/04/2024,573488,,,,,,,,,,https://www.infojobs.net/vitoria-gasteiz/soldador/of-i13903da76d4cdab7df171de9f0f8b4,1,
2,2024-04-14 10:38:49,TELEOPERADOR/A,Cartes,Cantabria,Emisión de llamadas para captar clientes. Recepción de llamadas de clientes activos. Fidelización de clientes activos. Cierre comercial,09/04/2024,573487,,,Experiencia en puestos de atención comercial y ventas ( Preferiblemente teleoperador). Buenos dotes comunicativos y orientación al cliente. Disponibilidad para incorporación inmediata. Vehículo propio o transporte público. Previa formación selectiva por parte de la empresa no remunerada. Idioma Euskera nativo o bilingüe,,,,,Idiomas requeridos Euskera,,https://www.infojobs.net/cartes/teleoperador/of-i5bf06c6cd2472b9cbf60ab730a7ca6,1,
2,2024-04-14 10:38:49,AUXILIAR DE ENFERMERÍA,Villabona,Gipuzkoa,Se precisa auxiliar de enfermería para realizar sustituciones en Residencia de personas mayores en Villabona.,09/04/2024,573486,,,"Imprescindible titulación como auxiliar de enfermería, o certificado de profesionalidad de atención sociosanitaria a personas dependientes en instituciones sociales.",,,,,,,https://www.infojobs.net/villabona/auxiliar-enfermeria-villabona/of-if758d011664db2bfe487ed9d2ef03d,1,
2,2024-04-14 10:38:49,LIMPIADOR/A INDUSTRIAL,Tudela,Navarra,"EMPRESA DEDICABA A LA FABRICACIÓN DE TORTILLAS DE PATATA, UBICADA EN TUDELA (NAVARRA), NECESITA PERSONAL PARA: LIMPIEZA INDUSTRIAL DE LAS DISTINTAS SALAS DE TRABAJO DE LA EMPRESA Y SUS MAQUINAS (FREIDORA, ENVASADORAS, TUNEL CONGELACION, CINTAS TRANSPORTADORAS ...). USO DE MANGUERAS A PRESIÓN Y DESENGRASANTES / DESINFECTANTES",09/04/2024,573485,,,"MANEJO DE MANGUERAS A PRESION, DESENGRASANTES Y DESINFECTANTES",,,,,,,https://www.infojobs.net/tudela/limpiador-industrial/of-i53604b1b6a4e4587dd0e2fba99bc4b,1,
2,2024-04-14 10:38:49,TÉCNICO/A INFORMÁTICO/A,Portugalete,Bizkaia,Se precisa una persona con perfil informático para la preparación y montaje de equipos informáticos,09/04/2024,573484,,,Titulación de Grado Medio de la rama de la informática o telecomunicaciones.,,,,,,,https://www.infojobs.net/portugalete/tecnico-informatico/of-i50c9d3d548497b872be96eb9390d7b,1,
2,2024-04-14 10:38:49,SOLDADOR/A OFICIAL 1ª,Barakaldo,Bizkaia,Seleccionamos 1 soldador oficial de 1ª para incorporar en una empresa situada cerca de Barakaldo. Se requiere amplia experiencia como soldador con electrodo y semiautomática. Incorporación inmediata,09/04/2024,573483,,,,,,,,,,https://www.infojobs.net/barakaldo/soldador-oficial-1/of-i8b350cfe1f4ceda9488d5970bfa13e,1,
2,2024-04-14 10:38:49,CARRETILLERO/A,Iurreta,Bizkaia,"Nos encontramos en busca de CARRETILLERO/A, para IURRETA",09/04/2024,573482,,,Te contamos los principales requerimientos y otras habilidades de la posición: Experiencia previa en almacén industrial. Carnet de carretilla en vigor. Disponibilidad de incorporación inmediata.,,,,,,,https://www.infojobs.net/iurreta/carretillero/of-ia1cbf295fe4edda0154193aebb5781,2,
2,2024-04-14 10:38:49,COCINERO/A DE COLECTIVIDADES,Pamplona/Iruña,Navarra,Nos encontramos ante la búsqueda de un/a Cocinero/a preferiblemente con experiencia en el área de colectividades para cubrir un turno de 40 horas semanales.,09/04/2024,573481,,,"Buscamos a un/a persona con sentido de excelencia, pasión por la gastronomía y alto sentido de compromiso. Contar con experiencia como cocinero/a, especialmente en sector de la restauración colectiva en sector sanitario. Alta capacidad de trabajo y autonomía. Limpieza de los utensilios y participación en el tren de lavado. Gran capacidad de organización al estar gran parte del servicio solo.",,,,,,,https://www.infojobs.net/pamplona/cocinero-colectividades-pamplona/of-i277aaff7a74b1a8717ece5617f7467,1,
2,2024-04-14 10:38:49,MECANICO/A CARRETILLAS ELEVADORAS,"Noain, Valle De Elorz",Navarra,"Concesionario oficial para Navarra, marca CESAB,en plena expansion y continuo crecimiento, busca profesional para su departamento de Servicio Tecnico en Navarra, para la reparacion y mantenimiento de carretillas tanto en taller como en casa del cliente",09/04/2024,573480,,,"Se requiere Formacion mininma en grado medio o superior en electromecanica, automocion o similar. IMPRESCINDIBLE EXPERIENCIA DEMOSTRABLE EN EL SECTOR O SIMILAR.",,,,,,,https://www.infojobs.net/noain-valle-de-elorz-noain-elortzibar/mecanico-carretillas-elevadoras/of-i9de2c716f14cf3a38bb99b6a8fb981,1,
2,2024-04-14 10:38:49,MONTADOR/A ELÉCTRICO / MECÁNICO/A,Oñati,Gipuzkoa,"Seleccionamos un/a MONTADORES/AS, para una empresa importante del sector del metal ubicada en Oñati.Tus funciones serán las siguientes: Montaje de estructuras metálicas. Montaje eléctrico y/o mecánico. Uso de herramienta manual. Interpretación de planos.",09/04/2024,573479,,,Conocimientos de interpretación de planos. Experiencia en montaje de estructuras metálicas. Uso de herramientas manuales,,,,,,,https://www.infojobs.net/onati/montador-electrico-mecanico-onati/of-if6cb7fbf964d7fa9f848f17d90824b,1,
2,2024-04-14 10:38:49,RECURSO PREVENTIVO ( IMPRESCINDIBLE FORMACIÓN PROFESIONAL EN PRL),Bilbao,Bizkaia,"Precisamos incorporar un/a recurso preventivo. Podrá desarrollarse como recurso preventivo, y trabajará con contratistas importantes a nivel nacional, de mano de nuestros mejores jefes de equipo como formadores.",09/04/2024,573478,,,Titulación finalizada u homologada en FP superior o medio de PRL. Tener experiencia de al menos 1 años como recurso preventivo en obra. Tener disponibilidad inmediata. Disponer de carnet de conducir y posibilidad de desplazarse. Disponibilidad para trabajar de noche y fines de semana (cuando fuese necesario).,,,,,,,https://www.infojobs.net/bilbao/recurso-preventivo-imprescindible-formacion-profesional-prl/of-i0e02eeff544ccc97900c9297c26015,1,
2,2024-04-14 10:38:49,ODONTOLOGO/A,Bilbao,Bizkaia,"Clínica dental en Bilbao selecciona odontólogo con experiencia para trabajar días alternos. Buscamos un profesional que quiera formar parte de un equipo estable de trabajo, con disponibilidad para trabajar dias alternos y con experiencia en todo tipo de tratamientos. Condiciones negociables en función de experiencia.",09/04/2024,573477,,,Experiencia mínima de tres años,,,,,,,https://www.infojobs.net/bilbao/odontologo/of-i80b6baa10942d0b197ca3d906e5746,1,
2,2024-04-14 10:38:49,GESTIÓN DE SERVICIOS,Logroño,Rioja (La),"Actualmente, queremos incorporar a nuestro equipo un/a gestor/a de servicios en el centro asistencial de Logroño, valoramos un año mínimo de experiencia, pero también puede encajar tu perfil si te acabas de graduar y dispones de conocimientos básicos, ya que podrás desarrollar tu talento.",09/04/2024,573476,,,"Grado o licenciatura en ADE, economía o similar. Experiencia mínima de 1 año en posiciones similares.",,,,,,,https://www.infojobs.net/logrono/gestion-servicios/of-ie83fdf37dd43a48917197c6e777fb0,1,
2,2024-04-14 10:38:49,CONSULTOR/A FUNCIONAL EN ADMINISTRACIÓN ELECTRÓNICA EN AAPP LOCALES,Bilbao,Bizkaia,Buscamos incorporar en nuestro equipo un/a Consultor/a especializado en administración electrónica en AAPP locales.,09/04/2024,573475,,,"Conocimientos de normativa relativa a Administración electrónica, en especial sobre las Leyes 39/2015 y 40/2015. Experiencia en proyecto de administración electrónica en AAPP Locales. Capacidad de organización y trabajo en equipo. Buena capacidad de comunicación hablada y escrita. Excelente capacidad de redacción.",,,,,,,https://www.infojobs.net/bilbao/consultor-funcional-administracion-electronica-aapp-locales/of-ia1ff9c43ae4077af0d11e22b3e51e0,1,
2,2024-04-14 10:38:49,CONDUCTOR/A FURGONETA,Vitoria-Gasteiz,Araba/Álava,"Precisamos incorporar para empresa ubicada en Vitoria-Gasteiz, CONDUCTOR/A DE FURGONETA. Para ruta en Vitoria y decarga de materiales.",09/04/2024,573474,,,La persona seleccionada deberá tener experiencia como conductor de furgoneta. Carnet B en vigor.,,,,B,,,https://www.infojobs.net/vitoria-gasteiz/conductor-furgoneta/of-i45e0f2f19d48bb83c734e6b3e54798,1,
2,2024-04-14 10:38:49,JEFE/A DE SECTOR,Sestao,Bizkaia,"Empresa líder en la comercialización de materiales de la construcción y reforma del hogar, precisa cubrir un puesto de Jefe/a de Sector en uno de sus centros de Bizkaia, reportando al Director/a del centro.",09/04/2024,573473,,,"Ciclo formativo Grado Superior o Grado Universitario, preferentemente relacionados con el mundo de la reforma o de la construcción. Acostumbrados/as a liderar equipos de vendedores/as. Pasión por el comercio y la venta. Experiencia demostrable en la gestión de espacios comerciales y en la coordinación de equipos. Habituado/a a trabajar bajo presión. Etc.",,,,,,,https://www.infojobs.net/sestao/jefe-sector.-obramat-bizkaia/of-i1fe81185d1447e90838d3aee5de002,1,
2,2024-04-14 10:38:49,TÉCNICO/A DE MONTAJE,Gabiria,Gipuzkoa,Importante empresa de calderería gruesa necesita incorporar a un/a técnico/a de montaje para preparar y ensamblar estructuras y carcasas de maquinaria.,09/04/2024,573472,,,Grado medio o superior. Conocimiento en interpretación de planos. Experiencia de al menos 5 años en laborales de montaje de calderería gruesa. Conocimiento en soldadura semiautomática,,,,,,,https://www.infojobs.net/gabiria/tecnico-montaje/of-ic49874fb0347748b14b54adeac79d2,1,
2,2024-04-14 10:38:49,OPERARIO/A INDUSTRIAL,Artea,Bizkaia,"Se selecciona para cliente ubicado en el Valle de Arratia, personal para el area de producción. Realizarás funciones de conexionado y montaje de piezas.",09/04/2024,573471,,,Experiencia en entorno industrial. Se valorará tener diploma en carretilla y grua puente. Disponibilidad inmediata,,,,,,,https://www.infojobs.net/artea/operario-industrial/of-i0b18642dec4f45b93bfc5cd50fde31,1,
2,2024-04-14 10:38:49,SOLDADOR/A DE MANO,Zierbena,Bizkaia,"Preparación e inspección de material. Manejo de puente grúa, imanes de gran tonelaje, cadenas, eslingas y otros medios de izado específicos. Manejo de viradores. Escarnar soldadura con arco aire o radial según profundidad y tipo de defecto. Preparación chapa. Calentamiento. Etc.",09/04/2024,573470,,,"De 1 a 7 años de experiencia en las tareas descritas anteriormente, Experiencia en Semiautomática de hilo tubular. Radial, corte hilo y corte fríos. Experiencia demostrable con soldadura en posición vertical y cornisa. Vehículo propio",,,,,,,https://www.infojobs.net/zierbena/soldador-mano/of-i2a25c153f3426b9e3125db4676fca0,10,
2,2024-04-14 10:38:49,SOLDADOR/A DE ARCO SUMERGIDO/A (SAW),Zierbena,Bizkaia,¡Queremos incorporar un/a Soldador/a de Arco Sumergido a nuestro equipo,09/04/2024,573469,,,1 año de experiencia en puesto similar. Disponibilidad inmediata. Posibilidad de trabajar a turnos rotativos. Formación en arco sumergido. Experiencia con semiautomática.,,,,,,,https://www.infojobs.net/zierbena/soldador-arco-sumergido-saw/of-ie2243b8f224dd0b4230c6d51aad8e0,10,
2,2024-04-14 10:38:49,RECTIFICADOR/A,Elgoibar,Gipuzkoa,Interpretación de planos. Preparación de maquinaria y cambio de herramientas. Control de calidad autónoma,09/04/2024,573468,,,Interpretación de planos. Preparación de maquinaria y cambio de herramientas. Control de calidad autónoma. Experiencia en rectificado minino 4 años.,,,,,,,https://www.infojobs.net/elgoibar/rectificador/of-i07a26ab7534d209b7e0bac55c0c2bb,2,
2,2024-04-14 10:38:49,DESARROLLO DE NEGOCIO - COMERCIAL EN EMPRESA DE INGENIERÍA,Pamplona/Iruña,Navarra,"Empresa de ingeniería ubicada en Pamplona, selecciona una persona que asuma las responsabilidades de Desarrollo de negocio / Comercial.",09/04/2024,573467,,,"Experiencia de 5 años en un puesto similar. Formación en ingeniería, valorable electrónica. Formación relacionada con el ámbito comercial. Alto nivel de inglés. Habilidades sociales y de comunicación. Capacidad de adaptación a distintos perfiles. Negociación. Atención al detalle. Coordinación con el equipo",,,,,,,https://www.infojobs.net/pamplona-iruna/desarrollo-negocio-comercial-empresa-ingenieria/of-i598c2a9ad64ec3b39a19224323e82f,1,
2,2024-04-14 10:38:49,TECNICO/A DE CONTROL DE PLAGAS,Pamplona/Iruña,Navarra,Buscamos un perfil de Técnico de Control de Plagas que realice los trabajos en nuestros clientes de PAMPLONA. FUNCIONES: Realizar las inspecciones y las aplicaciones para cada cliente asignado. Asesorar a los clientes sobre las dudas técnicas que les puedan plantear. Realizar los tratamientos programados o puntuales que sean necesarios a los clientes de su cartera asignada.,09/04/2024,573466,,,Certificado de profesionalidad nivel 2 para el control de plaga. Carnet de conducir.,,,,,,,https://www.infojobs.net/pamplona-iruna/tecnico-control-plagas-pamplona/of-i85260820f6476b9f48ad05b485468a,1,
2,2024-04-14 10:38:49,CARRETILLERO/A,,Bizkaia,Seleccionamos 2 carretilleros para incorporar en una empresa situada en en Txorierri Se requiere experiencia tanto en tareas de almacén como de producción. Imprescindible poseer carnet de carretillero. Contrato de larga duración. Incorporación inmediata.,09/04/2024,573465,,,,,,,,,,https://www.infojobs.net/derio/carretillero/of-iabcb9c618646819f78da2627d2604a,2,
2,2024-04-14 10:38:49,PROGRAMADOR/A SENIOR .NET.,Bilbao,Bizkaia,precisa incorporar un/a Programador Senior .Net,09/04/2024,573464,,,"Requisitos mínimos (Nivel muy alto con amplia experiencia demostrable): Visual Basic 6.0 (requerido). SQL server (requerido). Desarrollo Web en ASP .NET con herramientas HTML5. Desarrollo de Servicios Web con herramientas .Net (VB, C#, etc).",,,,,,,https://www.infojobs.net/bilbao/programador-senior-.net./of-i28643a6875498184e346b5cf06b797,1,
2,2024-04-14 10:38:49,REPARTIDOR/A CON CARNET C + ADR,Larrabetzu,Bizkaia,Estamos buscando repartidor (H/M/X) con Carnet C + ADR para reparto por Bizkaia. El horario es de 6 a 14 o de 7 a 15h.,09/04/2024,573463,,,Se requiere el carnet de conducir C +ADR. Disponibilidad inmediata.,,,,C,,,https://www.infojobs.net/larrabetzu/repartidor-con-carnet-c-adr-h-m-x/of-ib16c24d6e3438f85f964c53efc715d,2,
2,2024-04-14 10:38:49,CAMARERO/A (EXTRAS CONTINUADOS),Getxo,Bizkaia,"Nos encontramos en busca de CAMARERO/A, para GETXO",09/04/2024,573462,,,"Te contamos los principales requerimientos y otras habilidades de la posición: Experiencia previa en servicios de comedor, barra y sala. Carnet de manipulación de alimentos en vigor. Disponibilidad para hacer extras continuados",,,,,,,https://www.infojobs.net/getxo/camarero-extras-continuados/of-i3457d8c4664f598a271417271a9398,2,
2,2024-04-14 10:38:49,TÉCNICO/A DE LOGÍSTICA,Eibar,Gipuzkoa,Estamos en la búsqueda de un/a Técnico/a de Logística para empresa líder en la fabricación de compresores. Las funciones de ésta posición son: Gestión de transporte internacional. Gestión de navieras. Gestión de exportaciones e importaciones. Preparación y envío de documentación previa a expedición. Contacto con departamentos internos. Etc.,09/04/2024,573461,,,"Necesitamos que tengas buen nivel de Inglés, siendo valorable cualquier idioma adicional.",,,,,Idiomas requeridos Inglés,,https://www.infojobs.net/eibar/tecnico-logistica-eibar/of-i26fba84854454c8797739535ab8dfc,1,
2,2024-04-14 10:38:49,INGENIERO/A DE PROYECTOS,Pamplona/Iruña,Navarra,"Seleccionamos un/a Ingeniero/a de Proyectos para importante empresa multinacional del sector de automoción, situada en Pamplona.",09/04/2024,573460,,,"-Imprescindible Ingeniería Técnica o Superior preferiblemente mecánica. Imprescindible 3 años de experiencia en puesto similar como Ingeniero de Proyectos/Procesos en entorno multinacional, valorándose provenir del Sector Automoción o afín al mismo. Imprescindible nivel alto de Inglés (B2 C1). Disponibilidad para viajar. Etc.",,,,,Idiomas requeridos Inglés,,https://www.infojobs.net/pamplona-iruna/ingeniero-proyectos-ref.-2468/of-i2514677b2f4287ad4dcb3029fa9c3f,1,
2,2024-04-14 10:38:49,ELECTRICISTA,Iurreta,Bizkaia,Oficial de 1ª con experiencia en instalaciones eléctricas y montaje. Posibilidad de crecimiento y promoción interna. Se valora conocimiento en instalaciones Fotovoltaicas y domótica. Imprescindible carnet de conducir.,09/04/2024,573459,,,"Carnet de conducir, formación en seguridad y salud 20h o 60h",,,,,,,https://www.infojobs.net/iurreta/electricista/of-i380046bfc948299f5521b0bbbda317,1,
2,2024-04-14 10:38:49,SEGUNDO/A DE COCINA,Donostia/San Sebastián,Gipuzkoa,Seleccionamos 2º JEFE DE COCINA para uno de nuestros establecimientos de la Parte Vieja donostiarra.,09/04/2024,573458,,,Experiencia previa como segundo/a de cocina o jefe/a de partida. Flexibilidad y disponibilidad para trabajar en horarios partidos y continuos. Interés y ganas de afrontar nuevos retos y oportunidades. Gestión de equipos y capacidad de liderazgo. Se valorarán estudios en cocina.,,,,,,,https://www.infojobs.net/donostia-san-sebastian/segundo-cocina/of-i4e92c1b44044f689504410a9df37fa,1,
2,2024-04-14 10:38:49,OPERARIO/A PRODUCCION ALIMENTACION,Beriain,Navarra,"estamos en pleno proceso de selección de personal para incorporar en una empresa del sector alimentación ubicada en la comarca de Pamplona. Tus funciones serán trabajo de línea, empaquetado, paletización, tratamiento de alimentos, etc.",09/04/2024,573457,,,Disponibilidad de incorporación inmediata. Experiencia previa en empresas del sector alimentación. Capacidad de resolución de incidencias. Valorable carné de carretilla en vigor,,,,,,,https://www.infojobs.net/beriain/operario-produccion-alimentacion-h-m-x/of-i44896b69704116aed16f133cc80a2a,1,
2,2024-04-14 10:38:49,OPERARIO/A FUNDICIÓN (SECTOR AERONÁUTICO),Eibar,Gipuzkoa,Se busca Operario de Fundición para empresa del sector aeronáutico ubicada en Eibar.La persona seleccionada,09/04/2024,573456,,,"Se requiere Formación Profesional de Grado Medio (Sector Industrial), experiencia previa en puestos de taller y disponibilidad inmediata.",,,,,,,https://www.infojobs.net/eibar/operario-fundicion-sector-aeronautico/of-i527392037d409ebfc54ffdfb5372e8,1,
2,2024-04-14 10:38:49,INGENIERO/A ELÉCTRICO - INSTALACIONES ALTA TENSIÓN,Bilbao,Bizkaia,Se necesita para trabajar en Bilbao un Ingeniero Eléctrico con experiencia en instalaciones de alta tensión. Inglés fluido hablado. Experiencia mínima de 10 años. Incorporación inmediata.,09/04/2024,573455,,,,,,,,Idiomas requeridos Inglés,,https://www.infojobs.net/bilbao/ingeniero-electrico-instalaciones-alta-tension/of-i3acbb59e814eae9c367743a39581fb,1,
2,2024-04-14 10:38:49,COCINERO/A - HOTEL,Bilbao,Bizkaia,"Preparar todas las recetas en base a las fichas técnicas de la rueda de menús establecida. Responsabilizarse del buen funcionamiento de la cocina ante el/la Jefe/a de Cocina. Colaborar en la gestión de costes e inventarios, así como en las compras. Colaborar en la realización de los procesos de limpieza, conservación, cocinado, regeneración y reposición de los alimentos. Etc.",09/04/2024,573454,,,"Ciclo Formativo de Grado Superior en Cocina y Gastronomía, Curso APPCC. Experiencia mínima de 1 año en puesto similar. Se valorarán conocimientos en: Hostelería. Capacidad para trabajar en equipo. Creatividad. Tolerancia al estrés. Capacidad de resolución de posibles imprevistos. Meticulosidad en la realización de las tareas.",,,,,,,https://www.infojobs.net/bilbao/cocinero-hotel-barcelo-bilbao-nervion/of-i4d2096fd004742b2c392071bab1815,1,
2,2024-04-14 10:38:49,COCINERO/A,Logroño,Rioja (La),"Necesitamos cocinero si eres proactivo , dinámico y te gusta trabajar en equipo este es tu sitio.Persona responsable que busque estabilidad , empresa consolidada con protocolos estandarizados.",09/04/2024,573453,,,Saber Trabajar en equipo. Conocimientos de cocina. Proactividad y dinamismo.,,,,,,,https://www.infojobs.net/logrono/cocinero-indefinido-jornada-completa-taberna-logrono/of-iafe1bf70464905bc3832559c21e003,1,
2,2024-04-14 10:38:49,JEFE/A DE OBRA,Galdakao,Bizkaia,"Buscamos un Jefe de Obra con experiencia contrastable en empresas de reformas de viviendas y locales, rehabilitación y edificación de viviendas unifamiliares.",09/04/2024,573452,,,"Buena Presencia. Acostumbrado al trato con dirección facultativa y clientes. Formación como arquitecto técnico o similar, o experiencia mínima de 5 años como jefe de obra en empresa de construcción.",,,,,,,https://www.infojobs.net/galdakao/jefe-obra/of-ieded69b92445c9a1d9fb9f6f1a6e11,1,
2,2024-04-14 10:38:49,AYUDANTE DE DEPENDIENTE/A,Oiartzun,Gipuzkoa,Estamos buscando una persona dinámica para el puesto de Ayudante de dependiente/a en nuestra tienda ubicada en Oiartzun. En esta posición te encargarás de: Atender a lxs clientxs en mostrador y asesorarles en su compra. Organizar y exhibir la mercancía para mantener el stock al día.,09/04/2024,573451,,,"Control de tienda, Venta al detalle. Interés por las Tendencias de moda y habilidad para asesorar a lxs clientxs. Capacidad de análisis y organización. Orientación al servicio y al detalle. Experiencia previa en Venta de moda será valorada.",,,,,,,https://www.infojobs.net/oiartzun/ayudante-dependiente/of-i108fcbf1084f12959b29adb0e4aeaf,2,
2,2024-04-14 10:38:49,ENCARGADO/A DE EQUIPO DE LIMPIEZA,Bilbao,Bizkaia,Estamos en la búsqueda de un/a Supervisor/a de Limpieza para servicios ferroviarios para la zona de Bizkaia.,09/04/2024,573450,,,"Formación mínima de Grado Medio. Experiencia mínima de 3 años en funciones de Encargado/a en servicios de limpieza, gestión de equipos y tareas administrativas. Disponibilidad completa, con posibilidad de viajar a nivel nacional y de pernoctar cuando surja la necesidad. Carnet B. Conocimientos básicos de RRHH. Etc.",,,,B,,,https://www.infojobs.net/bilbao/encargado-equipo-limpieza/of-i4be64503ae45f1b749837205c234d7,1,
2,2024-04-14 10:38:49,TECNICO/A DE CALIDAD,Eskoriatza,Gipuzkoa,"Dependiendo del Jefe de Calidad se encargará de la materialización de los trabajos delegados por él en el ámbito de la planificación avanzada de la calidad, aseguramiento de la calidad, elaboración de planes de control, útiles de control, auditorías, diseño y homologación de ensayos no destructivos y participación activa en la resolución de las No Conformidades en materia de calidad, etc.",09/04/2024,573449,,,Ingeniería Técnica Industrial ó Ingeniería Superior. Inglés hablado y escrito. Euskera nivel alto. Se valorará la experiencia en áreas de Calidad. Disponibilidad para trabajar en otras plantas del Grupo. Disponibilidad para viajar a las plantas del extranjero,,,,,Idiomas requeridos Euskera Inglés,,https://www.infojobs.net/eskoriatza/tecnico-calidad/of-ie92d9ecb584cac96c596ae1f7bc1cc,2,
2,2024-04-14 10:38:49,FONTANERO/A CON CONOCIMIENTOS DE ALBAÑILERIA,Donostia/San Sebastián,Gipuzkoa,Se buscan fontanero/albañil para solución de pequeñas incidencias en reformas de baños. NECESARIO CARNET DE CONDUCIR.,09/04/2024,573448,,,"Conocimientos para la realización de CAMBIOS DE BAÑERA POR PLATOS DE DUCHA. Saber conexionar la válvula del plato, modificación de tomas de agua, y conocimientos para la realización de las reformas de baños integrales.",,,,,,,https://www.infojobs.net/donostia-san-sebastian/fontanero-con-conocimientos-albanileria.-guipuzkoa/of-i67caf5381f408994e4482c484cf5af,1,
2,2024-04-14 10:38:49,PANADERO/A,Donostia/San Sebastián,Gipuzkoa,Donostiko Okindegi baten dendari lanerako persona bat behar dugu egun erdiko lan aldirako. Helburua ogia eta opilak dendara atera eta saltzea.,09/04/2024,573447,,,,,,,,,,https://www.infojobs.net/donostia-san-sebastian/panadero/of-ie1f67c78e5464081342bb0675d0f9b,1,
2,2024-04-14 10:38:49,INGENIERO/A ELECTROMECÁNICO,Pamplona/Iruña,Navarra,Seleccionamos Ingeniero/a Eléctrico para Grupo Empresarial Industrial y con localización en las proximidades de Pamplona.,09/04/2024,573446,,,"Imprescindible Grado en Ingeniería, con especialización en eléctrica, electromecánica. Imprescindible aportar mínimo 1-2 años de experiencia profesional en posición equivalente, valorándose contar con experiencia en empresas especializadas en diseño, fabricación y montaje de cableado. Imprescindible utilización de programas de diseño: Autocad, ¿ Etc.",,,,,,,https://www.infojobs.net/pamplona-iruna/ingeniero-electromecanico-ref.-2502/of-i1cbaba5d4d420caa3f19e1a114f195,1,
2,2024-04-14 10:38:49,JEFE/A DE ADMINISTRACIÓN,Santander,Cantabria,"Seleccionamos un/a jefe/a de administración para una institución ubicada en Santander. Buscamos una persona cuyo propósito va a ser supervisar las áreas administrativo/a, contable y fiscal. Si eres una persona meticulosa, organizada y la capacidad analítica es tu fuerte, queremos conocerte.",09/04/2024,573445,,,Deberás tener formación universitaria en Economía y/o Derecho. Deberás acumular experiencia equivalente de al menos 5 años.,,,,,,,https://www.infojobs.net/santander/jefe-administracion/of-i769b05573549b496630c871ec7c073,1,
2,2024-04-14 10:38:49,LIMPIADOR/A DOMÉSTICO,Zizurkil,Gipuzkoa,Se busca persona para el puesto de Limpiador/a doméstico/a en una casa particular en Zizurkil (arriba).,09/04/2024,573444,,,Coche propio ya que la casa se encuentra en una zona rural. Experiencia previa en tareas y limpiezas de hogar,,,,,,,https://www.infojobs.net/zizurkil/limpiador-domestico/of-i7dec8b5c7c417180839f63ec165df1,1,
2,2024-04-14 10:38:49,TÉCNICO/A ELECTRICISTA,Aranguren,Navarra,"Instalación y mantenimiento de sistemas de protección contra incendios (detección de incendios y monóxido, alumbrado de emergencia, etc).",09/04/2024,573443,,,Curso Básico PRL. Conocimientos Sistemas de Detección. Formación en alturas y elevadoras.,,,,,,,https://www.infojobs.net/aranguren/tecnico-electricista/of-i0d053fa3824cf8aeb03723280cc713,1,
2,2024-04-14 10:38:49,LIMPIADOR/A,Lesaka,Navarra,Se necesita limpiador/a en Lesaka. Imprescindible coche. Horario : de 06:30 a 13:30 de lunes a viernes,09/04/2024,573442,,,,,,,,,,https://www.infojobs.net/lesaka/se-necesita-limpiador-lesaka/of-i78ebe31f6545cc8da0f714757bca6d,1,
2,2024-04-14 10:38:49,CARRETILLERO/A DE ALMACÉN,Elgoibar,Gipuzkoa,"Tus funciones consistirán en realizar la carga/descarga de camiones, la preparación de pedidos, de manejar la báscula cuentapiezas y de manipular herramientas informáticas.",09/04/2024,573441,,,Experiencia como carretillero/a. Experiencia en el almacén.,,,,,,,https://www.infojobs.net/elgoibar/carretillero-almacen-elgoibar-30.000/of-if8915b05044845993bb69570bf0a5f,1,
2,2024-04-14 10:38:49,TÉCNICO/A MANTENIMIENTO MECÁNICO (CUARTO EQUIPO),Vitoria-Gasteiz,Araba/Álava,Se selecciona para importante empresa industrial y en expansión ubicada en los alrededores de Vitoria un/a técnico/a de mantenimiento mecánico que se ocupe del mantenimiento tanto preventivo como correctivo de la planta en los diferentes turnos correspondientes.,09/04/2024,573440,,,Formación rama industrial. Grado Medio o Superior en el área de mantenimiento. Experiencia mínima un año en empresa industrial como Técnico/a Mantenimiento rama mecánica. Disponibilidad inmediata para trabajar en el CUARTO EQUIPO.,,,,,,,https://www.infojobs.net/vitoria/tecnico-mantenimiento-mecanico-cuarto-equipo/of-i3ca5d945ba4f22b3fb66967f09a381,1,
2,2024-04-14 10:38:49,PINTOR/A DEPARTAMENTO CARROCERÍA DE VEHÍCULOS,Barakaldo,Bizkaia,"Se precisa incorporar pintor de vehículos turismos e industrial ligero. Sus principales funciones serán, preparar los vehículos para pintar, aplicar la pintura, pulir y realizar el acabado final para entregar al cliente.",09/04/2024,573439,,,"Se busca persona con experiencia en pintura de vehículos, con ganas de trabajar, iniciativa, ordenado y proactivo. Experiencia mínima de 3 años.",,,,,,,https://www.infojobs.net/barakaldo/pintor-departamento-carroceria-vehiculos/of-i2b8db2c8d048d79afa12900d69905c,1,
2,2024-04-14 10:38:49,COMERCIAL CON EXPERIENCIA EN CONSTRUCCIÓN,Astigarraga,Gipuzkoa,"seleccionamos para empresa distribuidora de materiales de construcción, una persona para trabajar como comercial del gremio. Imprescindible aportar experiencia en empresas de construcción o de venta de materiales para el gremio.",09/04/2024,573438,,,Grandes dotes comerciales. Experiencia en empresas de construcción o suministros. Interés por desplazarse por Guipuzcoa. Carnet de conducir.,,,,,,,https://www.infojobs.net/astigarraga/comercial-con-experiencia-construccion/of-i1fbad546344d788fde3cc9152f7f3b,1,
2,2024-04-14 10:38:49,OPERARIO/AS DE PRODUCCIÓN,Reocin,Cantabria,Estamos buscando perfiles de Operario/as de producción para una importante empresa del sector químico situada en Reocín.,09/04/2024,573437,,,Experiencia de 2 años como operario de producción. Valorable estar en posesión de carne de carretilla actualizado (que no haya transcurrido más de cinco años desde su finalización). Muy valorable experiencia en alguno de los puestos concretados en la oferta. Valorable experiencia en industria del convenio químico.,,,,,,,https://www.infojobs.net/reocin/operario-produccion/of-i29ad4cbd3640bca7dd0ea68e616c99,10,
2,2024-04-14 10:38:49,OPERARIO/A MECANIZADO.,Vitoria-Gasteiz,Araba/Álava,"Buscamos para empresa situada en polígono industrial cercano a Vitoria una persona que realice labores de mecanizado, operando las máquinas y las herramientas, así como verificando el producto obtenido cumpliendo tanto con las especificaciones de calidad y seguridad como de protección ambiental.",09/04/2024,573436,,,"Para esta posición se necesita formación profesional en mecanizado, experiencia en el área, inquietud por aprender cosas nuevas y capacidad de adaptación.",,,,,,,https://www.infojobs.net/vitoria-gasteiz/operario-mecanizado./of-i246bb2bc974771b572469d9bdb4650,1,
2,2024-04-14 10:38:49,TORNERO/A CNC + TORNERO/A CONVENCIONAL,Igorre,Bizkaia,"Estamos buscando una persona para cubrir dos puestos, uno como tornero oficial de 1ª CNC Fagor y otro como Tornero Convencional, para una empresa dedicada al sector del metal en la zona de Igorre. FUNCIONES: Uso de torno CNC Fagor 8060 con programación en máquina. Uso de torno Convencional. Fabricación de piezas unitarias de tamaño medio/grande.",09/04/2024,573435,,,,,,,,,,https://www.infojobs.net/igorre/tornero-cnc-tornero-convencional/of-i927dcfa0694f49b129034a2701809c,2,
2,2024-04-14 10:38:49,JEFE/A DE OBRA ACTIVOS INMOBILIARIOS,Logroño,Rioja (La),"Buscamos una/un Técnica/Técnico ubicado en La Rioja, cuya misión será coordinar la correcta ejecución, en forma, plazo y calidad, de los trabajos de mantenimiento, preventivo, correctivo o adecuaciones, asignados por su coordinador de zona según capacidades y experiencia.",09/04/2024,573434,,,,,,,,,,https://www.infojobs.net/logrono/jefe-obra-activos-inmobiliarios-logrono/of-i54f66a267f46a8bbad1f09b2e43eac,1,
2,2024-04-14 10:38:49,AUXILIAR ADMINISTRATIVO/A,Galdakao,Bizkaia,"Buscamos la incorporación inmediata de un/a auxiliar administrativo con experiencia en el sector de la construcción, formación universitaria en LADE o similar, y con al menos 3 años de experiencia. Re",09/04/2024,573433,,,Conocimientos básicos de contabilidad. Conocimientos básicos de fiscalidad. Conocimientos de facturación. Conocimientos de RRHH. Experiencia utilizando SAGE. Habituado/a a utilizar Excel (tablas dinámicas). Muy valorable conocimientos de Presto. Habituado/a a tratar con clientes y proveedores. Conocimientos de gestión de cobros y pagos (banca electrónica).,,,,,,,https://www.infojobs.net/galdakao/auxiliar-administrativo/of-ic7ca0bdc5e4fbe85319062d9d95d9f,1,
2,2024-04-14 10:38:49,COMERCIAL CENTRO EUROPA,Arnedo,Rioja (La),"Importante empresa de la zona de La Rioja Baja perteneciente al sector del auxiliar del calzado, ortopedia y tejidos técnicos, necesita incorporar a su plantilla un Comercial de Exportación para Centro Europa.",09/04/2024,573432,,,Imprescindible experiencia de al menos 2 años en el área comercial y ventas.,,,,,,,https://www.infojobs.net/arnedo/comercial-centro-europa/of-i8140fa791a4a4e8571a4724fc94996,1,
2,2024-04-14 10:38:49,TÉCNICO/A COMERCIAL,Bergara,Gipuzkoa,"Importante empresa situada en Debagoiena con equipo joven y gran proyección a futuro busca incorporar a un/a comercial con iniciativa, implicación y capacidad de comunicación. Las funciones a realizar son la prospección del mercado, la fidelización de clientes actuales, la captación de nuevos clientes etc.",09/04/2024,573431,,,Fluidez en euskera y castellano. Formación en ADE o similar.,,,,,,,https://www.infojobs.net/bergara/tecnico-comercial/of-i28a387fbcc47e2a19d9eae1a8154ba,1,
2,2024-04-14 10:38:49,ASESOR/A DE VEHÍCULOS,Barakaldo,Bizkaia,"Se precisa incorporar asesor para la recepción activa de vehículos. Tareas a realizar: recepción y entrega de vehículos a reparar en taller, trato con el cliente, atención telefónica, codificación de los trabajos realizados y uso de los programas informáticos específicos de la concesión.",09/04/2024,573430,,,"Persona con experiencia en la recepción de taller, codificación, trato con el cliente, conocimientos informáticos y carnet de conducir B. Con ganas de trabajar, iniciativa y proactivo.",,,,B,,,https://www.infojobs.net/barakaldo/asesor-vehiculos/of-i8b7fa466ae4ba5be51398ca0a95071,1,
2,2024-04-14 10:38:49,MONTADOR/A DE ESTRUCTURAS METÁLICAS,Aoiz/Agoitz,Navarra,Se precisa incorporar un MONTADOR/-A para importante empresa ubicada en AOIZ. Funciones: Montaje de módulos prefabricados,09/04/2024,573429,,,Experiencia en puesto similar. Disponibilidad de incorporación inmediata. Vehículo propio con disponibilidad para viajar. Manejo de herramienta manual. Carné grúa torre.,,,,,,,https://www.infojobs.net/aoiz-agoitz/montador-estructuras-metalicas/of-i8d93532eb348a09d8d19ca454c494c,1,
2,2024-04-14 10:38:49,ALMACENERO/A,Basauri,Bizkaia,Seleccionamos un/a almacenero/a para empresa ubicada en Basauri,09/04/2024,573428,,,"Necesitamos candidato acostumbrados a trabajar con términales de control de stock, y con experiencia en puestos de almacen. Imprescindible experiencia con carretilla elevadora y carnet de carretillero. Se valorará muy positivamente la posesión de carnet C1 (carnet de primera)",,,,C1,,,https://www.infojobs.net/basauri/almacenero/of-i3d0652df094452b3fa24dff33ef466,1,
2,2024-04-14 10:38:49,TÉCNICO/A EXPORTACIÓN,Pamplona/Iruña,Navarra,"Seleccionamos un/a Técnico/a Exportación para importante grupo empresarial del sector industrial, situado en las proximidades de Pamplona. Dependiendo del Responsable Comercial, se encargará de gestionar y mantener la cartera de clientes, impulsando cuantas acciones comerciales sean necesarias para su desarrollo.",09/04/2024,573427,,,"Imprescindible grado en Comercio, ADE o similar. Valorable Máster en Comercio Exterior. Imprescindible aportar mínimo experiencia profesional (1-2 años) en posición similar, preferiblemente en sector industrial. Imprescindible disponibilidad para viajar. Imprescindible inglés nivel avanzado C1, valorándose otros idiomas (francés o alemán)",,,,,Idiomas requeridos Inglés,,https://www.infojobs.net/pamplona-iruna/tecnico-exportacion-ref.2484/of-i559f62b2514e4daafb246f10ca8dcc,1,
2,2024-04-14 10:38:49,TÉCNICO/A CALIBRACIONES IN SITU (JUNIOR),Zamudio,Bizkaia,"En estos momentos estamos llevando a cabo un proceso de selección, por ampliación de plantilla, la incorporación de un/a candidato/a para la posición de Técnico/a de Calibraciones, con zona de actuación en País Vasco y con base en Zamudio.",09/04/2024,573426,,,"Formación en CFGS en electrónica y electricidad. Disponibilidad para viajar y realizar desplazamientos para trabajar In Situ en casa del cliente. Carnet de conducir (B), y vehículo propio. Conocimientos en Electrónica y Electricidad y HVAC. Disponibilidad de incorporación inmediata. Manejo del paquete Office a nivel usuario.",,,,B,,,https://www.infojobs.net/zamudio/tecnico-calibraciones-in-situ-junior/of-i37ca7417304d01a238c7ec3fe6e4ea,1,
2,2024-04-14 10:38:49,ADMINISTRATIVO/A LOGÍSTICA,Zamudio,Bizkaia,seleccionamos una persona con dilatada experiencia como administrativo/a de logística con el objetivo de mejorar la experiencia del cliente.,09/04/2024,573425,,,"Aportar experiencia de al menos 4 años desarrollando las mismas funciones. Tener altos conocimientos de inglés sobre todo escritos, para la comunicación con los clientes. Ser una persona con habilidades para la comunicación y el trabajo en equipo. Tener conocimientos técnicos y manejar conceptos específicos de logística y expedición. Etc.",,,,,,,https://www.infojobs.net/zamudio/administrativo-logistica/of-i15316dca1f4de3937b736ea1d6b034,1,
2,2024-04-14 10:38:49,TÉCNICO/A - INSTALADOR/A DE SISTEMAS DE SEGURIDAD,Bilbao,Bizkaia,buscamos TÉCNICOS DE SISTEMAS DE SEGURIDAD PARA INSTALACIÓN Y MANTENIMIENTO con el fin de ofrecer soluciones y respuestas en el ámbito de la seguridad privada,09/04/2024,573424,,,Carnet de conducir B1. Disponibilidad para viajar.,,,,B1,,,https://www.infojobs.net/bilbao/tecnico-instalador-sistemas-seguridad-bilbao/of-ib22460e4a143f9856edc6e8dc5d7a6,1,
2,2024-04-14 10:38:49,INGENIERO/A MECANICO-PLANTAS TRATAMIENTO DE AGUAS (S),Bilbao,Bizkaia,"Definición de especificaciones de equipos mecánicos. Planificación de proyectos, coordinación interdepartamental, gestión documental. Control técnico de los proyectos y de la ingeniería en detalle. Elaboración de propuestas técnicas y estimación de costes. Trabajo en proyectos para la construcción de plantas de tratamiento de agua (ETAP, EDAR e IDAM). Etc.",09/04/2024,573423,,,"Formación en Ingeniería Mecánica, Química o Renovables. Conocimiento de equipamiento mecánico y electromecánico para plantas industriales y plantas de tratamiento de aguas (Bombas, Válvulas, Motores, Filtros, Equipos a presión). Conocimiento de normativa. Competencias para la realización de cálculos analíticos de justificación mecánica. Etc.",,,,,,,https://www.infojobs.net/bilbao/ingeniero-mecanico-plantas-tratamiento-aguas-s/of-i338c43439f443ba86b68bc08da817a,1,
2,2024-04-14 10:38:49,ADMINISTRATIVO/A,Logroño,Rioja (La),"Personas con experiencia en gestiones administrativas, y en atención al cliente, con excelente dominio de las habilidades comunicativas.",09/04/2024,573422,,,Ciclo Formativo Grado Superior/Grado universitario. Experiencia previa en gestiones administrativas. Estar habituado al seguimiento y control de incidencias. Manejo de herramientas informáticas,,,,,,,https://www.infojobs.net/logrono/administrativo/of-i3b2fabf9574ff3a9f59cdd67f66783,1,
2,2024-04-14 10:38:49,CAMARERO/A DE PISOS - AYUNDANTES DE COCINA,Santander,Cantabria,Estamos buscando perfiles de hostelería para importantes empresas del sector hotelero en Cantabria. Cuáles son las vacantes: Camarero/a de sala. Ayudante de cocina h/m. Camarero/a de barra. Camarero/a de pisos.,09/04/2024,573421,,,Experiencia minina de dos años en cualquier de los puestos vacantes,,,,,,,https://www.infojobs.net/santander/camarero-pisos-ayundantes-cocina-h-m/of-icaea42835b433386ee85363f48ebdc,1,
2,2024-04-14 10:38:49,CONDUCTOR/A GRÚA CARNET C,Logroño,Rioja (La),Buscamos un/a chófer con los siguientes requisitos: Carnet de camión y CAP. Tarjeta de tacógrafo. Disponibilidad para viajar en las provincias limítrofes a La Rioja. (No se duerme fuera de casa).,09/04/2024,573420,,,"C, CAP y Tarjeta de Tacógrafo",,,,C,,,https://www.infojobs.net/logrono/conductor-grua-carnet-c/of-i5fa15da0764e81afbe3d16d375aacf,1,
2,2024-04-14 10:38:49,JEFE/A DE TURNO,Altsasu/Alsasua,Navarra,Seleccionamos una persona para atención en JEFE (H/M) DE EQUIPO para empresa del sector del metal ubicada en ALSASUA.,09/04/2024,573419,,,"Experiencia previa de al menos 3 años. Formación de FPII o Ingeniería. Formación como recurso preventivo. Conocimientos sobre Microsoft Office.Persona organizada, que tenga capacidad de liderazgo y sea resolutiva.",,,,,,,https://www.infojobs.net/altsasu-alsasua/jefe-turno-h-m/of-ieafb98cfe1469db3a46c8f56e045f8,1,
2,2024-04-14 10:38:49,CAMARERA/O PISOS,Donostia/San Sebastián,Gipuzkoa,Se busca Camarera/o de pisos para una pensión de 6 habitaciones en la parte vieja de Donosti.,09/04/2024,573418,,,"El/la candidata deberá encargarse de la limpieza, orden y preparación de las habitaciones",,,,,,,https://www.infojobs.net/donostia-san-sebastian/camarera-pisos/of-ic0d85eadaa4fa78509504a56c24b03,1,
2,2024-04-14 10:38:49,AYUDANTE DE OBRADOR,Anoeta,Gipuzkoa,Elaboración de productos alimentarios. Limpieza del puesto de trabajo. Envasado y paletizado de producto.,09/04/2024,573417,,,,,,,,,,https://www.infojobs.net/anoeta/ayudante-obrador/of-i2e7a8de1cf4a42ab38ec95790add50,3,
2,2024-04-14 10:38:49,TÉCNICO/A DE MANTENIMIENTO EN RUTA,Pamplona/Iruña,Navarra,"Las funciones principales del puesto serán la realización de todas las tareas en el mantenimiento de una red de oficinas y locales, mantenimiento preventivo y correctivo. Reparaciones integrales (electricidad, fontanería, carpintería, climatización¿). Realización de mantenimiento normativo",09/04/2024,573416,,,"FP I o II en Climatización o Electricidad. Imprescindible experiencia en puestos similares. Necesario tener el carnet de conducir. Buscamos a una persona resolutiva, con habilidades para trabajar con el cliente y con un alto grado de autosuficiencia y autonomía.",,,,,,,https://www.infojobs.net/pamplona/tecnico-mantenimiento-ruta-pamplona-navarra/of-i01fee43d9c4bc289128495c129d4b9,1,
2,2024-04-14 10:38:49,INGENIERO/A OFICINA TÉCNICA,Bilbao,Bizkaia,"busca incorporar un perfil de Ingeniero para Oficina Técnica. La propuesta es para un proyecto de larga duración en Bilbao, y por ello buscamos alguien que busque aprender, adquirir conocimientos, experiencia y desarrollarse profesionalmente.",09/04/2024,573415,,,Como requisitos: Sin experiencia o de 1 a 3 años. Carrera de grado. Disponibilidad total e inmediata. ResponsabilidadProactividad.,,,,,,,https://www.infojobs.net/bilbao/ingeniero-oficina-tecnica-sin-experiencia/of-i14b888e3e142c1be2808f22226d819,1,
2,2024-04-14 10:38:49,ENCARGADO/A MANTENIMIENTO INDUSTRIAL,Zamudio,Bizkaia,Buscamos incorporar un/a Encargado/a de mantenimiento industrial con experiencia de al menos 5 años en puesto similar como técnico de mantenimiento y gestor de equipo. Puesto de trabajo a 2 turnos.,09/04/2024,573414,,,Experiencia de al menos 5 años en puesto similar,,,,,,,https://www.infojobs.net/zamudio/encargado-mantenimiento-industrial/of-i65cedd1d4d404697a6070a2f3deec2,1,
2,2024-04-14 10:38:49,JEFE/A DE OBRA JUNIOR FERROVIARIA (S),Bilbao,Bizkaia,"Trabajar en conjunto con el Jefe/a de Obra para lograr los objetivos propuestos para la realización de la obra. Gestión, planificación y seguimiento de todas las actividades necesarias en el desarrollo del proyecto. Asistir a las reuniones con la Dirección de Proyecto, para hacer un buen seguimiento de los trabajos. Etc.",09/04/2024,573413,,,"Titulación en Ingeniería de Caminos, Canales y Puertos, Ingeniería Eléctrica Ingeniería Civil, Ingeniería de Obra Públicos o similar. Experiencia en Obra Civil ferroviaria.",,,,,,,https://www.infojobs.net/bilbao/jefe-obra-junior-ferroviaria-s/of-i621415055944738c0e2b5d4a68d17d,1,
2,2024-04-14 10:38:49,DISEÑO-PROYECTISTA -OFICINA TÉCNICA,Logroño,Rioja (La),"Buscamos personas con titulación técnica o superior, preferiblemente ingenieros/as. Desarrollarán principalmente las siguientes actividades: Diseño básico y de detalle. Análisis y estudio de procesos de fabricación. Elaboración de planos para fabricación. Cálculos mecánicos. Gestión de proyectos en base a la planificación definida de los mismos. Etc.",09/04/2024,573412,,,"Se valorara: Experiencia en puesto similar. Conocimientos de software de diseño SOLID EDGE. Conocimientos de procesos de fabricación, especialmente soldeo y mecanizado. Conocimientos de materiales y componentes. Conocimiento de normativas ASME (Sección VIII div. 1), equipos a presión, máquinas.Nivel de inglés B2. Etc.",,,,,,,https://www.infojobs.net/logrono/diseno-proyectista-oficina-tecnica/of-i857d66180c4f39b78ef4c264e8539c,2,
2,2024-04-14 10:38:49,CARRETILLERO/A FRONTAL,Vitoria-Gasteiz,Araba/Álava,Las funciones que se realizarán en dicho puesto de trabajo serán siempre con las siguientes carretillas: Abastecimiento en línea de producción. Carretilla frontal. Carga y descarga. Trabajos manuales.,09/04/2024,573411,,,Carnet de 5 carretillas o máquina frontal en vigor.Vehículo propio.,,,,,,,https://www.infojobs.net/vitoria-gasteiz/carretillero-carretillera-frontal-vitoria/of-i795e77f6fc44e0ac1fd602a625da01,20,
2,2024-04-14 10:38:49,PERSONAL DE FABRICACIÓN PARA INDUSTRIA ALIMENTARIA,Ultzama,Navarra,"En dependencia directa del Jefe de Turno de la planta, necesitamos incorporar personal de fabricación para la sección de acondicionamiento de producto. Tareas relativas al proceso de producción de queso fundido. Seguimiento de la producción para obtener en todo momento un producto conforme a las especificaciones de calidad exigidas y respetando las normas de higiene. Etc.",09/04/2024,573410,,,"Experiencia profesional de, al menos, un año, en entorno industrial, preferiblemente en industria del sector de alimentación o farmacéutica.",,,,,,,https://www.infojobs.net/ultzama/personal-fabricacion-para-industria-alimentaria/of-if024cc685545f8a154f4350fbb2903,2,
2,2024-04-14 10:38:49,ENCUADERNADOR/A,Pamplona/Iruña,Navarra,"Seleccionamos perfil de ENCUADERNADOR para importante empresa de artes gráficas de la Comarca de Pamplona. Cuáles serian tus funciones: Encuadernar, empastar, coser, arreglar y confeccionar cubiertas de libros, folletos, revistas, tesis y otros documentos.",09/04/2024,573409,,,"Somos una empresa comprometida con la igualdad y no discriminamos por género, etnia, orientación sexual, diversidad funcional, edad u otros aspectos protegidos por la legislación. Éste proceso de selección se basa en criterios objetivos de profesionalidad, méritos y capacidad.",,,,,,,https://www.infojobs.net/pamplona-iruna/encuadernador/of-i93b5e9c07c4f17bffbff8fbb812a0f,1,
2,2024-04-14 10:38:49,LIMPIADOR/A ESPECIALISTA.,Baños De Rio Tobia,Rioja (La),"Se selecciona un/a limpiador/a especialista de industria para importante cliente ubicado en Laudio. FUNCIONES: Limpieza de las instalaciones, maquinaría, etc.",09/04/2024,573408,,,,,,,,,,https://www.infojobs.net/banos-de-rio-tobia/limpiador-especialista./of-ia753e5536f4ac1b731e58c78d7b545,1,
2,2024-04-14 10:38:49,CUSTOMER SERVICE CON NIVEL ALTO DE FRANCÉS,Arnedo,Rioja (La),"Importante empresa de la zona de La Rioja Baja perteneciente al sector del auxiliar del calzado, ortopedia y tejidos técnicos, necesita incorporar a su plantilla una persona para el departamento comercial que de soporte a los comerciales del mercado francófono y LATAM.",09/04/2024,573407,,,"Proactividad, buena actitud, capacidad resolutiva y organizativa, capacidad de negociación. Habilidades comerciales y de comunicación con los clientes",,,,,Idiomas requeridos Francés,,https://www.infojobs.net/arnedo/customer-service-con-nivel-alto-frances/of-i7c633ee6784ce595a02937ee1e2102,1,
2,2024-04-14 10:38:49,OPERARIO/A MONTAJE MECÁNICO,Igorre,Bizkaia,Importante empresa ubicada en la zona de Arratia precisa incorporar técnicos/as de montaje eléctrico.,09/04/2024,573406,,,"Estar en posesión de alguna de las siguientes titulaciones, con una antigüedad menor de 3 años y no haber tenido contrato en prácticas. Grado Medio en Mantenimiento electromecánico. Grado Medio de Instalaciones Eléctricas y Automáticas. Grado Superior en Programación de la producción en fabricación mecánica. Grado Superior en Mecatrónica industrial. Etc.",,,,,,,https://www.infojobs.net/igorre/operario-montaje-mecanico./of-ia62b767cd445a990bd0de7584b8bb6,1,
2,2024-04-14 10:38:49,TECNICO/A PRL,Vitoria-Gasteiz,Araba/Álava,Actualmente nos encontramos en búsqueda activa para cubrir la vacante de Tecnico/a Prevención de Riesgos Laborales para nuestra delegación de Vitoria.,09/04/2024,573405,,,Técnico Superior de Riesgos Laborales Máster con las 3 especialidades. Formación superior universitaria. Experiencia como Técnico/a PRL en Servicios de Prevención Ajeno,,,,,,,https://www.infojobs.net/vitoria-gasteiz/tecnico-prl-vitoria/of-iccd43585e44301929c4718a3e7717c,1,
2,2024-04-14 10:38:49,TELEOPERADOR/A CON EUSKERA,Torrelavega,Cantabria,Estamos buscando un/a Teleoperador/a con euskera (valorable nativo o bilingüe) para una empresa en la zona de Cartes. Funciones: Emisión y/o recepción de llamadas a clientes. Cierre comercial.,09/04/2024,573404,,,"Experiencia demostrable en el puesto solicitado. Buena actitud y capacidad de aprendizaje. Disponibilidad de incorporación inmediata y de realizar una formación selectiva (no remunerada). Se valora positivamente haber trabajado como teleoperador/a. comercial, agente telefónico.",,,,,Idiomas requeridos Euskera,,https://www.infojobs.net/torrelavega/teleoperador-con-euskera/of-i1855128de14fd39125be16f520370c,1,
2,2024-04-14 10:38:49,MANTENIMIENTO ELÉCTRICO - OFICIAL/A DE 1ª,Torrelavega,Cantabria,"Tu misión será la de asegurar el correcto funcionamiento y la durabilidad de las instalaciones y/o equipos industriales relacionados con las instalaciones eléctricas, estando capacitado/a para detectar, analizar y resolver las incidencias o averías que le son trasladadas de forma verbal y escrita por los usuarios o clientes.",09/04/2024,573403,,,"Grado Medio o Superior de FP en instalaciones eléctricas y autómatas. EXPERIENCIA 2 años. Capacidad de interpretar planos y dibujos técnicos/as. Contar con habilidades manuales. Ser organizado y metódico. Distribuir, coordinar y supervisar actividades de personal a su cargo",,,,,,,https://www.infojobs.net/torrelavega/mantenimiento-electrico-oficial-1/of-i2aa59082e04ffcb00feee055959136,1,
2,2024-04-14 10:38:49,RECEPCIONISTA RENT A CAR,Bilbao,Bizkaia,"Seleccionamos recepcionista para trabajar en nuestra oficina ubicada en las inmediaciones del aeropuerto de Bilbao, cuya misión principal será proveer un excelente servicio al cliente, gestionando las entregas y devoluciones de vehículos bajo los procedimientos operativos y estándares de calidad establecidos por la empresa.",09/04/2024,573402,,,Experiencia mínima de un año en atención al cliente. Valorable experiencia en rent a car. Nivel de inglés mínimo B2. Valorable segundo idioma extranjero. Permiso de conducir B. Disponibilidad para trabajar según turnos rotativos. Disponibilidad para trabajar fines de semana y festivos.,,,,,Idiomas requeridos Inglés,,https://www.infojobs.net/bilbao/recepcionista-rent-car-interinidad/of-i8e588542fe482cba11c47d498674a7,1,
2,2024-04-14 10:38:49,JEFE/A EQUIPO (CALIDAD CALDERERÍA),Zierbena,Bizkaia,La persona seleccionada deberá gestionar al equipo para cumplir con los requisitos y especificaciones del cliente y asegurar el cumplimiento en los plazos de entrega en materia de calidad en el área de Calderería.,09/04/2024,573401,,,Buscamos a una persona con experiencia de dos años como Inspector/a de Calidad en empresas del sector industrial y que disponga del Grado medio o superior relacionado con el sector metal.,,,,,,,https://www.infojobs.net/zierbena/jefe-equipo-calidad-caldereria/of-ic760f78c504078914cb999a9a16f27,1,
2,2024-04-14 10:38:49,OPERARIO/A DE MANTENIMIENTO,Tudela,Navarra,"Estamos en búsqueda de un/a OPERARIO/A DE MANTENIMIENTO para una empresa ubicada en Tudela. Las funciones a desempeñar, serán las siguientes: Poner a punto, configurar la maquinaria industrial utilizada en la producción de piezas. Asegurar que las máquinas funcionen correctamente y realizar inspecciones regulares para garantizar su rendimiento y seguridad. Etc.",09/04/2024,573400,,,Formación de grado medio y/o superior en electromecánica o mantenimiento. Experiencia previa con maquinaria industrial del sector metal. Valorable posesión de carnet de carretilla y puente grúa.,,,,,,,https://www.infojobs.net/tudela/operario-mantenimiento/of-i31e222998e40798f6805c82160aed7,1,
2,2024-04-14 10:38:49,CONDUCTOR/A RENT A CAR,Derio,Bizkaia,"Seleccionamos conductores para trabajar en nuestra oficina ubicada en las inmediaciones del aeropuerto de Bilbao, cuyas tareas principales serán: Recogida y traslado de clientes desde el Aeropuerto hasta las instalaciones. Traslado de clientes desde las instalaciones de Record go hasta el Aeropuerto tras la devolución del vehículo. Etc.",09/04/2024,573399,,,Permiso de conducir en vigor. Experiencia mínima de un año como conductor. Valorable conocimientos de inglés. Disponibilidad para trabajar según turnos rotativos. Disponibilidad para trabajar fines de semana y/o festivos.,,,,,,,https://www.infojobs.net/derio/conductor-rent-car-interinidad/of-i900ba9bf174fed8eaded6a121aff27,1,
2,2024-04-14 10:38:49,COORDINADOR/A DE FORMACIÓN,Pamplona/Iruña,Navarra,"Seleccionamos Coordinador/a de Formación para escuela de Cine y Arte Visual, proyecto educativo vinculado al Club de Marketing de Navarra. Reportando a Dirección, será responsable de la gestión integra y desarrollo del programa formativo vinculado a la Escuela de Cine y Arte visual: contacto con profesorado, gestión de la documentación, contacto con el alumnado, etc.",09/04/2024,573398,,,"Imprescindible Titulación Media o Superior, valorándose contar con formación o especialización en el ámbito cinematográfico. Imprescindible aportar mínimo 3 años de experiencia profesional en posición con elevado componente de gestión, valorándose muy positivamente provenir del ámbito cinematográfico o cultural. Imprescindible manejo de herramientas informáticas.",,,,,,,https://www.infojobs.net/pamplona-iruna/coordinador-formacion-ref.-2498/of-i8d426d5fb5497b93fc25fe5be98266,1,
2,2024-04-14 10:38:49,AUX. DEPENDIENTE/A. 30H SEMANALES,Barakaldo,Bizkaia,"Buscamos incorporar auxiliar de dependiente/a para empresa del sector textil ubicada en Baracaldo. En este puesto realizarás funciones de atención al cliente, cobro en caja, reposición en tienda y organización de material.",09/04/2024,573397,,,Necesario experiencia de al menos un año como dependiente/a en sector textil. Disponibilidad para incorporación inmediata,,,,,,,https://www.infojobs.net/barakaldo/aux.-dependiente-a.-30h-semanales/of-ic31f03d7e94d65bb857a6edbd665d7,1,
2,2024-04-14 10:38:49,AYUDANTE DE RECEPCIÓN,Larrabetzu,Bizkaia,Se precisa incorporación de ayudante de recepción para realizar tareas como: Atender llamadas telefónicas. Gestión de reservas. Recibir a los comensales. Reservas por teléfono y correo electrónico. Gestión de clientes. Labores de asistencia y apoyo administrativo.,09/04/2024,573396,,,Vehículo propio. Dominio Euskera e Inglés. Disponibilidad para trabajar fines de semana.,,,,,Idiomas requeridos Inglés,,https://www.infojobs.net/larrabetzu/ayudante-recepcion/of-iecda84a15046968fb9c1c769093322,1,
2,2024-04-14 10:38:49,TECNICO/A AREA SOCIAL CON DISCAPACIDAD,Lemoa,Bizkaia,"Detectar las necesidades en las medidas de apoyo para el trabajador/a. Asistir a los trabajadores/as en la incorporación al trabajo, asignación y aprendizaje de tareas. Mediar en posibles conflictos laborales.",09/04/2024,573395,,,Discapacidad del 33% o superior y/o incapacidad laboral,,,,,,,https://www.infojobs.net/lemoa/tecnico-area-social-con-discapacidad/of-i925d8095784796a078fdbd07d9f728,1,
2,2024-04-14 10:38:49,DEPENDIENTE/A - 20H/S,Donostia/San Sebastián,Gipuzkoa,"Si te apasiona el mundo de la moda, te gusta la atención al público y quieres trabajar en un entorno agradable, dentro de un equipo humano motivado y responsable, te estamos buscando.",09/04/2024,573394,,,Estamos en búsqueda activa de una persona que quiera unirse a nuestro equipo a jornada parcial para nuestra tienda de Donostia.,,,,,,,https://www.infojobs.net/donostia-san-sebastian/dependiente-20h-s/of-i22c4506732467ead445c03992df5d5,1,
2,2024-04-14 10:38:49,TÉCNICO/A DE CONTABILIDAD,Pamplona/Iruña,Navarra,Empresa de Correduría de seguros en expansión y crecimiento busca un a persona para una posición Administrativa-Contable. Funciones: contabilización de facturas recibidas (proveedores) a través de pedidos de compra. Contabilización de facturas recibidas (proveedores) de gastos generales. Emisión de facturas (clientes) a través de pedidos de venta. Etc.,09/04/2024,573393,,,Experiencia 2 años como Responsable de Contabilidad. Acostumbrado a trabajar con cierres contables mensuales y con fechas límite.,,,,,,,https://www.infojobs.net/pamplona-iruna/tecnico-contabilidad/of-i36472235724cbc90d7ae58fa8606d3,1,
2,2024-04-14 10:38:49,MECÁNICO/A DE COCHE,,Gipuzkoa,Se necesitan 3 mecánicos/as de coches con experiencia.,09/04/2024,573392,,,,,,,,,,Llamar al tfno.: 943 11 61 64 / 691 21 68 09,3,
2,2024-04-14 10:38:49,CHÓFER,Tolosa,Gipuzkoa,Se necesita chófer con carnet de 1ª en Tolosaldea. Camión cuba y piso móvil tígido.,09/04/2024,573391,,,,,,,,,,Llamar al tfno.: 672 26 12 06,1,
2,2024-04-14 10:38:49,CAMARERO/A,Andoain,Gipuzkoa,Bar restaurante de Andoain busca camarero/a con experiencia.,09/04/2024,573390,,,,,,,,,,Llamar al tfno.: 685 73 43 61,1,
2,2024-04-14 10:38:49,DEPENDIENTE/A,,Araba/Álava,Se necesita dependiente/a. Frutería.,09/04/2024,573389,,,Imprescindible experiencia,,,,,,,Llamar al tfno.: 605 77 08 60 / 605 77 08 59,1,
2,2024-04-14 10:38:49,CONDUCTOR/A CAMIÓN,,Bizkaia,Camión rígido.,09/04/2024,573388,,,"Indispensable carnet C, CAP y ADR básico. Ruta nacional, entre semana fuera de casa. Se precisa experiencia. Abstenerse personas que no cumplan con los requisitos",,,,C,,,Llamar al tfno.: 612 48 78 13,1,
2,2024-04-14 10:38:49,CONDUCTOR/A DE TRAILER,,Bizkaia,Se necesita conductor/a de trailer.,09/04/2024,573387,,,"Indispensable Carnet C+E y ADR básico. Ruta nacional, entre semana fuera de casa. Se precisa experiencia. Abstenerse personas que no cumplan con los requisitos",,,,C+E,,,Llamar al tfno.: 612 48 78 13,,
2,2024-04-14 10:38:49,AUXILIAR DE MEDICINA ESTÉTICA,Bilbao,Bizkaia,"Clínica de medicina estética en Bilbao precisa auxiliar de medicina estética, con experiencia",09/04/2024,573386,,,,,,,,,,Enviar CV a: jmartosjuanpere@gmail.com,1,
2,2024-04-14 10:38:49,SUBJEFE/A DE TRÁFICO,Bilbao,Bizkaia,"Se incorporará al Área de Explotación responsabilizándose, entre otras funciones, de la supervisión, coordinación y aseguramiento de la realización del servicio de transporte por carretera en condiciones óptimas. Para ello, colaborará en la definición de la propuesta de servicio, planificación y gestión del transporte, control de unidades y puesta en marcha del servicio, inspección, etc.",09/04/2024,573385,,,"El perfil contempla formación técnica, valorándose la formación en el ámbito de gestión empresarial, con experiencia en funciones similares. Se valorará el conocimiento de euskera. Persona proactiva, con capacidad de gestión, orientada a la mejora continua y con elevada capacidad para el trabajo en equipo.",,,,,,,Plazo de presentación de candidaturas hasta el día 19 de abril viernes a las 15hh. Presentación de solicitudes enviando CV a strafico@agsel.es o a través https://anagnorconsultores.es/procesos-en-marcha,1,
2,2024-04-14 10:38:49,TERAPEUTA OCUPACIONAL,Beriain,Navarra,Actualmente buscamos un/a Terapeuta Ocupacional para uno de nuestros centros ubicado en Beriáin,08/04/2024,573384,,,Grado o diplomatura en terapia ocupacional. Se valorará experiencia en residencias.,,,,,,,https://www.infojobs.net/beriain/terapeuta-ocupacional/of-if26b18e1ac41518df161a5f08a8504,1,
2,2024-04-14 10:38:49,ARQUITECTOS/AS - ARQUITECTOS/AS TÉCNICOS/AS - INGENIEROS/AS OBRA CIVIL,Donostia/San Sebastián,Gipuzkoa,"Empresa multinacional de servicios de mantenimiento y medioambientales, especializada en la gestión integral de agua, residuos y energía, quiere incorporar en sus oficinas de Donostia, 2 Arquitectos, Arquitectos técnicos,Ingenieros obra civil (M/H)",08/04/2024,573383,,,Se valorará positivamente: Experiencia en Gestión de Equipos. AutoCAD. Presto . Microsoft office (nivel intermedio). Persona ordenada y organizada. Iniciativa. Trabajo en equipo. Habilidades en el trato directo con clientes. Resolver las obras con calidad y plazo como responsable de proyecto. Euskera. Francés.,,,,,Idiomas requeridos Euskera Francés,,https://www.infojobs.net/donostia-san-sebastian/arquitectos-arquitectos-tecnicos-ingenieros-obra-civil-donostia-m-h/of-i4dd9baf1d24304b6cb7977ee75d2bd,2,
2,2024-04-14 10:38:49,ASESOR/A FISCAL,Torrelavega,Cantabria,Buscamos incorporar a nuestro equipo un/a Asesor/a fiscal para nuestra oficina en Torrelavega (Cantabria).,08/04/2024,573382,,,Impuesto sobre sociedades. Conocimientos amplios sobre la legislación fiscal. Experiencia en la gestión del impuesto de sociedades a través del programa A3Con,,,,,,,https://www.infojobs.net/torrelavega/asesor-fiscal/of-ie0efce7d614c6b8da994cb1a3ccba3,1,
2,2024-04-14 10:38:49,LIMPIADOR/A,Arrasate/Mondragon,Gipuzkoa,Se necesita limpiador/a en Arrasate. Imprescindible ser de la zona. Horario de 16:30 a 18:40 de lunes a viernes,08/04/2024,573381,,,,,,,,,,https://www.infojobs.net/arrasate-mondragon/se-necesita-limpiador-arrasate/of-i18a5fd1cc24d848ee63229daf2ff4b,1,
2,2024-04-14 10:38:49,TÉCNICO/A DE MANTENIMIENTO,Oñati,Gipuzkoa,Buscamos un técnico/a de mantenimiento eléctrico o electromecánico para una importante empresa situada en Oñati.,08/04/2024,573380,,,Experiencia: mínima de 1 año en posición similar en empresa industrial,,,,,,,https://www.infojobs.net/onati/tecnico-mantenimiento-onati/of-i233ff2dac64d0b9ab1dfd5940bb98c,1,
2,2024-04-14 10:38:49,OPERARIOS/AS MECANIZADO,Ermua,Bizkaia,"Empresa ubicada en Ermua, solicita 2 operarios/as para centros de mecanizado y Torno CNC. Funciones: Ajuste de herramientas medición: micrometro, entre otros. Meter y sacar piezas.",08/04/2024,573379,,,Experiencia previa en el puesto entorno industrial mecanizado,,,,,,,https://www.infojobs.net/ermua/operarios-mecanizado-h-m/of-i8eb4329edd4052966d318284ba89e1,2,
2,2024-04-14 10:38:49,TÉCNICO/A DE CALIDAD Y MEDIOAMBIENTE JUNIOR,Bilbao,Bizkaia,Buscamos incorporar un Técnico/a de Calidad y de Medioambiente para trabajar en la oficina de Bilbao.,08/04/2024,573378,,,"Formación universitaria en Ciencias Ambientales o similar, cursos de formación sobre las normas ISO 9001 e ISO 14001 y Sostenibilidad. Inglés nivel C1 y francés muy valorable. Experiencia previa de entre 1-3 años realizando funciones similares. Disponibilidad para viajar (5-6 viajes internacionales /año de 1-2 semanas de duración). Etc.",,,,,Idiomas requeridos Inglés,,https://www.infojobs.net/bilbao/tecnico-calidad-medioambiente-junior/of-i9dc8c09e4149c7bd957e694900afb2,1,
2,2024-04-14 10:38:49,GPV GESTOR/A PUNTO DE VENTA - PERFUMERÍAS,Bilbao,Bizkaia,Precisamos incorporar un/a Gestor de Punto de Venta para un importante proyecto de Gran Consumo para visitar perfumerías.,08/04/2024,573377,,,Valorable experiencia previa como GPV.Disponibilidad para pernoctar 3 veces al mes. Residencia en BILBAO.,,,,,,,https://www.infojobs.net/bilbao/gpv-gestor-punto-venta-perfumerias/of-i38c9eebd534b8f8d929cfa748b5e23,1,
2,2024-04-14 10:38:49,ESTETICISTA,Vitoria-Gasteiz,Araba/Álava,"Seleccionamos esteticista con experiencia en estética avanzada y tratamientos con aparatología. Imprescindible experiencia en depilación laser diodo, tratamientos corporales como LPG, indiba... y faciales así como técnicas de masaje.",08/04/2024,573376,,,,,,,,,,https://www.infojobs.net/vitoria-gasteiz/esteticista/of-i5b4abd1ac7406182e9aa40f9d3539d,1,
2,2024-04-14 10:38:49,TÉCNICO/A DE SUPPLY CHAIN (SECTOR ENERGÍA),Pamplona/Iruña,Navarra,"Si tienes más de 2 años de experiencia trabajando en proyectos de supply chain y aprovisionamiento, nos comprometemos a impulsar tu talento, satisfacer tus expectativas laborales y hacerte sentir como en casa",08/04/2024,573375,,,"Grado en Jurídicas / Ingeniería Técnica. Experiencia mínima de 2 años trabajando en proyectos de aprovisionamientos, compras, logística, supply chain... Nivel de inglés Intermedio Alto",,,,,,,https://www.infojobs.net/pamplona-iruna/tecnico-supply-chain-sector-energia/of-ib64711783d489c820e709e7f839e05,1,
2,2024-04-14 10:38:49,OPERARIO/A DE ALMACÉN,Donostia/San Sebastián,Gipuzkoa,Se precisa de personal operaria de almacén,08/04/2024,573374,,,"Se busca una persona comprometida, responsable, con ilusión y ganas de pertenecer al equipo de Servicios Generales de una organización involucrada con la calidad asistencial",,,,,,,https://www.infojobs.net/donostia-san-sebastian/operario-almacen/of-i10557c5f2a4175b2d530c85afabf1b,1,
2,2024-04-14 10:38:49,RESPONSABLE OPERACIONES,Santander,Cantabria,Buscamos en nuestra delegación de Santander a un/a Responsable de Operaciones.,08/04/2024,573373,,,Experiencia de al menos cinco años realizando el control de operaciones portuarias en terminal o responsabilidad en buque del control de personal y mercancías. Formación en Navegación y Transporte Marítimo o estudios relacionados. Conocimiento portuarios y buque (planos de estiba y operativa portuaria). Cursos en prevención de riesgos laborales. Etc.,,,,,Idiomas requeridos Inglés,,https://www.infojobs.net/santander/responsable-operaciones/of-ide429eab914b8694f3d1610cbfdb34,1,
2,2024-04-14 10:38:49,TECNICO/A DE PRODUCCION,Eskoriatza,Gipuzkoa,"Gestionamos el proceso de selección de un Técnico/a de Producción. Es el responsable de la definición del proceso necesario para conseguir los productos en calidad, coste y plazo (industrializaciones). Del proceso de mejora de los niveles productivos reduciendo ciclos, inactividades, defectivos y mano de obra",08/04/2024,573372,,,Ingeniería Técnica. Inglés hablado y escrito. Disponibilidad para trabajar en otras plantas del Grupo. Disponibilidad para viajar a las plantas del extranjero,,,,,Idiomas requeridos Inglés,,https://www.infojobs.net/eskoriatza/tecnico-produccion/of-ic957c907aa478686377a9c0d23c7ee,1,
2,2024-04-14 10:38:49,ENCARGADO/A DE MANTENIMIENTO,Bilbao,Bizkaia,Capacidad de liderazgo y desarrollo de personas. Calidad del servicio al cliente. Orientación a resultados. Trabajo en equipo. Toma de decisiones. Comunicación asertiva y empatía con las personas. Identidad corporativa,08/04/2024,573371,,,"Titulación de FP en Mantenimiento, Electricidad o similar.",,,,,,,https://www.infojobs.net/bilbao/encargado-mantenimiento/of-i215153d20940f3bed6cc1c929fdfe0,1,
2,2024-04-14 10:38:49,OPERARIO/A EMPRESA DE METAL,Santoña,Cantabria,Te encargarás de realizar labores de fabricación a pie de máquina,08/04/2024,573370,,,"Formación de Grado Medio o Superior en cualquier rama de metal (fabricación mecánica/o, mantenimiento industrial, máquinas y herramientas...). Imprescindible experiencia previa demostrable en puestos de fabricación o producción. Valorable estar en posesión de la TPM.",,,,,,,https://www.infojobs.net/santona/48318-operario-empresa-metal/of-i7ff7913ea74e89883ead054793d80f,1,
2,2024-04-14 10:38:49,OPERARIO/A DE PRODUCCIÓN,Vitoria-Gasteiz,Araba/Álava,"Estamos en la búsqueda de Operarios de producción (H/M/X), para una empresa del sector de la alimentación de Vitoria.",08/04/2024,573369,,,Carnet de manipulador de alimentos. Experiencia como operario en empresas de alimentación,,,,,,,https://www.infojobs.net/vitoria-gasteiz/operario-produccion/of-i7f80bb3ce94c478b484e69f85c6bb3,1,
2,2024-04-14 10:38:49,REBABADOR/A,Vitoria-Gasteiz,Araba/Álava,Estamos buscando para nuestro cliente con instalaciones en Vitoria-Gasteiz un/a rebabador/a con experiencia contrastada.,08/04/2024,573368,,,,,,,,,,https://www.infojobs.net/vitoria-gasteiz/rebabador/of-i21c0edad1145a2861cd1c6aeaf0b21,1,
2,2024-04-14 10:38:49,TÉCNICO/A DE SOPORTE N1 CAU,Vitoria-Gasteiz,Araba/Álava,"Buscamos profesionales que quieran reinventarse cada día, que enfrentarse a los retos vaya en su ADN y que sientan pasión por trabajar con la tecnología/ciberseguridad. Esto nos hace únicos, diferentes y auténticos.",08/04/2024,573367,,,"Formación de Grado Superior en el ámbito de la Informática. Experiencia en servicios de atención a usuarios en el ámbito de IT. Conocimientos en sistemas operativos, hardware, redes y microinformática básica. Nivel alto de euskera",,,,,Idiomas requeridos Euskera,,https://www.infojobs.net/vitoria-gasteiz/tecnico-soporte-n1-cau/of-i267eed7dda4a22a93233eee18d9fc7,1,
2,2024-04-14 10:38:49,PROFESOR/A DE IDIOMAS,Santander,Cantabria,Estamos buscando un Profesor/a resolutiva de idiomas para impartir clases de inglés en nuestro centro de idiomas en Santander.,08/04/2024,573366,,,,,,,,,,https://www.infojobs.net/santander/profesor-idiomas/of-i9451db240b43d99d5a4a8c4c641644,1,
2,2024-04-14 10:38:49,ANALISTA FUNCIONAL .NET,Bilbao,Bizkaia,Buscamos incorporar en nuestro equipo un/a Analista funcional con experiencia en entorno web .NET MVC y .NET Core.,08/04/2024,573365,,,"Deseable titulación superior. Se valorarán otras candidaturas que sean compensadas con experiencia profesional. Mínimo 4 años de experiencia en los siguientes entornos Modelado de bases de datos Relacionales y herramientas CASE (CA erwin, enterprise architect, Oracle designer, visio...), Bases de datos. SQL Server, Oracle, etc.",,,,,,,https://www.infojobs.net/bilbao/analista-funcional-.net/of-if5af459adf4f8f86244e6056e65362,1,
2,2024-04-14 10:38:49,CONTROLLER (JUNIOR),Pamplona/Iruña,Navarra,Seleccionamos Controller (Junior) para Grupo Empresarial Larrion y con localización en las proximidades de Pamplona.,08/04/2024,573364,,,"Imprescindible Titulación en ADE, Economía, Empresariales, ... o formación equivalente. Imprescindible aportar mínimo 1-2 años de experiencia o práctica profesional como Controller y en entorno industrial. Imprescindible nivel avanzado en Excel, Office. Se valorarán contar con conocimientos en Power BI.",,,,,,,https://www.infojobs.net/pamplona-iruna/controller-junior-ref.-2495/of-i1a0303fd4b4a46adc404d2747aa3f8,1,
2,2024-04-14 10:38:49,TÉCNICO/A DE I+D,Oñati,Gipuzkoa,"Realizar y ejecutar proyectos de desarrollo de producto nuevo o modificaciones y mejoras sobre los existentes. Coordinar la realización de prototipos y ensayos. Realizar la formación, soporte técnico y asesoramiento en la utilización de producto y soluciones. Establecer la calidad técnica de los productos que se desarrollan.",08/04/2024,573363,,,Ingeniería Industrial / Ingeniería de Caminos / Ingeniería Técnica Industrial / Ingeniería Técnica de Obras Públicas. Se valorará conocimiento en diseño y cálculo de estructuras. Inglés nivel avanzado. Euskera.,,,,,Idiomas requeridos Euskera Inglés,,https://www.infojobs.net/onati/tecnico-i-d/of-i3d4d662018400f98d03e5f4a7b62be,1,
2,2024-04-14 10:38:49,OPERARIO/A MANUAL PRODUCCIÓN,Iurreta,Bizkaia,"Nos encontramos en busca de OPERARIO/A DE PRODUCCIÓN, para DURANGUESADO",08/04/2024,573362,,,Te contamos los principales requerimientos y otras habilidades de la posición: Experiencia previa en entornos productivos. Disponibilidad inmediata. Disponibilidad de vehículo para trasladarse al centro de trabajo.,,,,,,,https://www.infojobs.net/iurreta/operarix-manual-produccion/of-ibe956afb2e49149872ebd27532ac57,3,
2,2024-04-14 10:38:49,OPERARIO/A DE LIMPIEZA,Logroño,Rioja (La),"Estamos buscando OPERARIO/A DE LIMPIEZA para un empresa ubicada de Logroño. FUNCIONES: Limpieza de obras, pabellones y todo tipo de instalaciones empresariales. Fundamental disponer de vehículo propio para acceder al puesto de trabajo",08/04/2024,573361,,,Experiencia en un puesto similar. Vehículo propio.,,,,,,,https://www.infojobs.net/logrono/operario-limpieza/of-i247340eb094ba5a17df0f7a4622572,3,
2,2024-04-14 10:38:49,OPERARIO/A VERIFICACIÓN,Santander,Cantabria,Seleccionamos operario/a de verificación para una empresa del sector industrial ubicada en las afueras de Santander. Las funciones a realizar serán las siguientes: Verificación visual y clasificación de piezas. Recuperación de piezas. Embalaje y flejado.,08/04/2024,573360,,,Disponibilidad de incorporación inmediata. Experiencia en industria,,,,,,,https://www.infojobs.net/santander/operario-verificacion/of-i533a1abd1b477db63961451bb76344,1,
2,2024-04-14 10:38:49,COMERCIAL SECTOR GRÁFICO,Pamplona/Iruña,Navarra,Seleccionamos un/a comercial para empresa del sector gráfico situada en la zona de Mutilva. La persona seleccionada desempeñará las siguientes funciones: Captación de clientes. Apertura nueva de clientes. Mantenimiento de cartera de clientes. Venta de productos gráficos.,08/04/2024,573359,,,Carné de conducir y vehículo propio,,,,,,,https://www.infojobs.net/pamplona-iruna/comercial-sector-grafico/of-i01543244a24fc8aaa9d7ff2f34b7ba,1,
2,2024-04-14 10:38:49,FRESADOR-A CONTROL NUMÉRICO,Agoncillo,Rioja (La),"Colaboramos con empresa aeronáutica en la búsqueda de varios perfiles de fresadores-as de control numérico. Las funciones a desempeñar serían las siguientes: Gestionar herramientas, preparación de material y utillajes para mecanizar en los centros de mecanizado. Interpretación de planos. Verificación y control de la piezas.",08/04/2024,573358,,,"Experiencia de al menos 3 años manejando maquinaria de control numérico. Imprescindible disponer de ciclo formativo de grado superior en mecánica, producción de mecanizado o similar. Requisito indispensable, estar en posesión de carnet de carretilla y de puente grúa.",,,,,,,https://www.infojobs.net/agoncillo/fresador-control-numerico/of-i615653403a4d5a99dbcceef7ad531f,2,
2,2024-04-14 10:38:49,KEY ACCOUNT MANAGER,Logroño,Rioja (La),"Seleccionamos KEY ACCOUNT MANAGER, para consolidado Grupo Empresarial, perteneciente al Sector Alimentación y localizado en las proximidades de Logroño.",08/04/2024,573357,,,"Imprescindible Grado en ADE, Marketing, ... o formación equivalente. Imprescindible aportar mínimo 5 años de experiencia profesional, proveniente del Sector Alimentación, Gran Consumo, ... o sectores afines, debiendo contar con solidos conocimientos en canales de distribución de ámbito nacional (Canal Retail). Se valorará Inglés (B2).",,,,,,,https://www.infojobs.net/logrono/key-account-manager-ref.-2492/of-i2441001bfa411394d80806b43bc97f,1,
2,2024-04-14 10:38:49,ADMINISTRATIVO/A CONTABLE,Pamplona/Iruña,Navarra,"Estamos seleccionando un/a Administrativo/a Contable para SZ-Asesores, asesoría fiscal, tributaria y contable de ámbito nacional. Funciones: Elaboración y gestión de contabilidad y presentación de impuesto Atención al cliente y gestiones administrativa varias.",08/04/2024,573356,,,"Mínimo FP Superior Administración o similar. Programa de contabilidad GSE. Programas de gestión de impuestos de Navarra y AEAT. Experiencia: Mínimo 3 años. Sector Valorable Asesoría. Carnet de conducir valorable. Paquete Office (Excel, Power Point) Nivel usuario avanzado.",,,,,,,https://www.infojobs.net/pamplona/administrativo-contable/of-ic30659e21941c98f8d784ab8f86a4e,1,
2,2024-04-14 10:38:49,INGENIERO/A DE DESARROLLO DE PRODUCTO,Pamplona/Iruña,Navarra,"Si tienes más de 2 años de experiencia trabajando en ingeniería de desarrollo de producto, nos comprometemos a impulsar tu talento, satisfacer tus expectativas laborales y hacerte sentir como en casa",08/04/2024,573355,,,Ingeniería Técnica/Superior Mecánica o Industrial (similar). Experiencia mínima de 2 años trabajando en proyectos de desarrollo de producto. Valorable experiencia en el sector automoción. Nivel de inglés Intermedio Alto,,,,,,,https://www.infojobs.net/pamplona-iruna/ingeniero-desarrollo-producto/of-i6f894c4ee8436c9dc83e5b619c2246,1,
2,2024-04-14 10:38:49,TÉCNICO/A DE SELECCIÓN,Bilbao,Bizkaia,"Buscamos un perfil para realizar las siguientes funciones: Publicación de las ofertas, criba de currículos en función de las competencias y habilidades de los/las candidatos/as, realización de entrevistas y cierre de la contratación.",08/04/2024,573354,,,Tener disponibilidad para incorporación inmediata. Experiencia como Técnico/a de Selección.,,,,,,,https://www.infojobs.net/bilbao/tecnico-seleccion/of-i9ef2e5949845b48f8a862f0082554f,1,
2,2024-04-14 10:38:49,PROGRAMADOR/A PLC,Pamplona/Iruña,Navarra,Se precisa incorporar a un/a Programador/a de PLC para que se responsabilice de las siguientes funciones: Preparación de los documentos técnicos de los Proyectos y Especificación del Sistema de Control. Programación y Desarrollo de Software de Sistemas de Control. Puesta en marcha de máquinas automáticas y sistemas de control. Etc.,08/04/2024,573353,,,"CFGS en Automatización, Robótica, Electrónica o Informática. Experiencia mínima de 1 año desempeñando las funciones descritas. Conocimientos de Programación de PLC, HMI y SCADA. Programación en lenguaje C. Capacidad para leer dibujos mecánicos y diagramas de cableado eléctrico. Conocimientos de parametrización. Etc.",,,,,Idiomas requeridos Inglés,,https://www.infojobs.net/pamplona-iruna/programador-plc-pamplona/of-ifc439ec9c643acb4b6a83990122059,1,
2,2024-04-14 10:38:49,ADMINISTRATIVO/A COMERCIAL,Logroño,Rioja (La),Se selecciona Administrativo/a Comercial para gestionar las ventas de una empresa ubicada en los alrededores de Logroño.,08/04/2024,573352,,,"Poseer experiencia en sector industrial de al menos 3 años. Perfil comercial para trato directo con el cliente y la red comercial. Conocimientos de introducción de pedidos en el sistema, generación de albaranes, etiquetas de expediciones. Gestión de incidencias. Gestión de proveedores",,,,,,,https://www.infojobs.net/logrono/administrativo-comercial/of-i2627a856ab4e7f97239029db8fae3d,1,
2,2024-04-14 10:38:49,TÉCNICO/A DE AUTOMATIZACIÓN (PLC¿S),Arrasate/Mondragon,Gipuzkoa,"Buscamos incorporar a un/a Programador/a de PLC s, con conocimientos en Siemens, para trabajar dentro de una importante multinacional, ubicada cerca de Mondragón.",08/04/2024,573351,,,"Ingeniería Técnica/Superior y/o FPII. Experiencia mínima de 1 año trabajando en programación, puesta en marcha o gestión de incidencias de PLC s. Experiencia en la programación con Siemens (STEP 7 o TIA PORTAL). Nivel de inglés Intermedio Alto",,,,,,,https://www.infojobs.net/arrasate-mondragon/tecnico-automatizacion-plc-s/of-iefe282815c43288dc0d2e283fb8ffb,1,
2,2024-04-14 10:38:49,INGENIERO/A MANUFACTURING Y PROCESOS,Pamplona/Iruña,Navarra,"si tienes más de 2 años de experiencia trabajando en el área de procesos, fabricación o manufacturing, nos comprometemos a impulsar tu talento, satisfacer tus expectativas laborales y hacerte sentir como en casa",08/04/2024,573350,,,"Ingeniería Técnica y/o Superior. Experiencia mínima de 2 años trabajando en área de procesos, fabricación o industrialización. Conocimientos en creación de flujos de procesos y metodología Lean. Interés por trabajar en el sector de energía eólica. Nivel de inglés Intermedio Alto",,,,,Idiomas requeridos Inglés,,https://www.infojobs.net/pamplona-iruna/ingeniero-manufacturing-procesos/of-i03209eb26c48daa2f147c4f347bc6e,1,
2,2024-04-14 10:38:49,INGENIERO/A INDUSTRIAL / MECÁNICO,Pamplona/Iruña,Navarra,"Si tienes más de 3 años de experiencia en modelado mecánico o térmico, nos comprometemos a impulsar tu talento, satisfacer tus expectativas laborales y hacerte sentir como en casa",08/04/2024,573349,,,"Ingeniería Técnica y/o Superior. Experiencia mínima de 3 años trabajando en proyectos similares. Experiencia en herramientas como ANSYS, TRNSYS, IPSEpro... Nivel de inglés Intermedio Alto",,,,,Idiomas requeridos Inglés,,https://www.infojobs.net/pamplona-iruna/ingeniero-industrial-mecanico/of-i0b55586f4244d5bff3876b972a9881,1,
2,2024-04-14 10:38:49,INGENIERO/A DE DISEÑO MECÁNICO,Pamplona/Iruña,Navarra,"Si tienes más de 2 años de experiencia trabajando en el área de diseño mecánico o industrial, nos comprometemos a impulsar tu talento, satisfacer tus expectativas laborales y hacerte sentir como en casa",08/04/2024,573348,,,"Ingeniería Técnica y/o Superior. Experiencia mínima de 2 años trabajando en diseño mecánico industrial o de producto. Experiencia con herramientas de diseño como PTC CREO, Solidworks... Nivel de inglés Intermedio Alto",,,,,Idiomas requeridos Inglés,,https://www.infojobs.net/pamplona-iruna/ingeniero-diseno-mecanico/of-i56b59136524f22b568716182dceba7,1,
2,2024-04-14 10:38:49,TÉCNICO/A DE CLIMATIZACIÓN,Bilbao,Bizkaia,"gestionamos el proceso de selección de un/a Técnico/a de Climatización con experiencia en montaje y puesta en marcha de obras para una empresa de Bilbao (Vizcaya), especializada en el diseño, desarrollo, fabricación y mantenimiento de Instalaciones.",08/04/2024,573347,,,"Formación Grado Medio o Superior de Instalaciones Térmicas y de Fluidos. Experiencia necesaria en montaje, mantenimiento y puesta en marcha de instalaciones HVAC, hidráulicas y de automatización y control. Se requiere carnet de manipulador de Gases Fluorados y carnet de instalador y mantenedor RITE. Permiso de conducir. Etc.",,,,,,,https://www.infojobs.net/bilbao/tecnico-climatizacion/of-i7919eea7574a39ba4133e1bf1a0291,2,
2,2024-04-14 10:38:49,RESPONSABLE ADMINISTRACIÓN,Calahorra,Rioja (La),Nos encontramos en búsqueda de responsable administración para empresa del sector tecnológico ubicada en Calahorra. La misión del puesto es coordinar y supervisar al equipo de administración en cuanto al día a día. Así como la responsabilidad en las áreas de cobros y pagos de la organización.,08/04/2024,573346,,,,,,,,,,https://www.infojobs.net/calahorra/responsable-administracion/of-i9f1f58c16f40d38bb697b683dfb9a7,1,
2,2024-04-14 10:38:49,ASESOR/A CONTABLE FISCAL,Bilbao,Bizkaia,"Estamos en búsqueda de un/a asesor/a contable fiscal con inglés alto, para trabajar en una empresa de servicios financieros en el centro de Bilbao.",08/04/2024,573345,,,"Experiencia en llevar todo el área contable-fiscal de los clientes: contabilización, conciliaciones, cierres contables y Cuentas Anuales. Gestión de los impuestos recurrentes, IVA, Retenciones, Operaciones con terceros...Usuario avanzado del paquete office, en las aplicaciones Excel y Word.Autonomía, responsabilidad y orientación al trabajo de calidad. Etc.",,,,,,,https://www.infojobs.net/bilbao/asesor-contable-fiscal-bilbao/of-i8559f0d8624ab1a31c839ebd82f914,1,
2,2024-04-14 10:38:49,TÉCNICO/A DE MANTENIMIENTO ELÉCTRICO,Lumbier,Navarra,Importante empresa de la zona de Lumbier precisa incorporar personal para realizar distintas tareas como técnico (h/m/x) de mantenimiento eléctrico en fábrica de alimentación.,08/04/2024,573344,,,Ciclo formativo de grado medio o superior de electricidad o electrónica. Experiencia en el puesto ofertado. Disponibilidad de incorporación inmediata. Disponibilidad de carnet y vehículo propio. Movilidad geográfica hasta la zona.,,,,,,,https://www.infojobs.net/lumbier/tecnico-mantenimiento-electrico-h-m-x/of-ie25c36b91649b88a407e57281fe10f,1,
2,2024-04-14 10:38:49,DELINEANTE CIVIL CON AUTOCAD,Zamudio,Bizkaia,Seleccionamos un/a delineante con experiencia en Autocad para infraestructura ferroviaria con proyectos internacionales.,08/04/2024,573343,,,Formación en Delineación de Obra civil o similar. Experiencia en obra civil y en concreto en ferroviario.,,,,,,,https://www.infojobs.net/zamudio/delineante-civil-con-autocad/of-i2521897f754c849cee409b4b5d4aed,1,
2,2024-04-14 10:38:49,OPERARIOS/AS DE RECICLAJE,Amorebieta-Etxano,Bizkaia,Se precisa seleccionar operarios/as para importante empresa de reciclado.,08/04/2024,573342,,,Disponibilidad para incorporación inmediata y para trabajar en 3 turnos. Carnet de conducir y coche para acudir al puesto de trabajo,,,,,,,https://www.infojobs.net/amorebieta-etxano/operarios-reciclaje/of-i5de098afb24bb3a69e9f0870be6740,1,
2,2024-04-14 10:38:49,COMERCIAL INTERNO SUMINISTROS INDUSTRIALES (BACK OFFICE),Bilbao,Bizkaia,Actualmente estamos buscando a un COMERCIAL INTERNO (BACK OFFICE) para la delegación de Bilbao,08/04/2024,573341,,,"Experiencia previa como comercial interno (Administración de ventas) en suministro industrial, metalúrgico o similar (por ejemplo comercialización de herramientas de construcción y mantenimiento). clara orientación servicio cliente y consecución objetivos. Habilidades de negociación y comunicación.",,,,,,,https://www.infojobs.net/bilbao/un-comercial-interno-suministros-industriales-back-office/of-i6afab4ddab4e5096a3550b1f7b9b07,1,
2,2024-04-14 10:38:49,ENCARGADO/A DE OBRA,Reinosa,Cantabria,Estamos buscando un/a encargado/a de obra para la zona sur de Cantabria.,08/04/2024,573340,,,Disponibilidad inmediata. Experiencia previa demostrable.,,,,,,,https://www.infojobs.net/reinosa/encargado-obra/of-i16296d06864f68880b6fa458294bfc,1,
2,2024-04-14 10:38:49,COCINERO/A RESTAURANTE,Basauri,Bizkaia,"Se busca COCINERO con experiencia demostrable para contrato a jornada completa, retribución según convenio, para entrar a formar parte de un gran equipo de trabajo en empresa consolidada en el sector. Se requiere experiencia tanto en menú y plancha, se valorara experiencia en montar barra.",08/04/2024,573339,,,"Experiencia demostrable de un año, se requiere informes. Se requiere experiencia tanto en menú y plancha, se valorara experiencia en montar barra. Se valora carnet de conducir y vehículo propio",,,,,,,https://www.infojobs.net/basauri/cocinero-restaurante/of-i4bdbc094194054bf1e22cef108e4cc,1,
2,2024-04-14 10:38:49,VIGILANTE DE SEGURIDAD SERVICIO ARMADO,Pamplona/Iruña,Navarra,En la actualidad buscamos un Vigilante de Seguridad para prestar servicio en la Base de Transporte de Fondos de nuestra delegación de Pamplona a tiempo completo compaginando con servicios en Transporte de Fondos.,08/04/2024,573338,,,Poseer la TIP de Vigilante de Seguridad,,,,,,,https://www.infojobs.net/pamplona/vigilante-seguridad-servicio-armado-pamplona-indefinido/of-ia775c1659349ba9d7320ca119d86ec,1,
2,2024-04-14 10:38:49,OFICIAL/A ALBAÑIL,Bergara,Gipuzkoa,Buscamos oficiales de albañilería con conocimientos de materiales refractarios para incorporación en taller situado en Bergara. Las funciones principales serán el picado y revestimiento de cucharas y el hormigonado de piezas con material refractario.,08/04/2024,573337,,,Experiencia como oficial de albañilería. Disponibilidad geográfica y horaria.,,,,,,,https://www.infojobs.net/bergara/oficial-albanil/of-i6bb8fee4c3428988cae41c4cd447ef,1,
2,2024-04-14 10:38:49,SUPERVISOR/A DE MONTAJE,Zizurkil,Gipuzkoa,"Empresa situada en Zizurkil necesita incorporar una persona con experiencia como supervisor/a de montaje donde realizará las siguientes funciones: Supervisión del pre-montaje mecánico de las instalaciones en planta, asegurarse que todos los materiales y herramientas estén preparados para el montaje en casa del cliente, redacción de guías de montaje para las contratas, etc.",08/04/2024,573336,,,"Formación de Ingeniería o grado superior en mecánica. Experiencia mínima de 4 años en funciones similares (montaje, mantenimiento y/o SAT). Se requiere comprensión de esquemas eléctricos y conocimientos básicos de electricidad. Nivel avanzado de inglés. Diponibilidad para viajar.",,,,,Idiomas requeridos Inglés,,https://www.infojobs.net/zizurkil/supervisor-montaje/of-i2882b93d034250a94db972a46d4001,1,
2,2024-04-14 10:38:49,GESTOR/A DE LIMPIEZA,Bilbao,Bizkaia,"Buscamos incorporar un/a GESTOR/A en nuestras oficinas de BILBAO para desempeñar las siguientes funciones: Coordinar el trabajo de limpieza de los recursos humanos del centro, mediante organización y del personal de los centros, trasmitiendo las órdenes oportunas a las personas que tiene a su cargo. Etc.",08/04/2024,573335,,,Al menos 3 años de experiencia en el puesto.,,,,,,,https://www.infojobs.net/bilbao/gestor-limpieza/of-i2cdcfba602406db1194f5e4a7d147c,1,
2,2024-04-14 10:38:49,DIRECTOR/A COMPRAS/APROVISIONAMIENTO,Irun,Gipuzkoa,"Supervisar mediante las directrices marcadas en el Plan Estratégico, los aprovisionamientos de materiales a fin de garantizar el stock óptimo (en base a unos parámetros marcados) garantizando el nivel de servicio.Diseñar política de compras y suministro. Liderar equipo compradores multidisciplinares. Gestión de stocks e inventario, y ejecución presupuesto financiero. Etc.",08/04/2024,573334,,,,,,,,,,https://www.infojobs.net/irun/director-compras-aprovisionamiento/of-ia39079e4434d149c371a5c512d6a42,1,
2,2024-04-14 10:38:49,VIGILANTE DE SEGURIDAD PARA CLÍNICA,Donostia/San Sebastián,Gipuzkoa,Seleccionamos Vigilante de Seguridad para una clínica situada en Donosti (Gipuzkoa). las funciones son control de accesos y rondas por el centro de trabajo,08/04/2024,573333,,,Imprescindible TIP en vigor,,,,,,,https://www.infojobs.net/donosti/vigilante-seguridad-para-clinica-donosti-gipuzkoa/of-i199e4f774f4d308ffdce318e4edb74,1,
2,2024-04-14 10:38:49,OPERARIO/A PRODUCCIÓN,Lumbier,Navarra,"Se ofrece incorporación a una importante empresa ubicada cerca de Sangüesa para trabajar como operario/a realizando turnos rotativos en 4º turno (dos días de mañana, dos días de tarde, dos días de noche y descanso o al final o entre medio). Las funciones a realizar son de tipo manual, manejo de herramientas, lijado, etc, según el puesto a desarrollar.",08/04/2024,573332,,,Experiencia previa como operario/a o similares. Disponibilidad completa de lunes a sábado. Disponibilidad para trabajar en la zona próxima a Sangüesa. Carné de conducir y vehículo propio.,,,,,,,https://www.infojobs.net/lumbier/operario-produccion-lumbier/of-i6f012aa78a465da1248c88d6481a68,1,
2,2024-04-14 10:38:49,PROJECT MANAGER DE DESARROLLO DE PRODUCTO,Vitoria-Gasteiz,Araba/Álava,"Reportando directamente al Director de Ingeniería, tu misión consistirá en liderar el correcto desarrollo de la gestión de nuevos productos",08/04/2024,573331,,,"Ingeniería técnica o superior (preferiblemente Ingeniería Mecánica). Experiencia de al menos 3 años en la gestión de proyectos de desarrollo de producto para automoción. Experiencia en gestión de equipos multidisciplinares (proyectistas CAD, simulaciones, prototipaje, ensayos, ingenieros de procesos,...). Diseño con herramientas CAD paramétricas, etc.",,,,,,,https://www.infojobs.net/vitoria-gasteiz/project-manager-desarrollo-producto/of-i6714b9a6a74ec9a2c86ac9efb9119f,1,
2,2024-04-14 10:38:49,TÉCNICO/A SAT ZONA NORTE,Eibar,Gipuzkoa,"Estamos buscando un/a Técnico/a SAT para la Zona Norte. La persona seleccionada se incorporará de forma estable en la empresa MTC, referente en suministros de mecanizado y decoletaje, con más de 30 de presencia en el sector de la máquina herramienta.",08/04/2024,573330,,,"Título de Grado Superior en electricidad, electrónico/a industrial, regulación y control, mecatrónica o robótica.Conocimientos en el sector de máquinas herramienta y CNC. Experiencia en interpretación de programas PCL, esquemas eléctricos, neumáticos, hidráulicos y planos mecánicos/as. Se valorará conocimientos de mecánico/a básica. Inglés y se valorará alemán. Etc.",,,,,Idiomas requeridos Inglés,,https://www.infojobs.net/eibar/tecnico-sat-zona-norte/of-i13ffb349064203a6a47819c9c1021c,1,
2,2024-04-14 10:38:49,CONTABLE Y AUXILIAR ADMINISTRATIVO/A,Bilbao,Bizkaia,Se busca cubrir dos puestos en nuestra empresa. Contable (Se valorará experiencia y conocimientos de SAGE50). Auxiliar administrativo para horario de tarde (Se valorará experiencia).,08/04/2024,573329,,,,,,,,,,https://www.infojobs.net/bilbao/contable-auxiliar-administrativo/of-if79861a57e4a8aaba0b347d1113bf1,2,
2,2024-04-14 10:38:49,OFICIAL/A MECANIZADO TORNO/FRESADORA CNC,Vitoria-Gasteiz,Araba/Álava,"En dependencia del Responsable de Mecanizado de la empresa, precisamos incorporar oficiales de mecanizado de Torno y Centro Mecanizado CNC, para importante empresa líder especializada en la transformación de productos metálicos.",08/04/2024,573328,,,Experiencia en puestos de trabajo similares. Título de Grado Medio/Superior de mecanizado o similares. Se valorará experiencia en Mori Seiki. Manejo de carretilla elevadora. Persona polivalente y con capacidad de aprender nuevos puestos de trabajo. Eficiencia y productividad. Orden y Limpieza del puesto de trabajo.,,,,,,,https://www.infojobs.net/vitoria-gasteiz/oficial-mecanizado-torno-fresadora-cnc/of-i78d5e2ec5b4ff59336d0b08ebeb0ad,2,
2,2024-04-14 10:38:49,INGENIERO/A DE INSTALACIONES FERROVIARIAS,Leioa,Bizkaia,"Para nuevos proyectos en el Sector Construcción en uno de nuestros clientes, precisamos un Ingeniero de Instalaciones Ferroviarias, zona de Bilbao.",08/04/2024,573327,,,Manejo de diseño y supervisión de obras de instalaciones ferroviarias. Conocimientos en metodología BIM. Titulación en ingeniería industrial. Inglés y Euskera valorable. Al menos 3 año en un puesto similar con tecnologías similares. Experiencia como ingeniero civil ( ferroviario e instalaciones). Carnet de conducir y vehículo propio. Etc.,,,,,,,https://www.infojobs.net/leioa/ingeniero-instalaciones-ferroviarias/of-iaa1bc7a1d94469bb8d318da3e53544,1,
2,2024-04-14 10:38:49,CARPINTERO/A METÁLICO,"Corrales De Buelna, Los",Cantabria,Nos encontramos en búsqueda de un/a Carpintero/a Metálico para una empresa del sector del metal ubicada en la zona de Los Corrales de Buelna.,08/04/2024,573326,,,"Experiencia trabajando como soldador/a, calderero/a o carpintero/a metálico de al menos 1 año. Experiencia soldando con semiautomática.",,,,,,,https://www.infojobs.net/corrales-de-buelna-los/carpintero-metalico-h-m/of-ic810d66449406bb2cd52022fccef19,1,
2,2024-04-14 10:38:49,ADMINISTRATIVA/O COMERCIAL,Logroño,Rioja (La),"Estamos buscando Un/a Administrativo/a Comercial para una importante empresa ubicada en los alrededores de Logroño. FUNCIONES: Trato directo con el cliente y con la red comercial externa. Gestión administrativa de introducción de pedidos al RP, generación de albaranes, etiquetas de transporte de expediciones, etc. Gestión de restos de pedidos de cliente. Etc.",08/04/2024,573325,,,Experiencia mínima en el sector de 2 años en puestos similares. Estudios mínimos relacionados con el puesto.,,,,,,,https://www.infojobs.net/logrono/administrativa-comercial/of-i72f5f85b5a4cc89577cacb7e60a84c,3,
2,2024-04-14 10:38:49,TÉCNICO/A DE MANTENIMIENTO SAT,Erandio,Bizkaia,Nos encontramos en la búsqueda de un/a técnico/a de mantenimiento SAT para una empresa ubicada en Asua. Su principal función será realizar la reparación y el mantenimiento de la maquinaria.,08/04/2024,573324,,,"Experiencia comprobable en el puesto. Experiencia en hidráulica, mecánica y, en menor medida, electricidad-electrónica.",,,,,,,https://www.infojobs.net/erandio/tecnico-mantenimiento-sat/of-i3ec59fa6294d9fa261388f4edd7d5b,1,
2,2024-04-14 10:38:49,COMERCIAL DE SUMINISTROS PARA OFICINA,Bilbao,Bizkaia,"Selecciona COMERCIAL para empresa de suministros y mobiliario de oficina. Funciones: Dispondrá de una base de datos, para realizar las llamadas de contacto a las empresas, y así conseguir su objetivo de nuevos clientes. También tendrá una pequeña cartera de empresas clientes, para su mantenimiento.",08/04/2024,573323,,,"Se ajusta al puesto persona con experiencia comercial y acostumbrada a trabajar con objetivos. Persona organizada, planificadora con orden y seguimiento de su trabajo. Necesario capacidad de comunicación en euskera. Disponibilidad de vehículo propio.",,,,,,,https://www.infojobs.net/bilbao/comercial-suministros-para-oficina/of-if000b7ded24753b7ac060574c684aa,1,
2,2024-04-14 10:38:49,TECNICO/A ADMINISTRATIVO/A,Beasain,Gipuzkoa,"Empresa de Rama Industrial precisa incorporar para un proyecto de implantación en la empresa de un nuevo ERP (RPS) la figura de un Tecnico/a-Coordinador/a que se encargue de poner en marcha el proyecto, volcar los datos en el sistema y una vez realizada la implantación inicial coordinar y supervisar diariamente el correcto funcionamiento del mismo, resolución de incidencias, etc.",08/04/2024,573322,,,"Formación con GRADO en ADE , Ingeniería, Derecho o similares. Muy valorable experiencia o manejo en algún ERP ( RPS ) o módulo de programa ( AUTOQ). Muy valorable BUEN NIVEL DE INGLES. Se precisa incorporación inmediata.",,,,,Idiomas requeridos Inglés,,https://www.infojobs.net/beasain/tecnico-administrativo/of-i782ddd3c31415eb15b8c5d4cd1e980,1,
2,2024-04-14 10:38:49,CARRETILLERO/A,Zalla,Bizkaia,Buscamos candidatos/as para cubrir puesto como carretillero/a para una empresa situada en la zona de Zalla. FUNCIONES: Manejo de carretilla para transportar bovinas. Manejo de grúa puente para recoger materiales de fábrica. Apoyo a la línea de producción. Manejo de pala cargadora para retirar residuos.,08/04/2024,573321,,,Formación de carretilla y grúa puente (carnets en vigor). Experiencia mínima de 1 o 2 años en líneas de producción y uso de carretilla. Residir en Vizcaya. Experiencia y carnet de pala cargadora en vigor.,,,,,,,https://www.infojobs.net/zalla/carretillero/of-i84b0cabdd9413b980f106ed949e91d,1,
2,2024-04-14 10:38:49,CADENA DE PRODUCCION PRODUCTOS ELECTRÓNICOS,Vitoria-Gasteiz,Araba/Álava,Seleccionamos un/a operario/a de producción con formación y experiencia en electrónica para una empresa situada en el polígono de Uritiasolo en Vitoria-Gasteiz. Las funciones serán de cadena de producción para producción y montaje de componentes electrónicos,08/04/2024,573320,,,Imprescindible formación y/o experiencia en electrónica. Se valorará experiencia en puesto similar,,,,,,,https://www.infojobs.net/vitoria-gasteiz/cadena-produccion-productos-electronicos/of-i958ea5baa944ad93a57074c661507f,1,
2,2024-04-14 10:38:49,ADMINISTRATIVO/A BANCARIO,Cordovilla,Salamanca,Buscamos para importante empresa ubicada en Cordovilla (Navarra) administrativos/as jurídicos/as para sector bancario.,08/04/2024,573319,,,"Grado en Derecho ADE, económicas, empresariales o similar. Conocimientos bancarios y/o en promociones. Licenciado de Administración y Dirección de Empresas. Experiencia en Identificación, análisis y estudio de la documentación, 1-2 años Experiencia en Créditos",,,,,,,https://www.infojobs.net/cordovilla/administrativo-bancario/of-if12d328b8a4801aaed5f56061c85e2,1,
2,2024-04-14 10:38:49,TECNICO/A DE MANTENIMIENTO MECANICO,Ermua,Bizkaia,"SE PRECISA TECNICO DE MANTENIMIENTO MECANICO OFICIAL DE PRIMERA CON EXPERIENCIA EN MANTENIMIENTO INDUSTRIAL, PRENSAS DE ESTAMPACION Y FORJA, FLEXIBILIDAD PARA TRABAJAR A JORNADA PARTIDA Y RELEVOS. OPORTUNIDAD PARA DESARROLLO PROFESIONAL Y DE COMPETENCIAS.",08/04/2024,573318,,,,,,,,,,https://www.infojobs.net/ermua/tecnico-mantenimiento-mecanico/of-iec08e61884447486e123d4da7f16fe,1,
2,2024-04-14 10:38:49,COMERCIAL DE PRODUCTO SOFTWARE (ZONA NORTE),Elgoibar,Gipuzkoa,"buscamos personas que quiera desarrollar su carrera profesional como Comercial de Producto Software en una empresa referente del sector a nivel nacional para la zona norte (Álava, Bizkaia, Gipuzkoa, La Rioja, Cantabria).",08/04/2024,573317,,,"Formación en informática, grado superior de comercio, ventas y espacios comerciales o similar. Es imprescindible poseer buenas dotes comunicativas. Poseer experiencia en el sector comercial y de ventas (sector informático, industrial). Poseer conocimientos sobre informática, para poder asesorar y realizar la venta del producto. Conocimientos en Softwares de diseño. Etc.",,,,,Idiomas requeridos Inglés,,https://www.infojobs.net/elgoibar/comercial-producto-software-zona-norte/of-ia24425a9474389a7cd4b29684789ff,5,
2,2024-04-14 10:38:49,TECNICO/A FINANCIERO Y CONTABLE,Calahorra,Rioja (La),"Departamento Administrativo-Financiero. Las funciones son: contabilidad general, cierres mensuales y colaboración en auditorías, gestión bancaria, pagos, cobros, elaboración y presentación de impuestos,... y otras tareas de gestión según necesidades",08/04/2024,573316,,,Imprescindible de la zona de Calahorra,,,,,,,https://www.infojobs.net/calahorra/tecnico-financiero-contable/of-i32817a2e7f4ece8fa5251017633ed5,1,
2,2024-04-14 10:38:49,DEPENDIENTE/A,Barakaldo,Bizkaia,"Se selecciona para sus centros de Abadiño y Barakaldo Vendedor/a-Decorador/a de mobiliario para el hogar, las funciones a desarrollar consistirán en asesorar a los clientes orientándoles y aconsejándoles sobre los productos que se adapten a sus necesidades, ,confeccionando y gestionando proyectos de decoración personalizados, con el objeto de lograr clientes satisfechos y fieles.",08/04/2024,573315,,,Experiencia mínima de un año,,,,,,,https://www.infojobs.net/barakaldo/dependiente/of-ic9a1ec00f94a82b95385293f1c629f,2,
2,2024-04-14 10:38:49,COMERCIAL EMPRESA INDUSTRIAL,Logroño,Rioja (La),Reconocida empresa industrial ubicada en las cercanías de Logroño. Tus funciones: Búsqueda de nuevos clientes. Contacto con clientes. Búsqueda de nuevos mercados.,08/04/2024,573314,,,Experiencia previa en puestos comerciales. Vehículo propio. Disponibilidad inmediata.,,,,,,,https://www.infojobs.net/logrono/comercial-empresa-industrial/of-i6eb04016ae42259dea615bdc7dc736,1,
2,2024-04-14 10:38:49,OFICIAL/A DE MANTENIMIENTO,Donostia/San Sebastián,Gipuzkoa,"Responder y atender las solicitudes de reparaciones de los huéspedes. Comunicarse con los huéspedes/clientes para resolver problemas de mantenimiento con poca o ninguna supervisión. Realizar mantenimiento preventivo en herramientas y equipo, incluyendo limpieza y lubricación",08/04/2024,573313,,,Demostrar un sólido conocimiento y habilidad en el uso seguro de herramientas manuales y automáticas y otros materiales requeridos para realizar tareas de reparación y mantenimiento.,,,,,,,https://www.infojobs.net/donostia-san-sebastian/oficial-mantenimiento/of-id862ef3eab4779bc37b3e9cc021b8e,1,
2,2024-04-14 10:38:49,PREPARADORES/AS DE PEDIDOS,Santander,Cantabria,Seleccionamos preparadores/as de pedidos en cámara de frio negativo para importante empresa de sector de alimentación. Tus funciones serán las siguientes: Preparación de pedidos con picking . Montaje y fleje de palets. Tareas en cámara frigorífica,08/04/2024,573312,,,Experiencia previa en puesto similar. Disposición para trabajar en cámara frigorífica. Vehículo propio. Disponibilidad inmediata,,,,,,,https://www.infojobs.net/santander/preparadores-pedidos/of-ia7186302ba4a79a396d2df18b1d6c1,1,
2,2024-04-14 10:38:49,RESPONSABLE DE COMPRAS,Orio,Gipuzkoa,"Gestionarás el proceso completo de las compras, desde la fase de anteproyectos, hasta la fase de montaje",08/04/2024,573311,,,Encajarás en esta posición si... Cuentas con estudios de Ingeniería Industrial o Mecánica. Aportas nivel alto de inglés. Cuentas con experiencia en la negociación con proveedores y planificación de las compras por proyectos. Tienes disponibilidad para viajar.,,,,,Idiomas requeridos Inglés,,https://www.infojobs.net/orio/responsable-compras/of-i8260aeb1a84b6e93f5a12044953024,1,
2,2024-04-14 10:38:49,TÉCNICO/A PLANIFICACIÓN DE PRODUCCIÓN (POWERBI),Bilbao,Bizkaia,"Si tienes más de 2 años de experiencia trabajando con la herramienta de control y vIsualización de datos PowerBI, nos comprometemos a impulsar tu talento, satisfacer tus expectativas laborales y hacerte sentir como en casa",08/04/2024,573310,,,"Ingeniería Técnica / Grado en Jurídicas (ADE, Economía..) / FPII. Experiencia mínima de 2 años trabajando en proyectos de planificación. Experiencia laboral con la herramienta de Power BI. Nivel de inglés Intermedio Alto.",,,,,Idiomas requeridos Inglés,,https://www.infojobs.net/bilbao/tecnico-planificacion-produccion-powerbi/of-ib208810c0447f6abbeabf33670d56d,1,
2,2024-04-14 10:38:49,MECÁNICO/A OFICIAL DE 1ª AUTOMOCIÓN,Bilbao,Bizkaia,"Estamos en la búsqueda de un MECANICO OFICIAL DE 1ª para nuestro concesionario de BILBAO. LAS TAREAS PRINCIPALES SERÁN: Mantenimiento simple y complejo. Diagnosis de averías (uso de máquinas). Cambios de Aceite, mantenimiento, revisiones. Montaje de neumáticos, geometría, nitrógeno, equilibrado. Escapes, catalizadores, amortiguadores, suspensiones, frenos. Etc.",08/04/2024,573309,,,Experiencia al menos de 3 años en mecánica. Experiencia en taller multimarca. Indispensable Carnet de conducir. Disponibilidad para trabajar jornada partida de Lunes a Viernes,,,,,,,https://www.infojobs.net/bilbao/mecanico-oficial-1-automocion-bilbao/of-i0ec55a77c74ac2aa5b2bc7c66041fd,1,
2,2024-04-14 10:38:49,COORDINADOR/A SERVICIO IT,Bilbao,Bizkaia,Buscamos una persona para COORDINAR el servicio que prestamos en uno de nuestros clientes: Programación de turnos ( 24x7). Coordinación y asignación de tareas al equipo de trabajo. Supervisión cumplimiento de ANS (Acuerdos de Nivel de Servicio). Interlocución con cliente,08/04/2024,573308,,,Experiencia previa en coordinación de equipos técnicos. Itil v4. Euskera. Formación académica relacionada con las TIC. Buenas dotes de comunicación. Capacidad organizativa.,,,,,Idiomas requeridos Euskera,,https://www.infojobs.net/bilbao/coordinador-servicio-it/of-ia7e3696ecf4158a6abdd821fd13e18,1,
2,2024-04-14 10:38:49,ADMINISTRATIVO/A TIEMPO PARCIAL,Pamplona/Iruña,Navarra,Se requiere incorporar un/a ADMINISTRATIVO/A DE BASE para sus oficinas de Pamplona A TIEMPO PARCIAL (20-25 HORAS SEMANALES) en horario de mañana de 8-9 a 12-13 horas.,08/04/2024,573307,,,"Disponibilidad para trabajar a tiempo parcial. Formación académica: CGM o CGS en administración o finanzas o similar. Se valorará grado universitario. Experiencia de al menos 5 años realizando funciones administrativas en empresas del sector del alquiler, construcción, industria y/o afines.Dominio paquete Office 365. Se valorará conocimientos Navision.",,,,,,,https://www.infojobs.net/pamplona-iruna/administrativo-tiempo-parcial-pamplona/of-ie7e11eea47448399a1650389aec859,1,
2,2024-04-14 10:38:49,COMERCIAL,Elgeta,Gipuzkoa,"Empresa del sector mueble situada en Gipuzkoa precisa incorporar a su plantilla un/a técnico comercial. Se valorará formación en ventas y/o marketing y conocimientos y experiencia del sector cocina y baño. Se busca una persona metódica, con iniciativa, organizada y resolutiva y con clara vocación comercial. Disponibilidad para viajar por la zona asignada (Euskadi). La",08/04/2024,573306,,,Experiencia como técnico comercial. Conocimiento y experiencia en sector mueble (cocina y baño),,,,,,,https://www.infojobs.net/elgeta/comercial/of-i89aa725493406ca55fc0b6c7be2706,1,
2,2024-04-14 10:38:49,RECURSO PREVENTIVO,Zaldibar,Bizkaia,"Buscamos un Recurso Preventivo para prestar sus servicios en un proyecto ubicado en Zaldivar, (Bizkaia) con una duración aproximada de 7 días.",08/04/2024,573305,,,Curso Básico PRL 60h.(semipresencial). Curso Riesgo Eléctrico. Experiencia min. 1 año.,,,,,,,https://www.infojobs.net/zaldibar/recurso-preventivo-bizkaia/of-ib5e114081849a49d2e4324e1f571a0,2,
2,2024-04-14 10:38:49,OFICIAL/A CARPINTERÍA CON COCHE,Arakaldo,Bizkaia,Es una empresa de la zona de Murga donde podrás aportar tus conocimientos de carpintería o adquirir experiencia si tienes la formación.,08/04/2024,573304,,,"Manejo de herramienta de carpintería, montaje de madera (muebles...), manejo de coladora, herraje y lija de madera, canteado de madera. Programación de máquina de corte (Nesting). Labores de carpintería avanzada (montaje complejo, cortes complejos...). Manejo de canteadora, herramienta portátil, máquina Tupi, escuadrado. Necesitarás vehículo para llegar al puesto de trabajo.",,,,,,,https://www.infojobs.net/arakaldo/oficial-carpinteria-con-coche/of-i080f6c9b5e4e13a9c5cb648dcd7bfc,1,
2,2024-04-14 10:38:49,DOCENTES PARA CAMPUS INFANTIL EN VERANO,Logroño,Rioja (La),"Se precisa incorporar en la compañía un número elevado de profesionales para el desarrollo de un campus de competencias digitales básicas para niños, niñas y adolescentes en modalidad presencial en los centros educativos de toda la comunidad de La Rioja.",08/04/2024,573303,,,"No se requiere conocimiento o experiencia previa en talleres de competencias digitales, ya que los candidatos recibirán una formación previa. El temario a impartir en las sesiones del campus con los niños y niñas y adolescentes será facilitado por la empresa a través de una plataforma online, así como todo el equipamiento necesario para el desarrollo de las sesiones educativas.",,,,,,,https://www.infojobs.net/logrono/docentes-para-campus-infantil-verano/of-i23e92db053474c9c372a9e5ead36ad,10,
2,2024-04-14 10:38:49,CAMARERA/O DE PISOS,Santander,Cantabria,Hotel de Santander precisa incorporar una persona (h/m) para desarrollar las tareas de limpieza de habitaciones y baños y cambio de ropa de cama durante las vacaciones de la plantilla. El horario es de 11 a 16 con descansos rotativos según cuadrante diseñado por la dirección.,08/04/2024,573302,,,Experiencia en hoteles como camarero/a de pisos,,,,,,,https://www.infojobs.net/santander/camarera-pisos/of-i323083d326439bb6c70a79923b7139,1,
2,2024-04-14 10:38:49,TÉCNICO/A DE SELECCIÓN,Bilbao,Bizkaia,"Bajo la supervisión del Manager del área de selección, esta posición se enfocará en los procesos integrales de selección, diseñando estrategias de búsqueda adaptadas a cada perfil y vacante.",08/04/2024,573301,,,"Experiencia en torno a 12 años en funciones similares, siendo interesante que haya trabajado anteriormente como head-hunter o consultoría, reclutando perfiles de ingeniería. Grado/ Master en Psicología o similar, siendo interesante una formación específica en RRHH. Nivel de inglés B2 C1.",,,,,Idiomas requeridos Inglés,,https://www.infojobs.net/bilbao/tecnico-seleccion/of-ib1597c516c49f895f30025805f5d9c,1,
2,2024-04-14 10:38:49,MONITOR/A COMEDOR ESCOLAR,Beasain,Gipuzkoa,SE NECESITAN MONITORES/AS PARA DIFERENTES CENTROS SITUADOS EN GOIERRI. ES IMPRESCINDIBLE SABER HABLAR EUSKERA CON FLUIDEZ. SE VALORARA LA EXPERIENCIA PREVIA EN PUESTOS SIMILARES AL OFERTADO,08/04/2024,573300,,,,,,,,Idiomas requeridos Euskera,,https://www.infojobs.net/beasain/monitor-comedor-escolar-goierri/of-ia3bf2025f7459c8e92be8eb2a56d9e,1,
2,2024-04-14 10:38:49,GESTOR/GESTORA DE PUNTO DE VENTA - ALIMENTACIÓN,Bilbao,Bizkaia,"empresa líder en el sector de la externalización y especializada en marketing operacional, selecciona un/a Gestor/Gestora de Punto de Venta para un importante cliente del sector de la alimentación",08/04/2024,573299,,,"Experiencia previa como Gestor/Gestora de Punto de Venta. Perfil con orientacion al cliente y a la negociación con dotes comerciales. Experiencia en el canal consumo. Disponibilidad para viajar por las zonas indicadas Vizcaya, Guipúzcua y Vitoria. Disponibilidad de incorporación inmediata.",,,,,,,https://www.infojobs.net/bilbao/gestor-gestora-punto-venta-alimentacion/of-id23313264b4bd18b37cf1839dbd4e0,1,
2,2024-04-14 10:38:49,VISITAS GUIADAS SIDRERÍA,Astigarraga,Gipuzkoa,"Tus funciones principales serán realizar visitas guiadas, rutas y actividades en 4 idiomas: castellano, euskera, francés e ingles.",08/04/2024,573298,,,"Fluidez en castellano, euskera, francés e inglés. Disponibilidad de fines de semana y festivos. Disponibilidad a largo plazo. Don de gentes y actitud comercial.",,,,,Idiomas requeridos Euskera Francés Inglés,,https://www.infojobs.net/astigarraga/visitas-guiadas-sidreria-contrato-indefinido/of-ie8ca3be2bb4da480a54796167b3e98,1,
2,2024-04-14 10:38:49,ASESOR/A COMERCIAL CANAL EMPRESAS - SECTOR AUTOMOCIÓN,Santander,Cantabria,Concesionario de Automoción precisa incorporar un/a Asesor/a Comercial Canal Empresas para representar a importante Marca del sector en la zona de Santander.,08/04/2024,573297,,,Aportar una formación de Ciclo Formativo de Grado Superior o Bachillerato. Experiencia mínima de 2 años como Comercial Empresas y/o Particulares. Persona acostumbrada a trabajar por objetivos y con clara orientación al cliente. Carnet de conducir y disponibilidad para viajar.,,,,,,,https://www.infojobs.net/santander/asesor-comercial-canal-empresas-sector-automocion/of-iac2cea3f4f4426be692a5df790c811,1,
2,2024-04-14 10:38:49,ADMINISTRATIVO/A,Vitoria-Gasteiz,Araba/Álava,Buscamos para una correduría de seguros un/a ADMINISTRATIVO/A. De qué te encargarías: Gestionar siniestros. Gestión documental. Organización de reuniones. Atención telefónica. Gestión del correo electrónico. Control y registro de información. Etc,08/04/2024,573296,,,Más de 5 años de experiencia en un puesto similar. Necesario conocimiento y experiencia en ofimática. Ideal conocimientos de nociones básicas de seguros y protocolos de compañias. Residencia en Vitoria-Gasteiz o cercanías.,,,,,,,https://www.infojobs.net/vitoria-gasteiz/administrativo/of-ia51a92ef3c4234bb19f0e3f98b28c9,1,
2,2024-04-14 10:38:49,INGENIERO/A ELÉCTRICO,Zamudio,Bizkaia,abrimos un nuevo proceso para incorporar talento como INGENIERO/A ELECTRICO,08/04/2024,573295,,,"Ingeniería Eléctrica. Experiencia profesional en puesto similar, 2 años de experiencia. SW necesario Autocad-Inventor. Conocimiento de máquinas eléctricas es una ventaja. Inglés, Capacitación profesional independiente (hablado, leído y escrito)",,,,,Idiomas requeridos Inglés,,https://www.infojobs.net/zamudio/ingeniero-electrico/of-i3edfb5761641718e4e6f07bd0ba758,1,
2,2024-04-14 10:38:49,ADMINISTRATIVA/O RRHH,Pamplona/Iruña,Navarra,"Las funciones a desarrollar estarán asociadas fundamentalmente a las relativas a la contratación laboral así como la tramitación de nóminas. gestión y/o derivación de la documentación relativa a clientes, PRL, y comunicación documental efectiva dentro del departamento en la gestión de personal.",08/04/2024,573294,,,,,,,,,,https://www.infojobs.net/pamplona-iruna/administrativa-rrhh/of-ie12b357c004ae587636c55c7ba44fa,1,
2,2024-04-14 10:38:49,CAMARERO/A Y AYUDANTE/A DE COCINA,Arnedo,Rioja (La),"Buscamos personal de COCINA y SALA para RESTAURANTE, bar y TERRAZA, situado en CASCO ANTIGUO de ARNEDO",08/04/2024,573293,,,"Experiencia de al menos 1 año, disponibilidad ABRIL, carnet de manipulador de alimentos, limpieza y ganas de trabajar y formar parte de un equipo dinámico y con muy buen ambiente.",,,,,,,https://www.infojobs.net/arnedo/camarero-ayudante-cocina/of-ibcac6afde44a31b9e668476520a2c6,2,
2,2024-04-14 10:38:49,JEFE/A OBRA TUNELES,Santander,Cantabria,"Se precisa Jefe de Obra para efectuar el control de trabajos, con experiencia en obra, obras lineales, muy valorable experiencia en instalaciones y túneles",08/04/2024,573292,,,"Titulación en Ingeniería de Caminos, Canales y Puertos, ITOP, Ingeniero Industrial, ITI con más de 10 años de experiencia profesional en puesto similar. Imprescindible fijar residencia en La provincia de Cantabria. Office, Excel, Presto, Autocad, Project.",,,,,,,https://www.infojobs.net/santander/jefe-obra-tuneles-santander/of-i7ccb89105741668ea0a88aa88361da,1,
2,2024-04-14 10:38:49,DELINEANTE OBRA CIVIL,Bilbao,Bizkaia,Delineación de obra civil y eléctrica en proyectos de plantas industriales mediante AutoCAD,08/04/2024,573291,,,Grado Superior en Obra Civil o similar. Experiencia en delineación de obra civil de al menos 3 años.,,,,,,,https://www.infojobs.net/bilbao/delineante-obra-civil-h-m/of-i942028716d474b9a1bcc7d97294eda,1,
2,2024-04-14 10:38:49,RESPONSABLE DE ADMINISTRACION / CONTROLLING / SISTEMAS IT,Vitoria-Gasteiz,Araba/Álava,Busca una persona profesional con experiencia pero sobre todo con proyección como RESPONSABLE DE ADMINISTRACION / CONTROLLING / SISTEMAS IT.,08/04/2024,573290,,,"Licenciatura en ADE o equivalente. ERP tipo SAGE, SAP o equivalente. Ofimática avanzada Excel alto nivel. Power BI. Realización de aplicaciones adaptadas. Valorable MBA.",,,,,,,https://www.infojobs.net/vitoria-gasteiz/responsable-administracion-controlling-sistemas-it/of-i1ca7df118c419385fea556e252108e,1,
2,2024-04-14 10:38:49,ELECTRICISTA,Leioa,Bizkaia,Necesitamos Electricistas Oficiales de 2ª con dos años de experiencia. Incorporación inmediata a jornada completa.,08/04/2024,573289,,,Segundo Ciclo Prevención Riesgos 20HORAS,,,,,,,https://www.infojobs.net/leioa/electricista/of-i422dcf3a73462e90d6771c9c8bc083,1,
2,2024-04-14 10:38:49,LABORATORIO,Cintruenigo,Navarra,"Bodega de la Ribera de Navarra precisa incorporar a una persona para el laboratorio. Sus funciones serán de análisis de muestras, control de calidad, etc.",08/04/2024,573288,,,Impresdindible una persona con formación y experiencia en el sector del vino,,,,,,,https://www.infojobs.net/cintruenigo/laboratorio/of-i78865545be4bf3abd7213197140d94,1,
2,2024-04-14 10:38:49,TÉCNICO/A SAP MANTENIMIENTO DE DATOS,Vitoria-Gasteiz,Araba/Álava,Para reconocida Multinacional del sector retail en Vitoria buscamos Técnico/a SAP mantenimiento de datos.,08/04/2024,573287,,,Experiencia como Consultor/a Técnico/a SAP demostrable. Buen nivel de Inglés. Disponibilidad de trabajar en Gojain.,,,,,Idiomas requeridos Inglés,,https://www.infojobs.net/vitoria-gasteiz/tecnico-sap-mantenimiento-datos/of-i5d430d150449e8aec3c648b7792bb9,1,
2,2024-04-14 10:38:49,NUTRICIONISTA,Vitoria-Gasteiz,Araba/Álava,"Buscamos un/una NUTRICIONISTA para cumplir nuestra misión, cuidar de las personas y transformar estilos de vidas promocionando la salud y el bienestar.",08/04/2024,573286,,,"Personas proactivas, con habilidades comunicativas, implicadas y que quieran ayudar a las personas a mejorar su calidad de vida a través de la alimentación. Graduados/Diplomados en Nutrición Humana y Dietética. Disponibilidad de vehículo propio.",,,,,,,https://www.infojobs.net/vitoria-gasteiz/nutricionista/of-idbab59326d4c5f8e7fd7ac8f606b63,1,
2,2024-04-14 10:38:49,RECURSO PREVENTIVO,Donostia/San Sebastián,Gipuzkoa,Actualmente disponemos de una vacante como RECURSO PREVENTIVO en San Sebastián para desarrollar los trabajos en uno de nuestros grandes clientes del sector textil.,08/04/2024,573285,,,Titulación mínima Curso Nivel Básico PRL 60H (20 presenciales). Manejo paquete ofimático cuentas de correo. Licencia de conducir B. Valorable experiencia como Recurso Preventivo.,,,,B,,,https://www.infojobs.net/san-sebastian/recurso-preventivo-san-sebastian/of-ic9d8643d154b768617b52ee221ac1a,1,
2,2024-04-14 10:38:49,AUX. ADMINISTRATIVO/A,Altsasu/Alsasua,Navarra,Seleccionamos un/a Auxiliar Administrativo/a para empresa del sector de la alimentación situada en la zona de Alsasua. FUNCIONES a desarrollar: Realización de albaranes. Pedidos. Correo electrónico. Word y Excel.,08/04/2024,573284,,,Seleccionamos a una persona con dominio en los programas antes descritos.,,,,,,,https://www.infojobs.net/alsasua/aux.-administrativo-alsasua/of-i820562e7fa4e7b84478fb3fcc5f7bc,1,
2,2024-04-14 10:38:49,COORDINADOR/A SOPORTE TECNICO IT,Bilbao,Bizkaia,"Nos gustaría incorporar un/a Coordinador/a de Soporte a Usuarios de Primer y Segundo Nivel, con una sólida formación en Ingeniería o similar, y experiencia técnica en IT. Lideraría un equipo técnico, donde sus habilidades serán fundamentales para garantizar un servicio de calidad, en un cliente relevante en Bilbao.",08/04/2024,573283,,,Grado en Ingeniería o similar. Experiencia práctica en la gestión de equipos de Soporte a Usuarios con ITIL. Capacidad de planificación y organización. Alta inteligencia emocional. Excelentes habilidades de comunicación verbal y escrita. Flexibilidad y adaptabilidad en un entorno dinámico. Proactividad y capacidad resolutiva. Etc.,,,,,,,https://www.infojobs.net/bilbao/coordinador-soporte-tecnico-it/of-i1d063a191143e8a492ed87005ebbd3,1,
2,2024-04-14 10:38:49,TÉCNICO/A DE LABORATORIO,Eibar,Gipuzkoa,"Ejecutar las etapas asignadas para cada ensayo. Registrar las etapas realizadas y/o los resultados obtenidos para cada ensayo. Realizar el mantenimiento y limpieza de los equipos y áreas de los laboratorios asignadas, según los procedimientos. Gestión de muestras.",08/04/2024,573282,,,Poseer Formación Profesional de Grado Superior o CFGS relacionado con laboratorio (química...etc) o formación universitaria en química. Contar con algo de experiencia en laboratorio.,,,,,,,https://www.infojobs.net/eibar/tecnico-laboratorio/of-iaf885f884a43fa92b9b4e7369ab1fc,1,
2,2024-04-14 10:38:49,AYUDANTE/A DE COCINA,Puente Viesgo,Cantabria,"Participar con alguna autonomía y responsabilidad en las elaboraciones de cocina bajo supervisión. Participa con cierta autonomía en la elaboración del menú. Se encargará del encendido de planchas, hornos y marmitas",08/04/2024,573281,,,"Experiencia de al menos 1 años, se valorará que sea en colectividades. Carnet de manipulador de alimentos. Disponibilidad completa e inmediata",,,,,,,https://www.infojobs.net/puente-viesgo/ayudante-cocina-sustitucion-puente-viesgo-cantabria-32h/of-ic9ea2f32974d73ad5d786fa3150c15,1,
2,2024-04-14 10:38:49,DEPENDIENTE/A,Irun,Gipuzkoa,Buscamos incorporar a nuestro equipo una persona con vocación de servicio para cubrir la vacante de Dependiente/a en nuestra tienda ubicada en Irún.,08/04/2024,573280,,,El puesto requiere experiencia previa en Venta al público,,,,,,,https://www.infojobs.net/irun/dependiente/of-i75779ef43f4ef295755c57362da698,1,
2,2024-04-14 10:38:49,AUXILIAR ADMINISTRATIVA/O,Barakaldo,Bizkaia,"Buscamos incorporar un/una Auxiliar Administrativo/a (Temporal) en Barakaldo (Vizcaya), cuya misión principal será dar apoyo al departamento de administración.",08/04/2024,573279,,,"Formacin FP o similar en Administración. Conocimientos en documentación de residuos. No se requiere experiencia. Se requiere Carnet de Conducir y vehículo propio. Perfil actitud proactiva, innovación, colaboración, autonomía, capacidad de comunicación y de análisis y polivalencia.",,,,,,,https://www.infojobs.net/barakaldo/auxiliar-administrativa-temporal-barakaldo-vizcaya/of-i0c85a24fca446b90a4d5431d97f8f1,1,
2,2024-04-14 10:38:49,CONDUCTOR/A MOZO/A MONTADOR MUDANZAS,Pamplona/Iruña,Navarra,Urge incorporar un mozo montador con experiencia montando y desmontando muebles para una empresa de mudanzas. Es necesario carnet de conducir y muy valorable carnet C.,08/04/2024,573278,,,Posibilidad de incorporación. Experiencia en tienda de muebles o mudanzas. Carnet tipo C. Buena forma física (carga de muebles/peso). Posibilidad de trabajar a jornada continua y partida.,,,,C,,,https://www.infojobs.net/pamplona-iruna/conducotr-mozo-montador-h-m-mudanzas/of-i4e69f8339f4ce3a74f345f6626cffe,1,
2,2024-04-14 10:38:49,ADMINISTRATIVO/A NIVEL ALTO DE INGLÉS,Donostia/San Sebastián,Gipuzkoa,Se busca administrativo con nivel alto de inglés para el desarrollo de tareas administrativas del mercado nacional e internacional. Se valorará el conocimiento de Francés.,08/04/2024,573277,,,,,,,,,,https://www.infojobs.net/donostia-san-sebastian/administrativo-nivel-alto-ingles/of-i935e8ab03242acb902147d90b9badc,1,
2,2024-04-14 10:38:49,PEÓN/A MECANIZADO,Legutio,Araba/Álava,"Empresa de maquinaria situada en el centro tecnológico de Legutio, Álava. Funciones: Plegadoras. Cizallas. Prensas. Corte plasma, laser. Recomendable manejo de grua puente",08/04/2024,573276,,,Al menos 2 años trabajando en las funciones descritas. Grado en mecanizado. Se valora experiencia en grúa puente. Interés y ganas de seguir aprendiendo. Disponibilidad inmediata para trabajar en el horario indicado,,,,,,,https://www.infojobs.net/legutiano/peon-mecanizado/of-i0bcf0958a1452e8ef7cc24eaf760e3,1,
2,2024-04-14 10:38:49,ELECTRICISTA INDUSTRIAL,Vitoria-Gasteiz,Araba/Álava,"Instalador Electricista, para trabajos en importante Centro Comercial en el centro de Vitoria. Instalación de canalizaciones, cableados, equipos, alumbrado, etc",08/04/2024,573275,,,Se valorará disponer de formación grado medio o superior en Electricidad o experiencia demostrable.,,,,,,,https://www.infojobs.net/vitoria-gasteiz/electricista-industrial/of-i0bc49a644343b88f675abd18420323,2,
2,2024-04-14 10:38:49,GESTOR/A COMERCIAL,Bilbao,Bizkaia,Nos encontramos en la búsqueda de Gestor comercial (H/M/X) para gran empresa del sector financiero. Funciones: Labores comerciales y atención al público. Orientar a clientes en la venta de productos financieros y en todo lo relacionado a las necesidades operacionales. Gestión de caja. Brindar apoyo en tareas administrativas. Etc.,08/04/2024,573274,,,"Formación licenciatura, grado o diplomatura en derecho, economía o ADE. Experiencia mínima de seis meses en atención al cliente  pertenecientes al sector financiero. Valorable Certificación oficial MIFID. Certificado LCCI y Certificado en Venta de Seguros. Idiomas euskera nivel B2.",,,,,,,https://www.infojobs.net/bilbao/gestor-comercial-h-m-x/of-i8359d2aff4429b80e71a19777b3b84,1,
2,2024-04-14 10:38:49,TECHNICAL WRITER,Santander,Cantabria,"estamos buscando un Technical Writer con experiencia gestionando documentación técnica para incorporarse de manera directa en la plantilla de nuestro cliente, empresa especializada en soluciones tecnológicas y de ingeniería.",08/04/2024,573273,,,"Se busca una persona con mínimo un año y medio de experiencia como Technical Writer en proyectos de IT. Si dispone de conocimientos en tecnologías .NET, mejor. Nivel de inglés medio alto. Muchos proyectos son internacionales",,,,,Idiomas requeridos Inglés,,https://www.infojobs.net/santander/technical-writer/of-ic6a127dd784bd293a4cad9bd8ec7cf,1,
2,2024-04-14 10:38:49,ELECTRICISTA,Bilbao,Bizkaia,"Somos una empresa del sector industrial que requiere incorporar oficiales y ayudantes electricistas. Los trabajos se realizan en las instalaciones de clientes de supermercados, oficinas e instalaciones industriales.",08/04/2024,573272,,,Disponibilidad de incorporación inmediata. Disponibilidad para viajar. Valorable formación previa en PRL,,,,,,,https://www.infojobs.net/bilbao/electricista/of-id990df9d4f4a85809ce666dafdcc41,3,
2,2024-04-14 10:38:49,PROGRAMADOR/A JAVA BACKEND,Bilbao,Bizkaia,Abrimos una nueva posición para perfil PROGRAMADOR JAVA BACKEND en BILBAO (HIBRIDO),08/04/2024,573271,,,"Experiencia en puesto al menos de 2 años. Experiencia en JAVA BATCH CON SPRING BOOT, COBOL. Experiencia con Metodologías SCRUM-AGILE. Experiencia con DESEABLES SPRING BATCH, JUNIT, ECLIPSE, GIT, SONARQUB. Conocimientos ECLIPSE, JENKINS, SONARQUB, JUNIT, JIRA",,,,,,,https://www.infojobs.net/bilbao/programador-java-backend/of-i1c75358fe64bd2a64f57135349b8a3,1,
2,2024-04-14 10:38:49,TECNICO/A SISTEMAS Y REDES IT,Bilbao,Bizkaia,Resolución de incidencias y problemas de segundo nivel. Realización de mantenimientos preventivos. Monitorización de sistemas y comunicaciones. Optimización de los sistemas de cliente. Realización de propuestas de mejora. Apoyo a la realización de proyectos.,08/04/2024,573270,,,El candidato deberá tener al menos 2 años de experiencia laboral en el ámbito de Sistemas y Comunicaciones. Windows Server. Microsoft Azure. Citrix. Office 365. Nagios. Ubiquiti.,,,,,,,https://www.infojobs.net/bilbao/tecnico-sistemas-redes-it/of-i1b11ae988245a1b0562b364e8a18a6,1,
2,2024-04-14 10:38:49,DEPENDIENTE/A PANADERIA,,Araba/Álava,Seleccionamos un/a dependiente/a a para cubrir una vacante en una importante cadena nacional de panaderías con tienda situada en una población de la Llanada Alavesa a 37 horas semanales. Funciones: Atención al cliente. Arqueo de caja. Horneo de pan y bollería. Realización de pedidos y devoluciones.,08/04/2024,573269,,,Experiencia en puesto similar y/o en hostelería. Disponibilidad de incorporación inmediata. Carnet de conducir,,,,,,,https://www.infojobs.net/cuadrilla-llanada-alavesa/dependiente-panaderia-llanada-alavesa/of-i0ba16a20d041519f73e8e1b963a587,1,
2,2024-04-14 10:38:49,PREPARADOR/A DE PEDIDOS ALMACÉN,Vitoria-Gasteiz,Araba/Álava,Seleccionamos operarios/as para una importante empresa del sector logístico ubicada en Jundiz para preparación de pedidos. Funciones: Realizar pedidos utilizando la traspaleta eléctrica. Carga y descarga del producto. Utilización de pistolas de radiofrecuencia. Ubicar el producto en sus correspondientes áreas de almacenaje.,08/04/2024,573268,,,Experiencia realizando Picking. Carnet de carretilla y experiencia en su manejo. Carnet de apilador electrico en vigor y experiencia con su manejo. Competencias: actitud y aptitud frente al trabajo y disposición para desarrollar el trabajo.,,,,,,,https://www.infojobs.net/vitoria-gasteiz/preparador-pedidos-almacen/of-i4e3d0712404f5ba0bd9a486192779c,1,
2,2024-04-14 10:38:49,ADMINISTRATIVO/A CONTABLE,Santander,Cantabria,"Seleccionamos a un/a Administrativo Contable para uno de nuestros hoteles de Santander. Entre otras, realizará las siguientes funciones: Gestión diaria de la contabilidad. Facturación. Procedimientos de control y conciliación de cuentas contables. Cierres mensuales y elaboración de informes reportando a la dirección. Análisis de los principales KPI's. Etc.",08/04/2024,573267,,,"Graduado/a en ADE, Económicas, Empresariales o similar. Conocimiento avanzado de paquete MS Office y Navision. Personas seria, responsable y organizada para trabajar de manera independiente y autónoma. Valorable conocimientos de sistema contable USALI.",,,,,,,https://www.infojobs.net/santander/administrativo-contable/of-i064083626642f195c1f8a1f2ba8d0b,1,
2,2024-04-14 10:38:49,ENCARGADO/A DE LIMPIEZA,Pamplona/Iruña,Navarra,"Encargado de servicios limpieza especializada, llevará a cabo las siguientes funciones en varias plantas del cliente en Navarra y Rioja: Realizará la supervisión y seguimiento del servicio, garantizando la calidad del mismo y solventando las posibles incidencias. Asegurará el cumplimiento de los objetivos marcados, implantando procedimientos y protocolos de trabajo. Etc.",08/04/2024,573266,,,"Imprescindible Formación Profesional de Grado Superior y experiencia en el sector de la limpieza industrial. Dominio de aplicaciones ofimáticas y aplicaciones WEB. Se valorarán conocimientos en limpieza de industria alimentaria. Persona con capacidad de gestión de equipos, supervisión de los mismos y habilidades comunicativas.",,,,,,,https://www.infojobs.net/pamplona/encargado-limpieza-pamplona/of-ied61ac0579476695308df74b5625d4,1,
2,2024-04-14 10:38:49,LIMPIADOR/A INDUSTRIAL,Logroño,Rioja (La),Buscamos personal con experiencia demostrable en limpieza industrial para cubrir un puesto en empresa cárnica. FUNCIONES: Limpieza de sala de trabajo (zona fría). Limpieza oficinas.,08/04/2024,573265,,,Experiencia previa,,,,,,,https://www.infojobs.net/logrono/limpiador-industrial/of-i9f580766d7497eb11bca21387f3c2b,2,
2,2024-04-14 10:38:49,MECÁNICO/A DE COCHES (UNIDAD MÓVIL),Oiartzun,Gipuzkoa,Actualmente buscamos un perfil en nuestro centro de servicio de Oiartzun (Donostia) para realizar las siguientes funciones en UNIDAD MÓVIL: Mantenimiento de neumáticos. Latiguillos. Balonas de suspensión. Amortiguadores.,08/04/2024,573264,,,Deseable Experiencia reciente en las funciones anteriores. Motivación. Iniciativa. Orientación al cliente. Trabajo en equipo.,,,,,,,https://www.infojobs.net/oiartzun/mecanico-coches-donostia-unidad-movil-euromaster/of-id4241750134cf28b8bb86944d1f5d8,1,
2,2024-04-14 10:38:49,SUPERVISOR/A DE MONTAJE,Donostia/San Sebastián,Gipuzkoa,"Colaborarás en la definición y Planificación de los Proyectos de Ejecución. Controlarás y Planificarás la Producción y la ejecución en Obra. Gestionarás los recursos, los costes y la calidad de la ejecución de las obras. Te encargaras del área de Seguridad en Obra. Tendrás interlocución con Dirección de Obra y Oficina.",08/04/2024,573263,,,"Encajarás en esta posición si... dispones de Titulación Técnica media, Grado en el área de Obra Civil, Arquitectura técnica, Ingeniería o similares. Tienes dominio de programas de diseño (autocad) y ofimática y MsProject. Aportas un nivel medio de inglés. Dispones de completa disponibilidad para viajar y mantener desplazamientos de duración media.",,,,,,,https://www.infojobs.net/donostia-san-sebastian/supervisor-montaje/of-i9cb03f121a48bba5434f28bc1da429,1,
2,2024-04-14 10:38:49,CONDUCTOR/A DE CAMIÓN,Zierbena,Bizkaia,Realizar las cargas y descargas de combustibles en las plantas de almacenamiento asignadas. Realizar el transporte de la mercancía. Realizar el mantenimiento adecuado para que el vehículo esté siempre a disposición de la empresa.,08/04/2024,573262,,,Permiso de conducción D+E. Certificado ADR y CAP en vigor. Valorable experiencia previa.,,,,,,,https://www.infojobs.net/zierbena/conductor-camion/of-if6d06e1592485e849fa7d38259d6d6,1,
2,2024-04-14 10:38:49,SALES ASSISTANT,Pamplona/Iruña,Navarra,"Estamos buscando vendedores/as a tiempo parcial con ganas y energía, para jugar un rol súper importante a la hora de brindar una experiencia de compra excepcional para nuestros clientes/as",08/04/2024,573261,,,"Personas que tengan una actitud positiva, que disfruten trabajando cara al público y en un entorno ritmo ágil. La capacidad de ver con entusiasmo un desafío, como una oportunidad para desarrollarte, crecer en tu carrera y aprender nuevas habilidades. Excelentes habilidades de comunicación y trabajo en equipo. Etc.",,,,,,,https://www.infojobs.net/pamplona/sales-assistant-jd-pamplona/of-if8e2f19bef491faedd67e25fc51142,2,
2,2024-04-14 10:38:49,TÉCNICO/A ADMINISTRATIVO CON INGLÉS,Vitoria-Gasteiz,Araba/Álava,Importante empresa del sector industrial busca incorporar a un/a TECNICO/A ADMINISTRATIVO/A CON INGLÉS,08/04/2024,573260,,,"Formación Profesional de Grado Superior en Administración o equivalente. Conocimiento y manejo de herramientas informáticas. Manejo de idioma inglés a nivel B2 o similar. Experiencia mínima de 1 año relacionada con el puesto. Capacidad de Organización, Comunicación y Trabajo en Equipo. Orientación a objetivos y resultados",,,,,Idiomas requeridos Inglés,,https://www.infojobs.net/vitoria-gasteiz/tecnico-administrativo-con-ingles/of-ib304af396b46de808c024dfbd9af22,1,
2,2024-04-14 10:38:49,JEFATURA DE MANTENIMIENTO,Pasaia,Gipuzkoa,"Estamos buscando incorporar una persona para la plaza de Jefatura de Mantenimiento. Trabajarás en un entorno donde el conocimiento se vive y el medio ambiente, el medio marino, la salud, la alimentación, la investigación y la tecnología son las bases de nuestro día a día.",08/04/2024,573259,,,"Nos gustarás para el equipo si¿ Cuentas con una titulación académica de Grado superior de FP, graduado/a en ingeniería industrial o similar. Tienes al menos 5 años en posición similar. Nivel medio de inglés. Etc.",,,,,Idiomas requeridos Inglés,,https://www.infojobs.net/pasaia/jefatura-mantenimiento/of-i43db82f2424ac3b1342b942c045519,1,
2,2024-04-14 10:38:49,ADMINISTRATIVO/A COMERCIAL,Basauri,Bizkaia,"Atención al público de forma presencial. Experiencia en el sector energético, conocimientos de contratos de energía y gas",08/04/2024,573258,,,Experiencia en atención al público presencial. Conocimientos de contratos de energía y gas,,,,,,,https://www.infojobs.net/basauri/administrativo-comercial-bilbao/of-i12ca9c585a4762b2e4a648f039eccb,1,
2,2024-04-14 10:38:49,TÉCNICO/A CONTABLE,Tudela,Navarra,"Se busca un Técnico Contable para unirse a una reconocida Empresa multinacional del sector de la alimentación, conocida por su compromiso con la calidad, la innovación y la sostenibilidad.",08/04/2024,573257,,,"Formación académica finalizada en Contabilidad, Finanzas o similar. Experiencia mínima de 3 a 5 años en roles similares, idealmente en el sector de la alimentación o afines. Habilidades destacadas en la elaboración y análisis de balances, gestión de activos, y manejo de ingresos y cobros.",,,,,,,https://www.infojobs.net/tudela/tecnico-contable/of-i4fc44cc9a849df9d99f92f695bf99c,1,
2,2024-04-14 10:38:49,RESPONSABLE LOGÍSTICO,Santander,Cantabria,Importante empresa del sector Retail/Gran Distribución busca incorporar un/a Responsable de Logística para su centro ubicado en Santander,08/04/2024,573256,,,"Formación imprescindible Grado universitario o FP relacionado con la posición. Se valorará Estudios de Postgrado y/o Master en sector Logístico. Experiencia mínima de 5 años desempeñando las funciones descritas y liderando equipos directos, preferiblemente en empresas de gran distribución/retail. Gestión grandes volúmenes de mercancía. Etc.",,,,,,,https://www.infojobs.net/santander/responsable-logistico-santander/of-ia7d903a2344ca69ead34e442a69aff,1,
2,2024-04-14 10:38:49,AUXILIAR ADMINISTRACIÓN,Pamplona/Iruña,Navarra,"Se incorporará al departamento de administración de la empresa, dando apoyo al equipo comercial y de reparto. Funciones. Atención telefónica. Recepción y gestión de documentación. Introducción de pedidos. Gestión Facturas. Facturación. Apoyo equipo comercial.",08/04/2024,573255,,,"Manejo de Excel nivel medio, facturación y office.",,,,,,,https://www.infojobs.net/pamplona-iruna/auxiliar-administracion/of-iee10d9b0ba4c4e897714ae451841d1,1,
2,2024-04-14 10:38:49,CONSULTOR/A CON CONOCIMIENTOS EN GESTIÓN DE EMPRESAS,Logroño,Rioja (La),"Queremos incorporar una persona implicada, preferiblemente con experiencia y/o conocimientos en ERP (programa de gestión empresarial de las áreas Contabilidad y Finanzas, Compras, Ventas, Almacén y Fabricación).",08/04/2024,573254,,,Mínimo 1 año de experiencia previa en departamento de venta. Experiencia/ Conocimientos en procesos de gestión empresarial. Valorable alto conocimiento de negocio. Valorable conocimientos productos Sage: ERP y CRM. Conocimientos de gestión empresarial. Conocimientos de Aplicaciones Ofimáticas. Etc.,,,,,,,https://www.infojobs.net/logrono/consultor-con-conocimientos-gestion-empresas/of-i6e3be041134c49b6e4cce86151f8c8,1,
2,2024-04-14 10:38:49,TÉCNICO/A DE MANTENIMIENTO ELECTRICO,Vitoria-Gasteiz,Araba/Álava,"Importante empresa del sector químico busca técnico con perfil eléctrico/electrónico, preferiblemente con titulación de Ciclo Formativo de Grado Superior en electricidad/ electrónica o mantenimiento industrial, con al menos 1 año de experiencia en un puesto similar.",08/04/2024,573253,,,"Técnico con perfil eléctrico/electrónico, preferiblemente con titulación de Ciclo Formativo de Grado Superior en electricidad/electrónica o mantenimiento industrial (electromecánica, mecatrónica o equivalente). Se requieren conocimientos y experiencia en circuitos eléctricos/electrónicos, regulación y control de automatismos. Etc.",,,,,,,https://www.infojobs.net/vitoria-gasteiz/tecnico-mantenimiento-electrico/of-i1111a39a274f60a5d6aac41d566620,1,
2,2024-04-14 10:38:49,INGENIERO/A INDUSTRIALIZADOR/A,Irun,Gipuzkoa,"Como miembro del Departamento de Ingeniería de Producción, tu misión será industrializar e implantar la producción de líneas.",08/04/2024,573252,,,"Poseer estudios de Ingeniería, dado el alto contenido técnico del puesto. Un nivel alto de inglés, ya que tendrás contacto continuo con interlocutores internacionales. ¡Sin olvidar nuestras raíces! El euskera, que podrás utilizarlo en tu día a día. Contar con conocimientos de Lean Manufacturing, 5S-s y de diseño en CATIA. Etc.",,,,,,,https://www.infojobs.net/irun/ingeniero-industrializador/of-i9243956458438da85f1b17e0272e6d,1,
2,2024-04-14 10:38:49,JEFE/A DE TRÁFICO - TRANSPORTE DE PASAJEROS,Lazkao,Gipuzkoa,Estamos realizando un proceso de selección de un puesto de jefe de tráfico y de equipo de conductores para empresa vasca dedicada al transporte por carretera de viajeros a nivel local y nacional en su sede en la zona de Lazkao.,08/04/2024,573251,,,El candidato /a tendrá que llevar un teléfono móvil y estar localizable para resolver incidencias a cualquier hora dentro de unos turnos establecidos y recompensados. Euskera. Experiencia en puesto similar. Manejo de herramientas del paquete Office. Gestión de equipos.,,,,,,,https://www.infojobs.net/lazkao/jefe-trafico-transporte-pasajeros/of-i0bcd4ff1e8446093879929bebfc6b1,1,
2,2024-04-14 10:38:49,PODÓLOGO/A,Pamplona/Iruña,Navarra,Se busca Podólogo/a para nuestro centro Bedmar en Pamplona,08/04/2024,573250,,,Titulación de Podología. Con o sin Experiencia previa. Alta capacidad de trabajo en equipo. Habilidad en la atención al cliente,,,,,,,https://www.infojobs.net/pamplona-iruna/podologo/of-i91bb98fb69474bb1c2ad418e0a5960,1,
2,2024-04-14 10:38:49,TÉCNICO/A FINANCIERO,Elgoibar,Gipuzkoa,"Buscamos incorporar un/a Técnico Financiero para reforzar nuestro equipo administrativo. Este perfil se integrará en el Departamento Financiero para participar en la gestión administrativa, contable y financiera de las empresas nacionales e internacionales del grupo.",08/04/2024,573249,,,Licenciatura/Grado en ADE. Experiencia mínima de 5 años en departamentos administrativos/financieros de empresas industriales o empresas de auditoria. Nivel alto de inglés. Se valorará experiencia en Navision.,,,,,,,https://www.infojobs.net/elgoibar/tecnico-financiero/of-if75446b5cb4710a84f24d6e04b7a31,1,
2,2024-04-14 10:38:49,INGENIERO/A SUPERIOR (PLANIFICADOR/A DE SISTEMAS DE GESTIÓN DE PRODUCCIÓN),Vitoria-Gasteiz,Araba/Álava,"Como Planificador de Sistemas de Gestión de Producción, desempeñarás un papel crucial en la optimización de los procesos de producción a través del diseño, implementación y supervisión de sistemas de gestión eficientes, con un enfoque específico en la integración de herramientas de Industria 4.0",08/04/2024,573248,,,"Formación requerida: Ingeniería Superior (Industrial, Procesos, Organizacional...). Inglés fluido (escrito y oral). Valorable alemán. Disponibilidad para realizar incorporación inmediata. Disponibilidad para trabajar de lunes a viernes en horario de 07.00 a 15.00 (entrada y salida flexible).",,,,,Idiomas requeridos Inglés,,https://www.infojobs.net/vitoria/ingeniero-superior-planificador-sistemas-gestion-produccion-contrato-sustitucion-aprox.-6-meses/of-ifef2c136534f6ab544eb89278115b2,1,
2,2024-04-14 10:38:49,SOLDADOR/A DE MIG-MAG ESTAMPAC.,Ermua,Bizkaia,"Importante empresa de automoción situada en el Bajo Deba necesita incorporar en la sección de montaje, soldadores/as de semiautomática. Contrato eventual y luego posibilidad de incorporación a la empresa.",08/04/2024,573247,,,"Formación en soldadura (semiautomática, electrodo, etc.). Experiencia previa con soldadura MIG-MAG (semiautomática). Necesario Vehículo Propio. Disponibilidad inmediata. Disponibilidad para trabajar a turnos de 2 o 3 relevos. Ganarás un salario por encima del convenio del metal. Posibilidad de contrato en plantilla por empresa.",,,,,,,https://www.infojobs.net/ermua/soldador-mig-mag-estampac.-metalicas-egui/of-i1509e94af942b3a517f05d66a3f4cc,5,
2,2024-04-14 10:38:49,DEPENDIENTE/A,Irun,Gipuzkoa,Se necesita dependienta para trabajar en un estanco en frontera. Se valorará tener conocimientos de francés,08/04/2024,573246,,,,,,,,,,https://www.infojobs.net/irun/dependiente/of-i308f223b1948949b2ab7ac4cb3c87a,1,
2,2024-04-14 10:38:49,TÉCNICO/A DE MANTENIMIENTO SECTOR EÓLICO,,Rioja (La),Actualmente nos encontramos en pleno crecimiento y estamos buscando incorporar 1 TÉCNICOS DE MANTENIMIENTO EÓLICO para los parques eólicos que mantenemos en la zona Arnedo (La Rioja).,08/04/2024,573245,,,"1 año de experiencia en eólica. Conocimientos eléctricos y electromecánicos. Manejo de equipos informáticos (portátil, herramientas ofimáticas). Carnet de conducir B. Predisposición ante la variabilidad de trabajos, horarios, proyectos, guardias de fin de semana.",,,,B,,,https://www.infojobs.net/arnedo-o-alrededores/tecnico-mantenimiento-sector-eolico/of-i3c575c83284ea98082bf94fe0aa27e,1,
2,2024-04-14 10:38:49,RESPONSABLE DE PRODUCCIÓN,Vitoria-Gasteiz,Araba/Álava,"Empresa industrial del sector del metal líder en su mercado está interesada en incorporar para su planta en las cercanías de Vitoria-Gasteiz Responsable de Producción. Su misión principal será la de coordinar los recursos de su área de trabajo de acuerdo a los criterios de seguridad, optimizando la calidad, el coste y el plazo de fabricación.",08/04/2024,573244,,,"Deberá poseer formación afín al puesto, sólida experiencia como responsable de turno en plantas productivas o como responsable de producción en puesto similar adquirida en empresas industriales de entornos exigentes (automoción o afines) valorándose, la experiencia profesional en gestión avanzada de la producción, optimización de recursos productivos, gestión de equipos humanos.",,,,,,,https://www.infojobs.net/vitoria-gasteiz/responsable-produccion/of-if98c80557d4f77967c0618fef7bbe8,1,
2,2024-04-14 10:38:49,ASESOR/A INMOBILIARIO,Vitoria-Gasteiz,Araba/Álava,Inmobiliaria busca comercial en Vitoria con experiencia en cualquier área comercial dedicada a la atención al cliente. Realizará la comercialización de los inmuebles hasta la formalización de las ventas.,08/04/2024,573243,,,Buena actitud ante el trabajo. Buena presencia. Vocación de atención de cara al público. Se valorará positivamente tener carnet de conducir de coche,,,,,,,https://www.infojobs.net/vitoria-gasteiz/asesor-inmobiliario/of-i3f13ef2d274f248912f0e8c73d3475,1,
2,2024-04-14 10:38:49,ADMINISTRATIVO/A COMERCIAL CON INGLÉS Y FRANCÉS,,Bizkaia,Importante empresa industrial perteneciente a Grupo Multinacional ubicada en Izarra precisa incorporar un/a Administrativo/a Comercial en exportaciones con buen dominio de inglés y francés.,08/04/2024,573242,,,Formación ámbito administrativo. Imprescindible buen dominio de inglés y francés. Experiencia previa de al menos 1 año. Vehículo propio para acceder al puesto de trabajo. Incorporación inmediata.,,,,,Idiomas requeridos Inglés Francés,,https://www.infojobs.net/izarra/administrativo-comercial-con-ingles-frances/of-i6f6dc681c04582bd3a7453b541c217,1,
2,2024-04-14 10:38:49,AYUDANTE/A DE CAMARERO,Urnieta,Gipuzkoa,"Necesitamos un ayudante de camarera/o para el turno de tarde. Su trabajo consistirá en apoyar al camarera/o responsable del turno en las tareas inherentes al puesto: servicio de comidas y bebidas, atención al cliente, etc.",08/04/2024,573241,,,,,,,,,,https://www.infojobs.net/urnieta/ayudante-camarero/of-i86dc0e63e0431c8b1703c5d730fc1f,1,
2,2024-04-14 10:38:49,TÉCNICO/A DE SOPORTE IT,Bergara,Gipuzkoa,"Buscamos un/a Técnico/a de Soporte en microinformático para dar servicio a uno de nuestros clientes ubicado en Gipuzkoa. Qué vas a hacer: Resolución y gestión de incidencias in situ (microinformática, redes, hardware, periféricos...). Capacidad de análisis y troubleshooting de incidencias en plataformas distribuidas. Mantenimiento de inventario. Etc.",08/04/2024,573240,,,Conocimientos en: Sistemas Operativos. Periféricos. MS Office. Orientación al cliente. Carnet de conducir B1,,,,B1,,,https://www.infojobs.net/bergara/tecnico-soporte-it/of-ic07e74ffcb4ea495429fcf4e5109c5,1,
2,2024-04-14 10:38:49,ENFERMERAS/OS TITULADOS EN ENFERMERÍA,Logroño,Rioja (La),Nos encontramos en búsqueda de profesionales graduados en Enfermería para varios hospitales privados de prestigio en Logroño. Especialidades: Enfermeras /os Hospitalización. Enfermeros /as Quirófano. Enfermeras /os UCI.,08/04/2024,573239,,,,,,,,,,https://www.infojobs.net/logrono/enfermeras-titulados-enfermeria/of-ia4a2a0c6d04188bc46d85bc0d7be0a,3,
2,2024-04-14 10:38:49,JEFE/A DE ALMACEN DE FERTILIZANTES,Santander,Cantabria,"En dependencia del Director General, la persona a contratar se responsabilizará de coordinar y organizar la actividad productiva de una planta de fertilizantes",08/04/2024,573238,,,"Aportar soporte documental de titulación mínima requerida (INGENIERA). Aportar experiencia contrastada en plantas productivas similares. Tener experiencia mínima de 3 años en un puesto similar, en una empresa con proceso industrial, preferiblemente en el sector de suministros agrícolas y/o ganaderos, (semillas, piensos, substratos, áridos, materias primas, etc.).",,,,,,,https://www.infojobs.net/santander/jefe-almacen-fertilizantes/of-iad5b18013f4c6a94c70250f96f2fa7,1,
2,2024-04-14 10:38:49,FISIOTERAPEUTA,Vitoria-Gasteiz,Araba/Álava,"Estamos buscando FISIOTERAPEUTA para hacer un contrato INDEFINIDO para el servicio de Fisioterapia Preventiva en Centro de Mayores ubicado en Vitoria. Las funciones a desempeñar serían las siguientes: Mejorar la capacidad funcional de la persona mayor, evitando el deterioro progresivo, mediante actividades de fisioterapia grupal preventiva y de mantenimiento.",08/04/2024,573237,,,Grado en Fisioterapia. Colegiación,,,,,,,https://www.infojobs.net/vitoria/fisioterapeuta-indefinido-jornada-parcial/of-i862c39e78d4e65b7860b499c58d156,1,
2,2024-04-14 10:38:49,AUXILIAR DE GERIATRÍA,Vitoria-Gasteiz,Araba/Álava,buscamos para residencia ubicada en el centro de la ciudad auxiliares de geriatría para incorporación inmediata.,08/04/2024,573236,,,Tener experiencia previa en residencias y/u hospitales. Estar en posesión del titulo de Auxiliar de Enfermería y/o Certificado de Profesionalidad en Atención Sociosanitaria en Instituciones. Disponibilidad para incorporación inmediata.,,,,,,,https://www.infojobs.net/vitoria-gasteiz/auxiliar-geriatria/of-ib54823a06d4161acbaf8826900ca05,1,
2,2024-04-14 10:38:49,MANUFACTURING AND PROCESS DEVELOPMENT ENGINEER (PHOTOLITHOGRAPHY & ELECTROPLATING),Arrasate/Mondragon,Gipuzkoa,El Ingeniero de Fabricación y Desarrollo de Procesos lidera iniciativas para madurar productos de dispositivos médicos desde el prototipo hasta el mercado a través de la ampliación de los procesos de fabricación y la influencia en el diseño de dispositivos para garantizar DFM.,08/04/2024,573235,,,"Licenciatura en Ingeniería, Fabricación o equivalente. Más de 5 años de experiencia industrial en desarrollo y fabricación de procesos (preferiblemente en el sector de Life Science o sectores relacionados). Haber trabajado en un entorno de sala blanca regulado por la norma ISO 13485 (preferible). Conocimientos avanzados de herramientas generales de ingeniería, etc.",,,,,,,https://www.infojobs.net/arrasate-mondragon/manufacturing-and-process-development-engineer-photolithography-electroplating/of-ic0a5b7038f483a933442cce90fb860,1,
2,2024-04-14 10:38:49,JEFE-A DE PRODUCCION,Bilbao,Bizkaia,"Colaborar con el Jefe-a de Obra en la consecución de los objetivos establecidos para la ejecución de la obra. Realizar las tareas propias de producción de obra, rendimientos, planificación, supervisión de trabajos. Realización de mediciones reales y certificaciones. Organización y supervisión de trabajo en obra, dando soporte directo al/la Jefe-a de Obra. Etc.",08/04/2024,573234,,,"Titulación en Arquitectura Técnica, Ingeniería de Edificación o similar.Experiencia mínima de dos años en obras de edificación, valorándose la adquirida en vivienda. Conocimientos de MS Office, AutoCAD, Project y Presto",,,,,,,https://www.infojobs.net/bilbao/jefe-produccion/of-i54fa73a0434567b9ab9ec9504880f7,1,
2,2024-04-14 10:38:49,TÉCNICO/A DE SISTEMAS,Marcilla,Navarra,"Actualmente, la empresa se encuentra queriendo incorporar a un/a Técnico de Sistemas para encargarse y dar soporte al Director de Sistemas en toda la gestión y mantenimiento de sistema e infraestructura informática de la empresa.",08/04/2024,573233,,,"Eres el/la candidato/a ideal si¿ Dispones de formación en CFGS en Administración de Sistemas, Ingeniería Técnica de Sistemas, CFGM en Sistemas Microinformáticos o similar. Aportas experiencia mínima de 2 años en funciones similares. Conocimiento de administración de sistemas operativos (Windows, Windows Server, Linux). Etc.",,,,,,,https://www.infojobs.net/marcilla/tecnico-sistemas/of-i8e18f2a864479895263b23a4229238,1,
2,2024-04-14 10:38:49,INGENIERO/A ELECTRÓNICO/TELECOMUNICACIONES JUNIOR - DEPARTAMENTO DE PRUEBAS,Beasain,Gipuzkoa,"Tu misión será la organización, preparación y ejecución de las pruebas en factoría y vía de diferentes unidades suministradas al cliente, de acuerdo con los procedimientos de validación establecidos por proyecto.",08/04/2024,573232,,,"Poseer estudios de Ingeniería Electrónica o Ingeniería en Telecomunicaciones dado el alto contenido técnico del puesto y del producto. No es necesario que aportes experiencia. Para desarrollar con éxito tu misión, bastará con que tengas actitud y motivación. Creemos que esta puede ser una gran oportunidad para poder arrancar con tu trayectoria profesional. Etc.",,,,,Idiomas requeridos Inglés Alemán o Francés,,https://www.infojobs.net/beasain/ingeniero-electronico-telecomunicaciones-junior-departamento-pruebas/of-i5b21a2df31464cb644cf7bfddce8f3,1,
2,2024-04-14 10:38:49,VENDEDOR/A MUEBLES,Vitoria-Gasteiz,Araba/Álava,Asesoramiento comercial para el cliente. Venta de todos nuestros artículos. Realización y seguimiento de pedidos a fábrica. Servicio telefónico postventa. Tareas administrativas de gestión,08/04/2024,573231,,,Experiencia de al menos 1 año en ventas. Conocimientos informáticos a nivel usuario medio.,,,,,,,https://www.infojobs.net/vitoria-gasteiz/vendedor-muebles-vitoria-1330-brutos-comisiones/of-i398d4522374585b26a46e0950bc667,1,
2,2024-04-14 10:38:49,CONDUCTOR/A CAMIÓN Y CARRETILLA,Santander,Cantabria,Se selecciona conductor/a de camión y carretilla con experiencia en su manejo y disponibilidad de incorporación inmediata.,08/04/2024,573230,,,Certificados/carnet y experiencia en el manejo de dicha maquinaria.Disponibilidad de incorporación inmediata. Disponibilidad para trabajar a turnos.,,,,,,,https://www.infojobs.net/santander/conductor-camion-carretilla/of-ie2861ba8364e37b0b93caaef579e07,1,
2,2024-04-14 10:38:49,TÉCNICO/A DE COMPRAS (RETAIL),Vitoria-Gasteiz,Araba/Álava,"Actualmente buscamos una posición de comprador/a-vendedor/a, con amplias habilidades de negociación y orientación a cliente.",08/04/2024,573229,,,Experiencia en compra-venta. Habilidades de negociación. Orientación a usuario.,,,,,,,https://www.infojobs.net/vitoria-gasteiz/tecnico-compras-retail/of-ic097d28aa2438dbdf0a48c6c80620e,1,
2,2024-04-14 10:38:49,ADMINISTRADOR/A SENIOR EN TECNOLOGÍAS MICROSOFT,Arrasate/Mondragon,Gipuzkoa,"Buscamos un Ingeniero de Sistemas Windows para trabajar dentro del equipo de Sistemas IT. Con una experiencia dilatada en entornos corporativos y que disponga tanto de conocimientos técnicos avanzados como capacidades de gestión para liderar proyectos, para formar parte de un equipo multidisciplinar y dinámico orientado al logro y con muy buen ambiente laboral.",08/04/2024,573228,,,"Imprescindibles Experiencia demostrable en entornos de administración de Sistemas Microsoft (Active Directory, Windows Servers, Scripting, Clusters, ...). Experiencia en grandes entornos corporativos. Administración de soluciones de virtualización: Vmware, Citrix, etc.",,,,,,,https://www.infojobs.net/arrasate/administrador-senior-tecnologias-microsoft/of-i100a1733cd4638b9fb0740e69b04c1,1,
2,2024-04-14 10:38:49,TÉCNICO/A PRL CALIDAD Y MMAA,Bilbao,Bizkaia,Precisamos incorporar un Técnico/a PRL Calidad y MMAA para un proyecto ubicado en varias subestaciones cercanas a Bilbao. Las funciones a desarrollar incluyen: Vigilancia de condiciones de seguridad en obra. Elaboración de informes. Impartir charlas en materia de PRL.,08/04/2024,573227,,,Grado y Master PRL. Disponibilidad Inmediata. Formación en Calidad y Medioambiente.,,,,,,,https://www.infojobs.net/bilbao/tecnico-prl-calidad-mmaa-bilbao/of-iad7e2ff9ad4b998c1e4f0b219e9c4d,1,
2,2024-04-14 10:38:49,VENDEDOR/A MUEBLES,Logroño,Rioja (La),Asesoramiento comercial para el cliente. Venta de todos nuestros artículos. Realización y seguimiento de pedidos a fábrica. Servicio telefónico postventa. Tareas administrativas de gestión,08/04/2024,573226,,,Experiencia de al menos 1 año en ventas. Conocimientos informáticos a nivel usuario medio.,,,,,,,https://www.infojobs.net/logrono/vendedor-muebles-logrono-1330-brutos-comisiones/of-i2109bf676e435a95cd51f6f545fa6c,1,
2,2024-04-14 10:38:49,CAMARERA/O DE PISO,Donostia/San Sebastián,Gipuzkoa,"Importante empresa del sector limpieza, requiere para su equipo de trabajo camarero/as de piso con experiencia minima de 6 meses para prestigioso hotel ubicado en San Sebastian, Donostia.",08/04/2024,573225,,,"Experiencia minima de 6 meses como camarero/a de pisos. Manejo de funda nordica. Limpieza de zonas comunes . Limpieza de habitaciones, baños, tendidos de cama.",,,,,,,https://www.infojobs.net/donostia-san-sebastian/camarera-piso-hotel-san-sebastian-media-jornada/of-i97b3e656b048c1a7cf4f47a094b465,10,
2,2024-04-14 10:38:49,VENDEDOR/A MUEBLES,Galdakao,Bizkaia,"Asesoramiento comercial para el cliente. Venta de todos nuestros artículos. Realización y seguimiento de pedidos a fábrica. Servicio telefónico postventa. Tareas administrativas de gestión. Apoyo en tareas de almacén (descargas, entregas etc...). Montajes de exposiciones en tienda.",08/04/2024,573224,,,Experiencia de al menos 1 año en ventas. Experiencia de al menos 1 año en alamcén y montajes de muebles. Conocimientos informáticos a nivel usuario medio.,,,,,,,https://www.infojobs.net/galdakao/vendedor-muebles-galdakano-1330-brutos-comisiones/of-ia9630a469e4294b30cff0179df8a51,1,
2,2024-04-14 10:38:49,COMERCIAL,Abanto Y Ciervana-Abanto Zierbena,Bizkaia,"El perfil seleccionado se encargará de gestionar la cartera existente, así como de la prospección de nuevos mercados, aportando a los clientes asesoramiento y soluciones a medida, trabajando para ello de la mano de la oficina técnica.",08/04/2024,573223,,,Se valorará conocimiento del entramado industrial de la zona norte.,,,,,,,https://www.infojobs.net/abanto-y-ciervana-abanto-zierbena/comercial/of-i336a21c6ce4b7593fbb1cb9a9f8273,1,
2,2024-04-14 10:38:49,RECEPCIONISTA - HOTEL,Donostia/San Sebastián,Gipuzkoa,"Organizar todas las tareas propias del departamento de Recepción con los clientes hospedados en el Hotel, desde antes de su llegada, durante su estancia y hasta la salida",08/04/2024,573222,,,"Formación Grado en Turismo, Máster en Marketing o similar. Imprescindible formación específica en calidad turística. Experiencia mínimo 2 años en atención al cliente y calidad en sector Hotelero. Idiomas inglés alto, valorable otros idiomas. Se valorarán conocimientos en ofimática, hostelería, CRM, normativa ISO.",,,,,Idiomas requeridos Inglés,,https://www.infojobs.net/san-sebastian/recepcionista-hotel-barcelo-costa-vasca/of-idb60c13cab42fcb2050c471650de50,1,
2,2024-04-14 10:38:49,TÉCNICO/A DEPILACIÓN LÁSER,Bilbao,Bizkaia,"Actualmente precisamos incorporar en una de nuestras clínicas de Bilbao, un/a técnico láser a 20 horas semanales, de Lunes a Viernes con turno rotativo de mañana o tarde. Se precisa un perfil comercial, con alta orientación al cliente y comunicativo.",08/04/2024,573221,,,Experiencia en tratamientos de depilación láser. Experiencia en atención al cliente. Perfil comercial.,,,,,,,https://www.infojobs.net/bilbao/tecnico-depilacion-laser-bilbao/of-i37b7d594eb40debe4c9f4590286286,1,
2,2024-04-14 10:38:49,ARQUITECTO/A TÉCNICO/A,Pamplona/Iruña,Navarra,SE REQUIERE ARQUITECTO TÉCNICO/ARQUITECTO PARA NUESTRA DELEGACIÓN DE PAMPLONA PARA INCORPORACIÓN INMEDIATA,08/04/2024,573220,,,,,,,,,,https://www.infojobs.net/pamplona-iruna/arquitecto-tecnico-delegacion-pamplona/of-ieb75053851486fbee84c1911d4bdb5,1,
2,2024-04-14 10:38:49,OPERARIO/A MANTENIMIENTO ELECTROMECÁNICO,Tolosa,Gipuzkoa,Empresa industrial de la zona de Tolosaldea necesita incorporar a un operario de mantenimiento electromecánico.,08/04/2024,573219,,,"Formación mínima FP grado superior especialidad mecánica, mecatrónica, electromecánica. Experiencia mínima de 3 años en labores de mantenimiento de maquinaria y equipos industriales con alto contenido tanto en mecánica como en procesos muy automatizados. Gran conocimiento y experiencia en maquinaria mecánica, electromecánica y automatización industrial.",,,,,,,https://www.infojobs.net/tolosa/operario-mantenimiento-electromecanico/of-i4652c49570406f8632fc9a4d36e3d8,1,
2,2024-04-14 10:38:49,CONSULTOR/A DE NEGOCIO,Bilbao,Bizkaia,"Trabajarás en los proyectos de consultoría más relevantes y para entidades líderes en los ámbitos de estrategia, efectividad comercial y marketing, organización y procesos, gestión y control de riesgos, información de gestión y financiera.",08/04/2024,573218,,,"Recién titulados o estudiantes de último curso de Grado en Finanzas, Administración de empresas, Economía, Ciencias Actuariales o grados en ingeniería. La acreditación de un Máster se tendrá en cuenta en las condiciones económicas. Sólida trayectoria académica. Dinamismo, madurez, responsabilidad y capacidad de trabajo. Nivel de inglés avanzado. Etc.",,,,,Idiomas requeridos Inglés,,https://www.infojobs.net/bilbao/consultor-negocio-bilbao/of-i0cc80495a0442c8289223f9b408284,1,
2,2024-04-14 10:38:49,TÉCNICO/A DE MANTENIMIENTO,Vitoria-Gasteiz,Araba/Álava,"Nos encontramos en busca de TECNICO/A DE MANTENIMIENTO, para UNA EMPRESA SITUADA EN JUNDIZ.",08/04/2024,573217,,,"Te contamos los principales requerimientos y otras habilidades de la posición: Experiencia en mantenimiento hidráulico, neumática, electrónica y mecánica. Manejo y carnet de grúa y carretilla.",,,,,,,https://www.infojobs.net/vitoria-gasteiz/tecnico-mantenimiento/of-ia14d07408b4daf88b98f7938399b7f,1,
2,2024-04-14 10:38:49,TÉCNICO/A DE PLANIFICACIÓN (POWERBI),Bilbao,Bizkaia,"Si tienes más de 2 años de experiencia trabajando con la herramienta de control y vIsualización de datos PowerBI, nos comprometemos a impulsar tu talento, satisfacer tus expectativas laborales y hacerte sentir como en casa",08/04/2024,573216,,,"Formación Académica Ingeniería Técnica / Grado en Jurídicas (ADE, Economía..) / FPII. Experiencia mínima de 2 años trabajando en proyectos de planificación. Experiencia laboral con la herramienta de Power BI. Nivel de inglés Intermedio Alto",,,,,Idiomas requeridos Inglés,,https://www.infojobs.net/bilbao/tecnico-planificacion-powerbi/of-ifb9105574a489c9083ce76f31b3550,1,
2,2024-04-14 10:38:49,ENCARGADO/A DE ALMACÉN,Hernani,Gipuzkoa,Como Encargado/a de almacén desarrollaras las siguientes funciones: Gestiona de pedidos de clientes. Realizar pedidos a proveedores. Recepcionar mercancía. Dar salida a través de albaranes a clientes. Control de Stock. Reparto.,08/04/2024,573215,,,,,,,,,,https://www.infojobs.net/hernani/encargado-almacen/of-i5460cda3d94b08a503abc60d0e6ed7,1,
2,2024-04-14 10:38:49,AYUDANTE/A DE COCINA,Bilbao,Bizkaia,"Ayudante de Cocina avanzado para ayudar con emplatados,cortar verduras ,patatas...emplatar postres...etc, persona estable seria y responsable para unirse a un equipo de trabajo solido,joven y con buen ambiente de trabajo.contrato indefinido en turno de tarde.",08/04/2024,573214,,,,,,,,,,https://www.infojobs.net/bilbao/ayudante-cocina/of-i95dc221a0f4456a3bf98404f7f5d2e,1,
2,2024-04-14 10:38:49,CONDUCTOR/A CAMIONES PESADOS,Zamudio,Bizkaia,Se necesita chofer-operario de bomba de hormigón que realizará la siguientes funciones: Manejo de camiones rígidos de 2 a 6 ejes (de 24 a 60 toneladas). Emplazamiento y manejo de la bomba en obra. Mantenimiento y limpieza de maquinaria. Colocación de tubería y medios auxiliares necesarios para realizar el trabajo. Y demás funciones que requiera el puesto de trabajo.,08/04/2024,573213,,,Carnet de conducir C. CAP. Tacografo digital. Conocimientos mecánica. Conocimientos manejo telemando digital. Manejo de Camión grua,,,,C,,,https://www.infojobs.net/zamudio/conductor-camiones-pesados/of-i2bcd3dba7c413e9e8ead306408a3bf,2,
2,2024-04-14 10:38:49,CONDUCTOR/A DE CAMIÓN,Vitoria-Gasteiz,Araba/Álava,Estamos buscando incorporar a nuestro equipo a un/a Conductor/a de camión para realizar transporte de mercancías en la zona de país Vasco.,08/04/2024,573212,,,Tener el Carnet C de conducir profesional. Poseer Tacógrafo digital y CAP vigentes. Contar con experiencia en transporte de mercancías Conocimientos de normativa de seguridad laboral y prevención de riesgos,,,,,,,https://www.infojobs.net/vitoria-gasteiz/conductor-camion/of-id62a642ed34714b39995435da4b294,3,
2,2024-04-14 10:38:49,PROYECTISTA MECÁNICO // CLIENTE FINAL,Bergara,Gipuzkoa,seleccionamos Proyectista Mecánico para incorporación directa en cliente final.,08/04/2024,573211,,,Ingeniería mecánica o experiencia asimilada. Experiencia en diseño de máquinas. Herramientas de diseño: Solid Edge y Microstation. Dominio del inglés.,,,,,Idiomas requeridos Inglés,,https://www.infojobs.net/bergara/proyectista-mecanico-cliente-final/of-i883a11ab214aa9b235acd838395830,1,
2,2024-04-14 10:38:49,BARISTA,Donostia/San Sebastián,Gipuzkoa,Buscamos baristas con talento y jefe barista apasionados por el café.,08/04/2024,573204,,,"Se precisa hombre o mujer de carácter alegre, hábil y cuidadoso, con un fuerte sentido de la responsabilidad Imprescindible buena presencia, gran capacidad de comunicación y vocación de servicio.",,,,,,,https://www.infojobs.net/donostia-san-sebastian/barista/of-i6a1cbb2beb4d5f8d37c2a1bb616078,4,
2,2024-04-14 10:38:49,RESPONSABLE DE CALIDAD PLANTA,Tafalla,Navarra,Seleccionamos para empresa dedicada al sector de la alimentación un/a Responsable de Calidad Planta para una de sus plantas situada en Tafalla (Navarra).,08/04/2024,573210,,,"Al menos 2-3 años de experiencia en un puesto técnico en un entorno de producción complejo y altamente automatizado. Grado universitario/ Licenciatura en ciencia y Tecnología de los Alimentos, Ingeniería Química, titulaciones afines. Nivel de inglés, mínimo B2. Entender los procesos y procedimientos de sistemas gestión de calidad y producción inteligente. Etc.",,,,,,,https://www.infojobs.net/tafalla/responsable-calidad-planta/of-i1ce28f64b243d5bded277f76db68d0,1,
2,2024-04-14 10:38:49,CAMARERO/A,Bilbao,Bizkaia,"Empresa familiar con más de 40 años de trayectoria, busca para su cafetería en el centro de Bilbao, un Camarero con experiencia que sepa trabajar con bandeja y en barra. Se valorará muy positivamente si dispone de licencia de conducir. Imprescindible experiencia previa de camarero",08/04/2024,573209,,,Experiencia como camarero de al menos 1 año,,,,,,,https://www.infojobs.net/bilbao/camarero/of-i7ecc34ecf64308809640d079049b8e,1,
2,2024-04-14 10:38:49,CAMARERO/A,Pamplona/Iruña,Navarra,"Estamos buscando incorporar a nuestro equipo una persona para el puesto de Camarero/a, dinamica, responsable y seria frente a su labores.",08/04/2024,573208,,,Buscamos personas con experiencia previa en el sector de la hostelería y restauración.,,,,,,,https://www.infojobs.net/pamplona-iruna/camarero/of-i5cf2c34e754cebb347eb01fb80196f,3,
2,2024-04-14 10:38:49,INTEGRACIÓN SOCIAL,Santander,Cantabria,Precisamos incorporar a una persona en el puesto de Integración Social.,08/04/2024,573207,,,,,,,,,,https://www.infojobs.net/santander/integracion-social/of-i29f61dad554a3cb5f5a7ebaa78af91,2,
2,2024-04-14 10:38:49,COMERCIAL PARA VENTA DE EQUIPOS PARA SECTOR DE LA LOGÍSTICA,Bilbao,Bizkaia,"Importante empresa con un IMPORTANTE PROYECTO PARA EXPANDIRSE A NIVEL NACIONAL, PRECISA INCORPORAR un/a comercial para realizar la venta de equipos industriales para el movimiento de cargas: apiladores, carretillas, transpaletas, retráctiles, plataformas, entre otros...",08/04/2024,573206,,,"Valorable disponer de experiencia en venta de maquinaria y venta consultiva o provenir del sector industrial. Orientación al cliente y a resultados. Proactividad y organización. Conocimiento de Office, CRM y ERP.",,,,,,,https://www.infojobs.net/bilbao/un-comercial-para-venta-equipos-para-sector-la-logistica-para-zona-norte.-imprescindible-experiencia-como-comercial-sector-industrial/of-i0ed77a250646a7a47d05eca92a53da,1,
2,2024-04-14 10:38:49,SOFTWARE DEVELOPER PL/SQL,Bilbao,Bizkaia,Desde la línea de Desarrollo buscamos incorporar a una persona con un perfil de desarrollo Oracle (Pl/sql) y experiencia en desarrollo Microsoft .NET para importante servicio en cliente del ámbito bancario.,08/04/2024,573205,,,Formación Técnica. Conocimientos y experiencia en Oracle (PL/SQL). Inquietud por la innovación y las nuevas tecnologías. Proactividad. Trabajo en equipo. Posibilidad de trabajo con ubicación híbrida.,,,,,,,https://www.infojobs.net/bilbao/software-developer-pl-sql/of-i7c885fb8944edbb0c12a19578682e7,1,
2,2024-04-14 10:38:49,DECORADOR/A CON FRANCÉS,Zarautz,Gipuzkoa,"Empresa del sector de venta de mobiliario a medida busca una persona para gestionar proyectos de sus clientes (nacionales y franceses), para atenderles, dibujar los proyectos y realizar presupuestos para sus necesidades individuales",08/04/2024,573203,,,Nivel alto de Francés. Nivel alto de Euskera. Conocimientos de interpretación de planos de edificios. Haber elaborado presupuestos a clientes es fundamental para este puesto.,,,,,Idiomas requeridos Euskera Francés,,https://www.infojobs.net/zarautz/decorador-con-frances/of-i85654404b149d8b2c4ef469a372ce0,1,
2,2024-04-14 10:38:49,FRANTSESEKO IRAKASLEA,,Gipuzkoa,"Pertsona konprometitu, dinamiko eta sortzaileen bila gabiltza haur, gazte eta helduei frantses eskolak emateko.",04/04/2024,573100,,,"Hizkuntza maila altua. Aurreko esperientzia egiaztagarria, urtebete gutxienez. Goi mailako ikasketak. Ibilgailua edukitzea baloratuko da.",,,,,,,https://lansarean.eus/eskaintza/elduaien-hizkuntza-eskola/frantseseko-irakaslea,1,
2,2024-04-14 10:38:49,ETE-N KUDEATZAILEA,,Gipuzkoa,"Minbiziaren Aurka Gipuzkoan, irabazi-asmorik gabeko erakundeak, aldi baterako ETE-en kudeatzaile bat behar du.",04/04/2024,573099,,,Unibertsitateko titulazioa. Gutxienez bi urteko esperientzia merkataritza arloan. Merkataritza-eremuetako ingurune digitalei buruzko ezagutza handiak. Euskara mintzatuaren eta idatziaren maila altua,,,,,,,https://lansarean.eus/eskaintza/aecc-gipuzkoa/ete-n-kudeatzailea,1,
2,2024-04-14 10:38:49,ELEKTRONIKA MANTENIMENDURAKO TEKNIKARIA,Usurbil,Gipuzkoa,"Enpresako instalazioa, ekipo elektronikoen eta kontrol sistemen mantenu zuzena eta prebentiboa izango da bere eginkizuna",04/04/2024,573097,,,"Beharrezkoa da Industria Elektronikako Ingeneriaritza Tekniko-ko formakuntza izatea. Automatismo, mekanika eta elektrizitatearen ezagutzak. Software ezagutzak, programazio hizkuntzak, sistema operatiboak (Unix), irrati eta kable bidezko telekomunikazioak. Informatika zaletasuna. Ezinbestekoa da autoko gida baimena edukitzea. Euskara maila ahozko komunikazioan. Eta abar.",,,,,Idiomas requeridos Euskera,,https://lansarean.eus/eskaintza/bidelan/elektronika-mantenimendurako-teknikariak-behar-ditugu,1,
2,2024-04-14 10:38:49,FISIOTERAPEUTA,Derio,Bizkaia,(Ref. 407/2024). Buscamos Fisioterapeuta para formar parte de nuestro equipo.,04/04/2024,573096,,,,,,,,,,https://empleo.egaz.eus/empleo/?idofertaempleo=20244070,1,
2,2024-04-14 10:38:49,COMERCIAL HOSTELERIA (MEDIA JORNADA),Bilbao,Bizkaia,"(Ref. 405/2024). Empresa fabricante de alimentación con sede en Bizkaia , necesita incorporar Comercial Captador para su canal de hostelería en Bilbao. Funciones: Captación de nuevos clientes en el mercado de Hostelería de Bilbao. Venta de los productos del catálogo aplicando la política comercial y las promociones en vigor. Realizar los cobros de las ventas a los clientes que lo requieran. Etc.",04/04/2024,573095,,,,,,,,,,https://empleo.egaz.eus/empleo/?idofertaempleo=20244050,1,
2,2024-04-14 10:38:49,ASISTENTE DE LIMPIEZA Y PREPARACIÓN DE CAMPERS,Derio,Bizkaia,(Ref. 404/2024). Limpiar el interior y el exterior de los vehículos respetando todas las normas de la empresa y las peticiones de los clientes. Verificar y preparar y equipar las furgonetas antes de cada reserva. Realizar inspecciones y mantener registros completos y precisos del estado del vehículo. Trasladar y aparcar las furgonetas o recoger a los clientes en el aeropuerto. Etc.,04/04/2024,573094,,,"Permiso de conducir en vigor y capacidad para conducir una furgoneta (plus). Capacidad para cumplir con las exigencias físicas del puesto, incluyendo caminar, agacharse y estar de pie durante períodos prolongados. Experiencia previa en la preparación de coches para un concesionario o rent-a-car (plus)",,,,B,,,https://empleo.egaz.eus/empleo/?idofertaempleo=20244040,2,
2,2024-04-14 10:38:49,INFORMÁTICO/A BUSINESS INTELIGENCE CONOCIMIENTOS POWER BI,Zamudio,Bizkaia,(Ref. 402/2024). Planificación de proyectos IT de la empresa. Reportar directamente a gerencia. Proyectos Web. Proyectos Microsoft Business Central. Proyectos Power BI,04/04/2024,573093,,,"Estudios mínimos Ingeniería Técnica / Técnico en Informática de Sistemas. Experiencia mínima Al menos 2 años. Conocimientos necesarios Power BI. Bases de datos, Microsoft Business Central, Python, Java",,,,,,,https://empleo.egaz.eus/empleo/?idofertaempleo=20244020,1,
2,2024-04-14 10:38:49,RECEPCIONISTA DE HOTEL,Derio,Bizkaia,"(Ref. 410/2024). El trabajo consiste en tratar con el cliente check in, check out, gestionar las reservas etc. Se dará apoyo a otros departamentos del hotel siempre que se pueda.",04/04/2024,573092,,,,,,,,,,https://empleo.egaz.eus/empleo/?idofertaempleo=20244100,1,
2,2024-04-14 10:38:49,EMPLEADO/A HOGAR (INTERNO/A),Derio,Bizkaia,"(Ref. 414/2024). Atención y cuidado de dos personas mayores en situación de dependencia: aseo e higiene personal, movilizaciones, tareas domésticas, acompañamiento.",04/04/2024,573091,,,"Persona responsable, con trato agradable y empática.",,,,,,,https://empleo.egaz.eus/empleo/?idofertaempleo=20244140,1,
